condition,moderator,moderator_level,outcome,mean,pi_lower,pi_upper
control,gender,Male,behavior_mean,45,38.958,51.042
control,gender,Male,belief_post,48,34.19,61.81
control,gender,Male,concern_mean,55.067,48.534,61.599
control,gender,Male,distrust_post,46.333,29.759,62.908
control,gender,Male,donation_ams,3.4,1.691,5.109
control,gender,Male,funding_perceptions,60.067,49.406,70.728
control,gender,Male,inst_trust_mean,46.92,41.224,52.616
control,gender,Male,newsletter_signup,0.2,-0.002,0.402
control,gender,Male,policy_general,57.333,45.146,69.521
control,gender,Male,policy_role_mean,43.2,38.754,47.646
control,gender,Male,policy_specific_mean,51.21,46.652,55.767
control,gender,Male,trust_multidimensional,51.35,48.375,54.325
control,gender,Male,trust_post,53.933,38.85,69.017
control,gender,Female,behavior_mean,49.019,44.082,53.957
control,gender,Female,belief_post,55.846,45.236,66.456
control,gender,Female,concern_mean,53.141,47.037,59.245
control,gender,Female,distrust_post,53.615,42.706,64.525
control,gender,Female,donation_ams,5.423,4.017,6.829
control,gender,Female,funding_perceptions,51.308,41.949,60.666
control,gender,Female,inst_trust_mean,47.185,42.905,51.464
control,gender,Female,newsletter_signup,0.115,-0.007,0.238
control,gender,Female,policy_general,42.577,33.611,51.543
control,gender,Female,policy_role_mean,50.471,46.415,54.528
control,gender,Female,policy_specific_mean,49.429,46.197,52.66
control,gender,Female,trust_multidimensional,50.196,47.822,52.569
control,gender,Female,trust_post,50.692,41.384,60.001
control,gender,Other,behavior_mean,49.912,44.99,54.835
control,gender,Other,belief_post,49.737,39.809,59.664
control,gender,Other,concern_mean,51.702,46.481,56.923
control,gender,Other,distrust_post,43.316,31.608,55.023
control,gender,Other,donation_ams,4.526,3.278,5.775
control,gender,Other,funding_perceptions,51.474,42.324,60.623
control,gender,Other,inst_trust_mean,44.453,38.369,50.536
control,gender,Other,newsletter_signup,0.211,0.027,0.394
control,gender,Other,policy_general,36.368,26.155,46.582
control,gender,Other,policy_role_mean,53.632,47.233,60.03
control,gender,Other,policy_specific_mean,52.398,48.405,56.392
control,gender,Other,trust_multidimensional,50.531,47.481,53.581
control,gender,Other,trust_post,51.789,39.783,63.796
Corporate reliance,gender,Male,behavior_mean,52.567,48.16,56.973
Corporate reliance,gender,Male,belief_post,46.95,33.18,60.72
Corporate reliance,gender,Male,concern_mean,56.117,48.41,63.823
Corporate reliance,gender,Male,distrust_post,39.2,26.995,51.405
Corporate reliance,gender,Male,donation_ams,4.9,3.737,6.063
Corporate reliance,gender,Male,funding_perceptions,49.1,38.42,59.78
Corporate reliance,gender,Male,inst_trust_mean,51.85,45.635,58.065
Corporate reliance,gender,Male,newsletter_signup,0.3,0.099,0.501
Corporate reliance,gender,Male,policy_general,48.1,34.45,61.75
Corporate reliance,gender,Male,policy_role_mean,52.013,46.29,57.735
Corporate reliance,gender,Male,policy_specific_mean,51.007,46.95,55.064
Corporate reliance,gender,Male,trust_multidimensional,50.346,47.526,53.165
Corporate reliance,gender,Male,trust_post,45.9,36.192,55.608
Corporate reliance,gender,Female,behavior_mean,46.884,42.668,51.1
Corporate reliance,gender,Female,belief_post,43.13,32.352,53.909
Corporate reliance,gender,Female,concern_mean,46.507,40.312,52.702
Corporate reliance,gender,Female,distrust_post,48,36.655,59.345
Corporate reliance,gender,Female,donation_ams,4.87,3.705,6.034
Corporate reliance,gender,Female,funding_perceptions,45.261,35.41,55.112
Corporate reliance,gender,Female,inst_trust_mean,51.33,47.398,55.263
Corporate reliance,gender,Female,newsletter_signup,0.348,0.153,0.542
Corporate reliance,gender,Female,policy_general,47.304,37.334,57.275
Corporate reliance,gender,Female,policy_role_mean,47.304,42.821,51.788
Corporate reliance,gender,Female,policy_specific_mean,48.77,44.565,52.975
Corporate reliance,gender,Female,trust_multidimensional,51.826,48.875,54.777
Corporate reliance,gender,Female,trust_post,47.826,36.786,58.866
Corporate reliance,gender,Other,behavior_mean,43.353,37.359,49.347
Corporate reliance,gender,Other,belief_post,50.059,32.781,67.337
Corporate reliance,gender,Other,concern_mean,54.451,46.69,62.212
Corporate reliance,gender,Other,distrust_post,50.176,36.169,64.184
Corporate reliance,gender,Other,donation_ams,5.529,3.711,7.348
Corporate reliance,gender,Other,funding_perceptions,53.412,41.656,65.167
Corporate reliance,gender,Other,inst_trust_mean,54.082,46.96,61.204
Corporate reliance,gender,Other,newsletter_signup,0.294,0.078,0.511
Corporate reliance,gender,Other,policy_general,53.235,40.374,66.096
Corporate reliance,gender,Other,policy_role_mean,50.059,43.343,56.774
Corporate reliance,gender,Other,policy_specific_mean,48.311,42.965,53.657
Corporate reliance,gender,Other,trust_multidimensional,48.539,45.347,51.732
Corporate reliance,gender,Other,trust_post,46.353,32.134,60.572
Social justice,gender,Male,behavior_mean,52.38,47.794,56.966
Social justice,gender,Male,belief_post,56.944,43.667,70.222
Social justice,gender,Male,concern_mean,48.278,41.327,55.228
Social justice,gender,Male,distrust_post,49,37.255,60.745
Social justice,gender,Male,donation_ams,5.5,4.162,6.838
Social justice,gender,Male,funding_perceptions,56.167,45.767,66.566
Social justice,gender,Male,inst_trust_mean,47.222,41.272,53.173
Social justice,gender,Male,newsletter_signup,0.278,0.071,0.485
Social justice,gender,Male,policy_general,55.5,43.988,67.012
Social justice,gender,Male,policy_role_mean,48.986,43.4,54.572
Social justice,gender,Male,policy_specific_mean,50.349,46.596,54.103
Social justice,gender,Male,trust_multidimensional,50.708,47.301,54.116
Social justice,gender,Male,trust_post,44.278,31.965,56.59
Social justice,gender,Female,behavior_mean,50.507,45.346,55.668
Social justice,gender,Female,belief_post,46.375,32.99,59.76
Social justice,gender,Female,concern_mean,47.611,42.374,52.848
Social justice,gender,Female,distrust_post,51.25,42.923,59.577
Social justice,gender,Female,donation_ams,4.792,3.452,6.132
Social justice,gender,Female,funding_perceptions,51.458,43.459,59.457
Social justice,gender,Female,inst_trust_mean,51.833,47.332,56.335
Social justice,gender,Female,newsletter_signup,0.208,0.046,0.371
Social justice,gender,Female,policy_general,57.125,46.608,67.642
Social justice,gender,Female,policy_role_mean,47.479,42.655,52.303
Social justice,gender,Female,policy_specific_mean,48.488,44.712,52.264
Social justice,gender,Female,trust_multidimensional,53.271,50.158,56.384
Social justice,gender,Female,trust_post,56.375,44.955,67.795
Social justice,gender,Other,behavior_mean,47.194,42.623,51.766
Social justice,gender,Other,belief_post,46.667,36.233,57.101
Social justice,gender,Other,concern_mean,51.963,46.456,57.47
Social justice,gender,Other,distrust_post,52.889,39.807,65.971
Social justice,gender,Other,donation_ams,3.833,2.553,5.113
Social justice,gender,Other,funding_perceptions,33.833,20.615,47.051
Social justice,gender,Other,inst_trust_mean,48.2,43.225,53.175
Social justice,gender,Other,newsletter_signup,0.111,-0.034,0.256
Social justice,gender,Other,policy_general,44.889,31.931,57.846
Social justice,gender,Other,policy_role_mean,50.611,43.934,57.289
Social justice,gender,Other,policy_specific_mean,50.198,46.261,54.136
Social justice,gender,Other,trust_multidimensional,51.694,48.731,54.658
Social justice,gender,Other,trust_post,51.389,36.017,66.761
Interview Prof. Maraun,gender,Male,behavior_mean,51.841,47.125,56.556
Interview Prof. Maraun,gender,Male,belief_post,48.565,37.003,60.127
Interview Prof. Maraun,gender,Male,concern_mean,49.681,43.548,55.814
Interview Prof. Maraun,gender,Male,distrust_post,53.304,42.379,64.229
Interview Prof. Maraun,gender,Male,donation_ams,4.565,3.316,5.815
Interview Prof. Maraun,gender,Male,funding_perceptions,53.13,42.791,63.47
Interview Prof. Maraun,gender,Male,inst_trust_mean,50.409,45.726,55.091
Interview Prof. Maraun,gender,Male,newsletter_signup,0.348,0.153,0.542
Interview Prof. Maraun,gender,Male,policy_general,50.217,38.581,61.854
Interview Prof. Maraun,gender,Male,policy_role_mean,49.772,45.587,53.957
Interview Prof. Maraun,gender,Male,policy_specific_mean,52.683,48.178,57.189
Interview Prof. Maraun,gender,Male,trust_multidimensional,50.098,46.976,53.22
Interview Prof. Maraun,gender,Male,trust_post,47.348,35.184,59.511
Interview Prof. Maraun,gender,Female,behavior_mean,48.591,44.048,53.134
Interview Prof. Maraun,gender,Female,belief_post,52.909,43.105,62.713
Interview Prof. Maraun,gender,Female,concern_mean,50.439,44.112,56.767
Interview Prof. Maraun,gender,Female,distrust_post,54.955,41.726,68.183
Interview Prof. Maraun,gender,Female,donation_ams,4.864,3.461,6.266
Interview Prof. Maraun,gender,Female,funding_perceptions,45.364,33.052,57.675
Interview Prof. Maraun,gender,Female,inst_trust_mean,52.127,46.484,57.771
Interview Prof. Maraun,gender,Female,newsletter_signup,0.045,-0.042,0.132
Interview Prof. Maraun,gender,Female,policy_general,52,40.03,63.97
Interview Prof. Maraun,gender,Female,policy_role_mean,48.818,44.336,53.3
Interview Prof. Maraun,gender,Female,policy_specific_mean,50.61,47.556,53.665
Interview Prof. Maraun,gender,Female,trust_multidimensional,51.254,48.114,54.393
Interview Prof. Maraun,gender,Female,trust_post,48.409,37.552,59.267
Interview Prof. Maraun,gender,Other,behavior_mean,54.178,49.214,59.142
Interview Prof. Maraun,gender,Other,belief_post,55.067,41.995,68.139
Interview Prof. Maraun,gender,Other,concern_mean,48.422,41.644,55.2
Interview Prof. Maraun,gender,Other,distrust_post,42.467,31.531,53.403
Interview Prof. Maraun,gender,Other,donation_ams,6.067,4.427,7.706
Interview Prof. Maraun,gender,Other,funding_perceptions,53.933,38.108,69.759
Interview Prof. Maraun,gender,Other,inst_trust_mean,56.68,51.597,61.763
Interview Prof. Maraun,gender,Other,newsletter_signup,0.067,-0.06,0.193
Interview Prof. Maraun,gender,Other,policy_general,49.467,35.646,63.287
Interview Prof. Maraun,gender,Other,policy_role_mean,54.45,47.129,61.771
Interview Prof. Maraun,gender,Other,policy_specific_mean,44.59,40.38,48.801
Interview Prof. Maraun,gender,Other,trust_multidimensional,50.244,47.211,53.278
Interview Prof. Maraun,gender,Other,trust_post,46.067,34.287,57.846
Funding,gender,Male,behavior_mean,49.877,45.481,54.272
Funding,gender,Male,belief_post,50.174,39.563,60.785
Funding,gender,Male,concern_mean,49.652,44.027,55.278
Funding,gender,Male,distrust_post,51.348,41.229,61.466
Funding,gender,Male,donation_ams,5.565,4.188,6.942
Funding,gender,Male,funding_perceptions,56.304,43.287,69.322
Funding,gender,Male,inst_trust_mean,48.696,43.543,53.849
Funding,gender,Male,newsletter_signup,0.174,0.019,0.329
Funding,gender,Male,policy_general,55.609,41.978,69.239
Funding,gender,Male,policy_role_mean,52.554,48.249,56.859
Funding,gender,Male,policy_specific_mean,49.404,45.093,53.714
Funding,gender,Male,trust_multidimensional,53.333,50.675,55.992
Funding,gender,Male,trust_post,54.391,41.973,66.81
Funding,gender,Female,behavior_mean,49.617,46.129,53.105
Funding,gender,Female,belief_post,56.05,43.406,68.694
Funding,gender,Female,concern_mean,53.883,46.843,60.924
Funding,gender,Female,distrust_post,61.85,50.257,73.443
Funding,gender,Female,donation_ams,5.1,3.658,6.542
Funding,gender,Female,funding_perceptions,55,45.538,64.462
Funding,gender,Female,inst_trust_mean,47.12,41.676,52.564
Funding,gender,Female,newsletter_signup,0.15,-0.006,0.306
Funding,gender,Female,policy_general,43.6,31.862,55.338
Funding,gender,Female,policy_role_mean,47.788,41.813,53.762
Funding,gender,Female,policy_specific_mean,54.271,50.551,57.992
Funding,gender,Female,trust_multidimensional,50.733,47.254,54.213
Funding,gender,Female,trust_post,42.2,29.942,54.458
Funding,gender,Other,behavior_mean,51.225,47.455,54.995
Funding,gender,Other,belief_post,57.059,44.116,70.002
Funding,gender,Other,concern_mean,42.51,36.808,48.211
Funding,gender,Other,distrust_post,47.824,39.181,56.466
Funding,gender,Other,donation_ams,5.412,3.657,7.167
Funding,gender,Other,funding_perceptions,45.706,34.285,57.127
Funding,gender,Other,inst_trust_mean,49.824,44.059,55.588
Funding,gender,Other,newsletter_signup,0.294,0.078,0.511
Funding,gender,Other,policy_general,43.471,32.083,54.859
Funding,gender,Other,policy_role_mean,51.279,43.294,59.265
Funding,gender,Other,policy_specific_mean,48.941,44.733,53.15
Funding,gender,Other,trust_multidimensional,52.098,47.045,57.151
Funding,gender,Other,trust_post,47.529,35.074,59.985
Oil industry misinformation,gender,Male,behavior_mean,50.592,45.563,55.62
Oil industry misinformation,gender,Male,belief_post,44.25,31.868,56.632
Oil industry misinformation,gender,Male,concern_mean,49.05,42.142,55.958
Oil industry misinformation,gender,Male,distrust_post,55,44.651,65.349
Oil industry misinformation,gender,Male,donation_ams,4.9,3.356,6.444
Oil industry misinformation,gender,Male,funding_perceptions,43.1,31.294,54.906
Oil industry misinformation,gender,Male,inst_trust_mean,45.93,41.945,49.915
Oil industry misinformation,gender,Male,newsletter_signup,0.2,0.025,0.375
Oil industry misinformation,gender,Male,policy_general,47.2,33.635,60.765
Oil industry misinformation,gender,Male,policy_role_mean,47.15,41.336,52.964
Oil industry misinformation,gender,Male,policy_specific_mean,53.5,50.096,56.904
Oil industry misinformation,gender,Male,trust_multidimensional,46.404,43.294,49.515
Oil industry misinformation,gender,Male,trust_post,51.05,40.015,62.085
Oil industry misinformation,gender,Female,behavior_mean,47.222,42.366,52.078
Oil industry misinformation,gender,Female,belief_post,40,25.531,54.469
Oil industry misinformation,gender,Female,concern_mean,53.644,45.64,61.649
Oil industry misinformation,gender,Female,distrust_post,54.267,38.363,70.171
Oil industry misinformation,gender,Female,donation_ams,5.067,3.579,6.554
Oil industry misinformation,gender,Female,funding_perceptions,52.8,39.061,66.539
Oil industry misinformation,gender,Female,inst_trust_mean,46.987,43.273,50.7
Oil industry misinformation,gender,Female,newsletter_signup,0.2,-0.002,0.402
Oil industry misinformation,gender,Female,policy_general,50.6,35.155,66.045
Oil industry misinformation,gender,Female,policy_role_mean,44.667,38.127,51.206
Oil industry misinformation,gender,Female,policy_specific_mean,46.181,40.077,52.285
Oil industry misinformation,gender,Female,trust_multidimensional,48.739,45.969,51.509
Oil industry misinformation,gender,Female,trust_post,52.933,42.851,63.016
Oil industry misinformation,gender,Other,behavior_mean,46.773,43.497,50.05
Oil industry misinformation,gender,Other,belief_post,54.48,42.627,66.333
Oil industry misinformation,gender,Other,concern_mean,49.467,43.098,55.835
Oil industry misinformation,gender,Other,distrust_post,60.72,50.682,70.758
Oil industry misinformation,gender,Other,donation_ams,4,2.982,5.018
Oil industry misinformation,gender,Other,funding_perceptions,52.76,43.947,61.573
Oil industry misinformation,gender,Other,inst_trust_mean,47.232,41.778,52.686
Oil industry misinformation,gender,Other,newsletter_signup,0.08,-0.026,0.186
Oil industry misinformation,gender,Other,policy_general,48.92,38.756,59.084
Oil industry misinformation,gender,Other,policy_role_mean,49.62,44.82,54.42
Oil industry misinformation,gender,Other,policy_specific_mean,49.851,46.418,53.285
Oil industry misinformation,gender,Other,trust_multidimensional,48.917,45.848,51.985
Oil industry misinformation,gender,Other,trust_post,45.28,34.923,55.637
Measurement & modeling (1),gender,Male,behavior_mean,46.422,42.275,50.57
Measurement & modeling (1),gender,Male,belief_post,53.533,45.094,61.973
Measurement & modeling (1),gender,Male,concern_mean,50.778,44.201,57.354
Measurement & modeling (1),gender,Male,distrust_post,50.333,35.381,65.286
Measurement & modeling (1),gender,Male,donation_ams,7.667,6.36,8.973
Measurement & modeling (1),gender,Male,funding_perceptions,54.6,41.954,67.246
Measurement & modeling (1),gender,Male,inst_trust_mean,47.2,41.79,52.61
Measurement & modeling (1),gender,Male,newsletter_signup,0.333,0.095,0.572
Measurement & modeling (1),gender,Male,policy_general,54.733,40.733,68.734
Measurement & modeling (1),gender,Male,policy_role_mean,46.367,38.937,53.796
Measurement & modeling (1),gender,Male,policy_specific_mean,50.676,46.434,54.919
Measurement & modeling (1),gender,Male,trust_multidimensional,46.394,43.516,49.273
Measurement & modeling (1),gender,Male,trust_post,46.333,34.337,58.33
Measurement & modeling (1),gender,Female,behavior_mean,47.905,44.222,51.588
Measurement & modeling (1),gender,Female,belief_post,46.607,40.017,53.197
Measurement & modeling (1),gender,Female,concern_mean,50.595,45.639,55.551
Measurement & modeling (1),gender,Female,distrust_post,47.893,39.173,56.613
Measurement & modeling (1),gender,Female,donation_ams,5.357,4.198,6.516
Measurement & modeling (1),gender,Female,funding_perceptions,40.857,30.712,51.002
Measurement & modeling (1),gender,Female,inst_trust_mean,52.271,48.146,56.397
Measurement & modeling (1),gender,Female,newsletter_signup,0.321,0.148,0.494
Measurement & modeling (1),gender,Female,policy_general,50.964,40.241,61.688
Measurement & modeling (1),gender,Female,policy_role_mean,50.536,44.821,56.25
Measurement & modeling (1),gender,Female,policy_specific_mean,52.066,47.653,56.479
Measurement & modeling (1),gender,Female,trust_multidimensional,48.604,45.781,51.428
Measurement & modeling (1),gender,Female,trust_post,45,34.133,55.867
Measurement & modeling (1),gender,Other,behavior_mean,48.706,44.167,53.244
Measurement & modeling (1),gender,Other,belief_post,49.765,37.35,62.18
Measurement & modeling (1),gender,Other,concern_mean,45.451,37.855,53.047
Measurement & modeling (1),gender,Other,distrust_post,57.647,46.738,68.556
Measurement & modeling (1),gender,Other,donation_ams,5.529,3.97,7.089
Measurement & modeling (1),gender,Other,funding_perceptions,48.471,35.753,61.189
Measurement & modeling (1),gender,Other,inst_trust_mean,46.976,40.23,53.723
Measurement & modeling (1),gender,Other,newsletter_signup,0.176,-0.005,0.358
Measurement & modeling (1),gender,Other,policy_general,49,37.765,60.235
Measurement & modeling (1),gender,Other,policy_role_mean,46.912,39.665,54.159
Measurement & modeling (1),gender,Other,policy_specific_mean,51.622,47.073,56.171
Measurement & modeling (1),gender,Other,trust_multidimensional,50.299,46.25,54.348
Measurement & modeling (1),gender,Other,trust_post,51.294,36.894,65.694
Former skeptics,gender,Male,behavior_mean,48.938,43.95,53.925
Former skeptics,gender,Male,belief_post,52.833,43.274,62.393
Former skeptics,gender,Male,concern_mean,46.958,41.316,52.601
Former skeptics,gender,Male,distrust_post,51.375,41.385,61.365
Former skeptics,gender,Male,donation_ams,4.958,3.492,6.425
Former skeptics,gender,Male,funding_perceptions,41,30.44,51.56
Former skeptics,gender,Male,inst_trust_mean,51.558,46.646,56.471
Former skeptics,gender,Male,newsletter_signup,0.333,0.145,0.522
Former skeptics,gender,Male,policy_general,49,38.61,59.39
Former skeptics,gender,Male,policy_role_mean,48.292,43.679,52.904
Former skeptics,gender,Male,policy_specific_mean,48.31,45.422,51.197
Former skeptics,gender,Male,trust_multidimensional,49.497,47.258,51.735
Former skeptics,gender,Male,trust_post,56.458,47.37,65.546
Former skeptics,gender,Female,behavior_mean,51.395,47.652,55.137
Former skeptics,gender,Female,belief_post,39.211,29.806,48.615
Former skeptics,gender,Female,concern_mean,47.105,40.383,53.827
Former skeptics,gender,Female,distrust_post,46.263,34.478,58.049
Former skeptics,gender,Female,donation_ams,5.211,3.592,6.829
Former skeptics,gender,Female,funding_perceptions,46.316,35.099,57.532
Former skeptics,gender,Female,inst_trust_mean,50.705,44.797,56.614
Former skeptics,gender,Female,newsletter_signup,0.211,0.027,0.394
Former skeptics,gender,Female,policy_general,63.263,50.141,76.385
Former skeptics,gender,Female,policy_role_mean,51.987,45.95,58.024
Former skeptics,gender,Female,policy_specific_mean,47.797,43.283,52.311
Former skeptics,gender,Female,trust_multidimensional,48.61,44.915,52.305
Former skeptics,gender,Female,trust_post,47.684,34.172,61.196
Former skeptics,gender,Other,behavior_mean,50.382,44.468,56.297
Former skeptics,gender,Other,belief_post,56.176,41.324,71.029
Former skeptics,gender,Other,concern_mean,51.588,43.339,59.838
Former skeptics,gender,Other,distrust_post,44.941,30.898,58.984
Former skeptics,gender,Other,donation_ams,5.647,4.357,6.937
Former skeptics,gender,Other,funding_perceptions,47.235,31.66,62.811
Former skeptics,gender,Other,inst_trust_mean,50.682,46.119,55.246
Former skeptics,gender,Other,newsletter_signup,0.118,-0.036,0.271
Former skeptics,gender,Other,policy_general,45.412,31.842,58.982
Former skeptics,gender,Other,policy_role_mean,46.618,40.465,52.77
Former skeptics,gender,Other,policy_specific_mean,51.697,46.924,56.471
Former skeptics,gender,Other,trust_multidimensional,50.044,46.361,53.727
Former skeptics,gender,Other,trust_post,54.588,42.085,67.091
High public trust,gender,Male,behavior_mean,47.042,42.626,51.457
High public trust,gender,Male,belief_post,54.35,44.972,63.728
High public trust,gender,Male,concern_mean,57.05,49.403,64.697
High public trust,gender,Male,distrust_post,42,29.443,54.557
High public trust,gender,Male,donation_ams,4.6,3.486,5.714
High public trust,gender,Male,funding_perceptions,45.95,36.493,55.407
High public trust,gender,Male,inst_trust_mean,49.18,43.829,54.531
High public trust,gender,Male,newsletter_signup,0.15,-0.006,0.306
High public trust,gender,Male,policy_general,57.9,45.596,70.204
High public trust,gender,Male,policy_role_mean,48.35,41.977,54.723
High public trust,gender,Male,policy_specific_mean,49.679,46.081,53.276
High public trust,gender,Male,trust_multidimensional,47.525,44.405,50.645
High public trust,gender,Male,trust_post,45.45,33.409,57.491
High public trust,gender,Female,behavior_mean,48.986,41.396,56.576
High public trust,gender,Female,belief_post,57.583,46.758,68.409
High public trust,gender,Female,concern_mean,44.167,35.728,52.606
High public trust,gender,Female,distrust_post,57.667,45.056,70.278
High public trust,gender,Female,donation_ams,5.25,3.647,6.853
High public trust,gender,Female,funding_perceptions,48.5,32.398,64.602
High public trust,gender,Female,inst_trust_mean,46.4,40.031,52.769
High public trust,gender,Female,newsletter_signup,0.25,0.005,0.495
High public trust,gender,Female,policy_general,53.167,35.738,70.596
High public trust,gender,Female,policy_role_mean,51.479,42.321,60.638
High public trust,gender,Female,policy_specific_mean,48.964,43.275,54.653
High public trust,gender,Female,trust_multidimensional,47.153,42.134,52.172
High public trust,gender,Female,trust_post,58.75,43.354,74.146
High public trust,gender,Other,behavior_mean,50.339,46.27,54.408
High public trust,gender,Other,belief_post,56.857,47.042,66.672
High public trust,gender,Other,concern_mean,52.321,46.852,57.791
High public trust,gender,Other,distrust_post,58.357,49.392,67.322
High public trust,gender,Other,donation_ams,4.964,3.765,6.163
High public trust,gender,Other,funding_perceptions,53.429,42.881,63.976
High public trust,gender,Other,inst_trust_mean,54.071,49.569,58.573
High public trust,gender,Other,newsletter_signup,0.393,0.212,0.574
High public trust,gender,Other,policy_general,52.464,43.465,61.463
High public trust,gender,Other,policy_role_mean,47.241,42.834,51.648
High public trust,gender,Other,policy_specific_mean,53.724,50.108,57.341
High public trust,gender,Other,trust_multidimensional,51.652,48.667,54.637
High public trust,gender,Other,trust_post,55.25,46.461,64.039
Measurement & modeling (2),gender,Male,behavior_mean,51.198,46.533,55.864
Measurement & modeling (2),gender,Male,belief_post,54.095,43.043,65.148
Measurement & modeling (2),gender,Male,concern_mean,49.175,42.69,55.659
Measurement & modeling (2),gender,Male,distrust_post,46.286,36.11,56.461
Measurement & modeling (2),gender,Male,donation_ams,4.143,3.075,5.21
Measurement & modeling (2),gender,Male,funding_perceptions,53.381,41.41,65.352
Measurement & modeling (2),gender,Male,inst_trust_mean,53.59,48.633,58.548
Measurement & modeling (2),gender,Male,newsletter_signup,0.143,-0.007,0.293
Measurement & modeling (2),gender,Male,policy_general,59.571,49.233,69.91
Measurement & modeling (2),gender,Male,policy_role_mean,50.833,46.154,55.512
Measurement & modeling (2),gender,Male,policy_specific_mean,51.122,47.679,54.566
Measurement & modeling (2),gender,Male,trust_multidimensional,50.179,46.812,53.545
Measurement & modeling (2),gender,Male,trust_post,58.905,47.109,70.7
Measurement & modeling (2),gender,Female,behavior_mean,50.667,44.932,56.401
Measurement & modeling (2),gender,Female,belief_post,39.556,27.672,51.439
Measurement & modeling (2),gender,Female,concern_mean,48.259,42.098,54.42
Measurement & modeling (2),gender,Female,distrust_post,51.556,39.161,63.95
Measurement & modeling (2),gender,Female,donation_ams,5.778,4.142,7.413
Measurement & modeling (2),gender,Female,funding_perceptions,50.111,37.896,62.327
Measurement & modeling (2),gender,Female,inst_trust_mean,54.244,47.571,60.918
Measurement & modeling (2),gender,Female,newsletter_signup,0.389,0.164,0.614
Measurement & modeling (2),gender,Female,policy_general,48.444,37.385,59.504
Measurement & modeling (2),gender,Female,policy_role_mean,49.694,41.978,57.411
Measurement & modeling (2),gender,Female,policy_specific_mean,49.222,43.631,54.813
Measurement & modeling (2),gender,Female,trust_multidimensional,50.037,46.707,53.367
Measurement & modeling (2),gender,Female,trust_post,54.889,38.702,71.075
Measurement & modeling (2),gender,Other,behavior_mean,51.532,46.573,56.49
Measurement & modeling (2),gender,Other,belief_post,51.476,40.679,62.273
Measurement & modeling (2),gender,Other,concern_mean,45.905,39.902,51.907
Measurement & modeling (2),gender,Other,distrust_post,56.048,46.239,65.856
Measurement & modeling (2),gender,Other,donation_ams,5.095,3.633,6.558
Measurement & modeling (2),gender,Other,funding_perceptions,46.095,33.642,58.548
Measurement & modeling (2),gender,Other,inst_trust_mean,52.705,46.817,58.592
Measurement & modeling (2),gender,Other,newsletter_signup,0.095,-0.03,0.221
Measurement & modeling (2),gender,Other,policy_general,47.286,38.788,55.783
Measurement & modeling (2),gender,Other,policy_role_mean,49.071,41.328,56.815
Measurement & modeling (2),gender,Other,policy_specific_mean,50.646,44.746,56.546
Measurement & modeling (2),gender,Other,trust_multidimensional,48.27,45.148,51.391
Measurement & modeling (2),gender,Other,trust_post,54.143,40.902,67.383
Peer-review,gender,Male,behavior_mean,51.618,45.982,57.254
Peer-review,gender,Male,belief_post,42.824,29.207,56.44
Peer-review,gender,Male,concern_mean,46.176,38.508,53.845
Peer-review,gender,Male,distrust_post,53.529,42.206,64.853
Peer-review,gender,Male,donation_ams,4.176,2.511,5.842
Peer-review,gender,Male,funding_perceptions,55.824,44.814,66.833
Peer-review,gender,Male,inst_trust_mean,46.918,42.106,51.73
Peer-review,gender,Male,newsletter_signup,0.294,0.078,0.511
Peer-review,gender,Male,policy_general,35.118,23.986,46.249
Peer-review,gender,Male,policy_role_mean,47,40.81,53.19
Peer-review,gender,Male,policy_specific_mean,48.261,43.246,53.275
Peer-review,gender,Male,trust_multidimensional,48.912,45.878,51.946
Peer-review,gender,Male,trust_post,38,23.924,52.076
Peer-review,gender,Female,behavior_mean,50.542,46.628,54.455
Peer-review,gender,Female,belief_post,57.062,44.895,69.23
Peer-review,gender,Female,concern_mean,47.271,37.645,56.896
Peer-review,gender,Female,distrust_post,51.812,39.294,64.331
Peer-review,gender,Female,donation_ams,4.562,2.627,6.498
Peer-review,gender,Female,funding_perceptions,47.188,33.634,60.741
Peer-review,gender,Female,inst_trust_mean,49.513,43.866,55.159
Peer-review,gender,Female,newsletter_signup,0.312,0.085,0.54
Peer-review,gender,Female,policy_general,52.875,42.564,63.186
Peer-review,gender,Female,policy_role_mean,51.953,47.823,56.084
Peer-review,gender,Female,policy_specific_mean,51.777,46.08,57.474
Peer-review,gender,Female,trust_multidimensional,52.203,48.608,55.798
Peer-review,gender,Female,trust_post,49.25,38.505,59.995
Peer-review,gender,Other,behavior_mean,47.883,43.167,52.598
Peer-review,gender,Other,belief_post,51.37,41.423,61.317
Peer-review,gender,Other,concern_mean,45.469,38.473,52.465
Peer-review,gender,Other,distrust_post,41.593,31.169,52.016
Peer-review,gender,Other,donation_ams,5.296,3.905,6.687
Peer-review,gender,Other,funding_perceptions,41.741,31.861,51.621
Peer-review,gender,Other,inst_trust_mean,50.356,47.038,53.674
Peer-review,gender,Other,newsletter_signup,0.148,0.014,0.282
Peer-review,gender,Other,policy_general,48.296,38.865,57.728
Peer-review,gender,Other,policy_role_mean,47.056,41.742,52.369
Peer-review,gender,Other,policy_specific_mean,45.937,42.126,49.747
Peer-review,gender,Other,trust_multidimensional,51.108,48.863,53.353
Peer-review,gender,Other,trust_post,50.63,41.326,59.933
Scientist community helpers,gender,Male,behavior_mean,55.241,52.144,58.337
Scientist community helpers,gender,Male,belief_post,46.722,37.155,56.29
Scientist community helpers,gender,Male,concern_mean,44.889,37.698,52.08
Scientist community helpers,gender,Male,distrust_post,51.556,42.829,60.283
Scientist community helpers,gender,Male,donation_ams,5.944,4.497,7.392
Scientist community helpers,gender,Male,funding_perceptions,38.167,25.042,51.291
Scientist community helpers,gender,Male,inst_trust_mean,46.356,40.603,52.108
Scientist community helpers,gender,Male,newsletter_signup,0.167,-0.006,0.339
Scientist community helpers,gender,Male,policy_general,44.389,34.51,54.268
Scientist community helpers,gender,Male,policy_role_mean,49.75,44.917,54.583
Scientist community helpers,gender,Male,policy_specific_mean,49.143,43.839,54.447
Scientist community helpers,gender,Male,trust_multidimensional,48.75,44.857,52.643
Scientist community helpers,gender,Male,trust_post,58.778,45.65,71.905
Scientist community helpers,gender,Female,behavior_mean,52.533,48.687,56.38
Scientist community helpers,gender,Female,belief_post,43.5,30.502,56.498
Scientist community helpers,gender,Female,concern_mean,46.833,39.571,54.096
Scientist community helpers,gender,Female,distrust_post,45.1,34.662,55.538
Scientist community helpers,gender,Female,donation_ams,4.5,3.005,5.995
Scientist community helpers,gender,Female,funding_perceptions,54.55,45.049,64.051
Scientist community helpers,gender,Female,inst_trust_mean,47.89,43.488,52.292
Scientist community helpers,gender,Female,newsletter_signup,0.2,0.025,0.375
Scientist community helpers,gender,Female,policy_general,44.55,33.201,55.899
Scientist community helpers,gender,Female,policy_role_mean,53.35,47.65,59.05
Scientist community helpers,gender,Female,policy_specific_mean,47.529,42.689,52.368
Scientist community helpers,gender,Female,trust_multidimensional,50.558,46.339,54.777
Scientist community helpers,gender,Female,trust_post,51.95,42.524,61.376
Scientist community helpers,gender,Other,behavior_mean,47.871,43.35,52.393
Scientist community helpers,gender,Other,belief_post,48.5,35.947,61.053
Scientist community helpers,gender,Other,concern_mean,49.47,43.104,55.836
Scientist community helpers,gender,Other,distrust_post,52.182,39.538,64.826
Scientist community helpers,gender,Other,donation_ams,5.409,4.01,6.808
Scientist community helpers,gender,Other,funding_perceptions,60.909,48.911,72.907
Scientist community helpers,gender,Other,inst_trust_mean,53.982,49.399,58.565
Scientist community helpers,gender,Other,newsletter_signup,0.227,0.052,0.402
Scientist community helpers,gender,Other,policy_general,59.773,48.727,70.819
Scientist community helpers,gender,Other,policy_role_mean,49.523,42.203,56.843
Scientist community helpers,gender,Other,policy_specific_mean,52.143,48.301,55.985
Scientist community helpers,gender,Other,trust_multidimensional,50.466,46.208,54.724
Scientist community helpers,gender,Other,trust_post,51.636,41.444,61.829
Consensus,gender,Male,behavior_mean,49.968,44.045,55.892
Consensus,gender,Male,belief_post,51.619,42.312,60.926
Consensus,gender,Male,concern_mean,54.619,50.066,59.172
Consensus,gender,Male,distrust_post,39.429,29.7,49.157
Consensus,gender,Male,donation_ams,5.619,4.429,6.81
Consensus,gender,Male,funding_perceptions,51.81,40.06,63.559
Consensus,gender,Male,inst_trust_mean,49.981,44.791,55.171
Consensus,gender,Male,newsletter_signup,0.19,0.023,0.358
Consensus,gender,Male,policy_general,53.857,42.269,65.445
Consensus,gender,Male,policy_role_mean,52.298,46.322,58.274
Consensus,gender,Male,policy_specific_mean,52.293,47.645,56.94
Consensus,gender,Male,trust_multidimensional,53.488,50.309,56.668
Consensus,gender,Male,trust_post,49.81,42.073,57.546
Consensus,gender,Female,behavior_mean,53.28,48.549,58.011
Consensus,gender,Female,belief_post,53.318,42.201,64.436
Consensus,gender,Female,concern_mean,45.182,38.94,51.423
Consensus,gender,Female,distrust_post,45.227,34.515,55.939
Consensus,gender,Female,donation_ams,5,3.736,6.264
Consensus,gender,Female,funding_perceptions,40.773,31.144,50.401
Consensus,gender,Female,inst_trust_mean,46.755,43.282,50.227
Consensus,gender,Female,newsletter_signup,0.227,0.052,0.402
Consensus,gender,Female,policy_general,37.955,28.053,47.856
Consensus,gender,Female,policy_role_mean,46.568,41.58,51.556
Consensus,gender,Female,policy_specific_mean,49.851,46.454,53.247
Consensus,gender,Female,trust_multidimensional,49.508,45.948,53.067
Consensus,gender,Female,trust_post,48.545,37.896,59.195
Consensus,gender,Other,behavior_mean,49.01,45.576,52.444
Consensus,gender,Other,belief_post,60.471,52.089,68.852
Consensus,gender,Other,concern_mean,43.49,35.403,51.578
Consensus,gender,Other,distrust_post,49.647,35.941,63.354
Consensus,gender,Other,donation_ams,4.706,3.302,6.11
Consensus,gender,Other,funding_perceptions,39.824,27.628,52.019
Consensus,gender,Other,inst_trust_mean,52.765,44.888,60.642
Consensus,gender,Other,newsletter_signup,0.235,0.034,0.437
Consensus,gender,Other,policy_general,48.412,34.785,62.039
Consensus,gender,Other,policy_role_mean,43.971,37.329,50.612
Consensus,gender,Other,policy_specific_mean,51.983,48.682,55.284
Consensus,gender,Other,trust_multidimensional,52.995,49.242,56.749
Consensus,gender,Other,trust_post,59.412,45.29,73.534
Portrait Prof. Cherry,gender,Male,behavior_mean,48.825,44.488,53.161
Portrait Prof. Cherry,gender,Male,belief_post,50.421,40.392,60.45
Portrait Prof. Cherry,gender,Male,concern_mean,48.491,42.052,54.931
Portrait Prof. Cherry,gender,Male,distrust_post,48.684,38.03,59.339
Portrait Prof. Cherry,gender,Male,donation_ams,5.158,3.542,6.774
Portrait Prof. Cherry,gender,Male,funding_perceptions,53.579,44.905,62.253
Portrait Prof. Cherry,gender,Male,inst_trust_mean,50.158,43.932,56.384
Portrait Prof. Cherry,gender,Male,newsletter_signup,0.263,0.065,0.461
Portrait Prof. Cherry,gender,Male,policy_general,52.053,39.592,64.513
Portrait Prof. Cherry,gender,Male,policy_role_mean,49.921,43.451,56.391
Portrait Prof. Cherry,gender,Male,policy_specific_mean,51.865,46.653,57.077
Portrait Prof. Cherry,gender,Male,trust_multidimensional,49.474,45.881,53.067
Portrait Prof. Cherry,gender,Male,trust_post,46.368,35.795,56.942
Portrait Prof. Cherry,gender,Female,behavior_mean,47.812,42.786,52.839
Portrait Prof. Cherry,gender,Female,belief_post,54.312,42.039,66.586
Portrait Prof. Cherry,gender,Female,concern_mean,54.979,49.258,60.7
Portrait Prof. Cherry,gender,Female,distrust_post,43.125,31.926,54.324
Portrait Prof. Cherry,gender,Female,donation_ams,5.562,4.098,7.027
Portrait Prof. Cherry,gender,Female,funding_perceptions,39.25,28.574,49.926
Portrait Prof. Cherry,gender,Female,inst_trust_mean,48.075,41.51,54.64
Portrait Prof. Cherry,gender,Female,newsletter_signup,0.125,-0.037,0.287
Portrait Prof. Cherry,gender,Female,policy_general,45,31.578,58.422
Portrait Prof. Cherry,gender,Female,policy_role_mean,46.844,40.658,53.029
Portrait Prof. Cherry,gender,Female,policy_specific_mean,50.938,46.513,55.362
Portrait Prof. Cherry,gender,Female,trust_multidimensional,48.562,44.148,52.977
Portrait Prof. Cherry,gender,Female,trust_post,48.688,34.375,63
Portrait Prof. Cherry,gender,Other,behavior_mean,51.387,47.589,55.184
Portrait Prof. Cherry,gender,Other,belief_post,58.24,48.939,67.541
Portrait Prof. Cherry,gender,Other,concern_mean,47.573,41.654,53.493
Portrait Prof. Cherry,gender,Other,distrust_post,48.4,37.295,59.505
Portrait Prof. Cherry,gender,Other,donation_ams,5.36,3.979,6.741
Portrait Prof. Cherry,gender,Other,funding_perceptions,44.8,34.515,55.085
Portrait Prof. Cherry,gender,Other,inst_trust_mean,47.296,43.312,51.28
Portrait Prof. Cherry,gender,Other,newsletter_signup,0.24,0.073,0.407
Portrait Prof. Cherry,gender,Other,policy_general,58.64,47.486,69.794
Portrait Prof. Cherry,gender,Other,policy_role_mean,46.32,39.821,52.819
Portrait Prof. Cherry,gender,Other,policy_specific_mean,47.903,43.677,52.129
Portrait Prof. Cherry,gender,Other,trust_multidimensional,48.933,46.746,51.12
Portrait Prof. Cherry,gender,Other,trust_post,42.92,33.211,52.629
Model accuracy,gender,Male,behavior_mean,53.343,47.353,59.334
Model accuracy,gender,Male,belief_post,43.412,32.967,53.856
Model accuracy,gender,Male,concern_mean,54.784,47.803,61.766
Model accuracy,gender,Male,distrust_post,47.882,35.28,60.485
Model accuracy,gender,Male,donation_ams,5.176,3.545,6.808
Model accuracy,gender,Male,funding_perceptions,42.471,30.852,54.089
Model accuracy,gender,Male,inst_trust_mean,49.035,44.326,53.744
Model accuracy,gender,Male,newsletter_signup,0.235,0.034,0.437
Model accuracy,gender,Male,policy_general,49.882,36.735,63.029
Model accuracy,gender,Male,policy_role_mean,47.25,40.52,53.98
Model accuracy,gender,Male,policy_specific_mean,48.966,43.928,54.004
Model accuracy,gender,Male,trust_multidimensional,46.882,44.433,49.331
Model accuracy,gender,Male,trust_post,45.765,33.485,58.045
Model accuracy,gender,Female,behavior_mean,52.472,48.227,56.718
Model accuracy,gender,Female,belief_post,44.333,34.122,54.544
Model accuracy,gender,Female,concern_mean,51.208,45.032,57.385
Model accuracy,gender,Female,distrust_post,57.083,45.624,68.542
Model accuracy,gender,Female,donation_ams,3.958,2.788,5.129
Model accuracy,gender,Female,funding_perceptions,52.417,40.843,63.99
Model accuracy,gender,Female,inst_trust_mean,47.008,42.618,51.399
Model accuracy,gender,Female,newsletter_signup,0.292,0.11,0.474
Model accuracy,gender,Female,policy_general,45.708,32.93,58.487
Model accuracy,gender,Female,policy_role_mean,49.167,43.898,54.435
Model accuracy,gender,Female,policy_specific_mean,52.845,48.894,56.796
Model accuracy,gender,Female,trust_multidimensional,52.302,48.65,55.954
Model accuracy,gender,Female,trust_post,46.917,37.387,56.446
Model accuracy,gender,Other,behavior_mean,50.149,44.126,56.172
Model accuracy,gender,Other,belief_post,46.474,36.439,56.509
Model accuracy,gender,Other,concern_mean,50.825,44.216,57.433
Model accuracy,gender,Other,distrust_post,53.947,42.504,65.39
Model accuracy,gender,Other,donation_ams,5.053,3.635,6.47
Model accuracy,gender,Other,funding_perceptions,40.316,28.957,51.675
Model accuracy,gender,Other,inst_trust_mean,52.926,47.204,58.648
Model accuracy,gender,Other,newsletter_signup,0.158,-0.006,0.322
Model accuracy,gender,Other,policy_general,48.737,38.686,58.788
Model accuracy,gender,Other,policy_role_mean,42.974,35.974,49.973
Model accuracy,gender,Other,policy_specific_mean,48.233,43.989,52.477
Model accuracy,gender,Other,trust_multidimensional,49.829,47.608,52.05
Model accuracy,gender,Other,trust_post,49.211,36.207,62.214
Interview Prof. Sebille,gender,Male,behavior_mean,51.471,48.675,54.267
Interview Prof. Sebille,gender,Male,belief_post,47.348,35.681,59.015
Interview Prof. Sebille,gender,Male,concern_mean,50.522,45.337,55.707
Interview Prof. Sebille,gender,Male,distrust_post,39.957,27.387,52.526
Interview Prof. Sebille,gender,Male,donation_ams,5.478,4.235,6.722
Interview Prof. Sebille,gender,Male,funding_perceptions,54.783,46.743,62.822
Interview Prof. Sebille,gender,Male,inst_trust_mean,47.722,42.362,53.082
Interview Prof. Sebille,gender,Male,newsletter_signup,0.174,0.019,0.329
Interview Prof. Sebille,gender,Male,policy_general,61.739,51.299,72.179
Interview Prof. Sebille,gender,Male,policy_role_mean,48.837,43.128,54.546
Interview Prof. Sebille,gender,Male,policy_specific_mean,50.578,46.747,54.408
Interview Prof. Sebille,gender,Male,trust_multidimensional,49.703,46.368,53.038
Interview Prof. Sebille,gender,Male,trust_post,44.13,33.909,54.352
Interview Prof. Sebille,gender,Female,behavior_mean,52.578,48.252,56.905
Interview Prof. Sebille,gender,Female,belief_post,53.176,40.396,65.957
Interview Prof. Sebille,gender,Female,concern_mean,49.451,42.574,56.328
Interview Prof. Sebille,gender,Female,distrust_post,37.176,25.144,49.209
Interview Prof. Sebille,gender,Female,donation_ams,4.824,3.477,6.171
Interview Prof. Sebille,gender,Female,funding_perceptions,58.353,48.814,67.891
Interview Prof. Sebille,gender,Female,inst_trust_mean,50.012,42.999,57.024
Interview Prof. Sebille,gender,Female,newsletter_signup,0.176,-0.005,0.358
Interview Prof. Sebille,gender,Female,policy_general,48.588,38.932,58.245
Interview Prof. Sebille,gender,Female,policy_role_mean,49.074,43.89,54.257
Interview Prof. Sebille,gender,Female,policy_specific_mean,50.714,46.985,54.443
Interview Prof. Sebille,gender,Female,trust_multidimensional,50.211,44.681,55.741
Interview Prof. Sebille,gender,Female,trust_post,65.235,53.791,76.679
Interview Prof. Sebille,gender,Other,behavior_mean,47.275,42.923,51.627
Interview Prof. Sebille,gender,Other,belief_post,37.65,26.836,48.464
Interview Prof. Sebille,gender,Other,concern_mean,46.8,40.369,53.231
Interview Prof. Sebille,gender,Other,distrust_post,50.35,40.324,60.376
Interview Prof. Sebille,gender,Other,donation_ams,3.4,1.961,4.839
Interview Prof. Sebille,gender,Other,funding_perceptions,46.8,36.239,57.361
Interview Prof. Sebille,gender,Other,inst_trust_mean,48.99,45.903,52.077
Interview Prof. Sebille,gender,Other,newsletter_signup,0.15,-0.006,0.306
Interview Prof. Sebille,gender,Other,policy_general,37.25,25.064,49.436
Interview Prof. Sebille,gender,Other,policy_role_mean,46.475,40.623,52.327
Interview Prof. Sebille,gender,Other,policy_specific_mean,49.993,45.896,54.089
Interview Prof. Sebille,gender,Other,trust_multidimensional,50.479,46.116,54.843
Interview Prof. Sebille,gender,Other,trust_post,55.7,46.626,64.774
Extreme weather predictions,gender,Male,behavior_mean,50.233,45.187,55.28
Extreme weather predictions,gender,Male,belief_post,56.8,43.492,70.108
Extreme weather predictions,gender,Male,concern_mean,49.167,42.894,55.44
Extreme weather predictions,gender,Male,distrust_post,59.4,49.445,69.355
Extreme weather predictions,gender,Male,donation_ams,5.65,4.622,6.678
Extreme weather predictions,gender,Male,funding_perceptions,50.35,38.946,61.754
Extreme weather predictions,gender,Male,inst_trust_mean,48.03,43.014,53.046
Extreme weather predictions,gender,Male,newsletter_signup,0.15,-0.006,0.306
Extreme weather predictions,gender,Male,policy_general,51.65,42.258,61.042
Extreme weather predictions,gender,Male,policy_role_mean,50.013,43.741,56.284
Extreme weather predictions,gender,Male,policy_specific_mean,53.971,49.651,58.292
Extreme weather predictions,gender,Male,trust_multidimensional,50.246,47.512,52.98
Extreme weather predictions,gender,Male,trust_post,55.35,45.2,65.5
Extreme weather predictions,gender,Female,behavior_mean,50.556,43.468,57.643
Extreme weather predictions,gender,Female,belief_post,45.733,35.093,56.374
Extreme weather predictions,gender,Female,concern_mean,50.578,43.515,57.641
Extreme weather predictions,gender,Female,distrust_post,52.867,40.512,65.221
Extreme weather predictions,gender,Female,donation_ams,4,2.185,5.815
Extreme weather predictions,gender,Female,funding_perceptions,52.6,42.098,63.102
Extreme weather predictions,gender,Female,inst_trust_mean,49.427,43.103,55.75
Extreme weather predictions,gender,Female,newsletter_signup,0.267,0.043,0.49
Extreme weather predictions,gender,Female,policy_general,35.533,25.775,45.292
Extreme weather predictions,gender,Female,policy_role_mean,57.683,51.462,63.905
Extreme weather predictions,gender,Female,policy_specific_mean,49.133,44.692,53.575
Extreme weather predictions,gender,Female,trust_multidimensional,50.689,46.347,55.031
Extreme weather predictions,gender,Female,trust_post,53,39.846,66.154
Extreme weather predictions,gender,Other,behavior_mean,48.827,44.943,52.71
Extreme weather predictions,gender,Other,belief_post,52.48,43.191,61.769
Extreme weather predictions,gender,Other,concern_mean,54.227,48.956,59.498
Extreme weather predictions,gender,Other,distrust_post,57.44,46.904,67.976
Extreme weather predictions,gender,Other,donation_ams,4.6,3.285,5.915
Extreme weather predictions,gender,Other,funding_perceptions,47.8,37.181,58.419
Extreme weather predictions,gender,Other,inst_trust_mean,48.152,42.831,53.473
Extreme weather predictions,gender,Other,newsletter_signup,0.16,0.016,0.304
Extreme weather predictions,gender,Other,policy_general,49.04,39.219,58.861
Extreme weather predictions,gender,Other,policy_role_mean,50.22,46.073,54.367
Extreme weather predictions,gender,Other,policy_specific_mean,50.611,46.037,55.186
Extreme weather predictions,gender,Other,trust_multidimensional,50.677,48.208,53.145
Extreme weather predictions,gender,Other,trust_post,40.6,30.977,50.223
control,age_band,18-29,behavior_mean,41.5,32.65,50.35
control,age_band,18-29,belief_post,49.5,31.525,67.475
control,age_band,18-29,concern_mean,57.792,50.774,64.81
control,age_band,18-29,distrust_post,33.75,13.091,54.409
control,age_band,18-29,donation_ams,4,1.488,6.512
control,age_band,18-29,funding_perceptions,51,38.319,63.681
control,age_band,18-29,inst_trust_mean,49.425,39.31,59.54
control,age_band,18-29,newsletter_signup,0.125,-0.104,0.354
control,age_band,18-29,policy_general,44.625,28.015,61.235
control,age_band,18-29,policy_role_mean,43.438,36.801,50.074
control,age_band,18-29,policy_specific_mean,52.25,45.146,59.354
control,age_band,18-29,trust_multidimensional,49.865,45.536,54.193
control,age_band,18-29,trust_post,54.875,42.881,66.869
control,age_band,30-44,behavior_mean,48.893,42.397,55.389
control,age_band,30-44,belief_post,62.429,48.178,76.679
control,age_band,30-44,concern_mean,49.048,39.97,58.126
control,age_band,30-44,distrust_post,53.429,36.587,70.27
control,age_band,30-44,donation_ams,4.286,2.247,6.324
control,age_band,30-44,funding_perceptions,48.143,38.063,58.223
control,age_band,30-44,inst_trust_mean,47.186,41.464,52.908
control,age_band,30-44,newsletter_signup,0.071,-0.063,0.206
control,age_band,30-44,policy_general,47.571,32.452,62.69
control,age_band,30-44,policy_role_mean,48.339,42.785,53.894
control,age_band,30-44,policy_specific_mean,47.827,43.87,51.783
control,age_band,30-44,trust_multidimensional,50.202,46.429,53.976
control,age_band,30-44,trust_post,57.357,43.068,71.646
control,age_band,45-59,behavior_mean,52.823,47.994,57.652
control,age_band,45-59,belief_post,45.375,30.838,59.912
control,age_band,45-59,concern_mean,47.812,41.475,54.15
control,age_band,45-59,distrust_post,37.375,26.082,48.668
control,age_band,45-59,donation_ams,4.812,3.313,6.312
control,age_band,45-59,funding_perceptions,56.938,43.306,70.569
control,age_band,45-59,inst_trust_mean,45.35,40.372,50.328
control,age_band,45-59,newsletter_signup,0.312,0.085,0.54
control,age_band,45-59,policy_general,40.938,31.225,50.65
control,age_band,45-59,policy_role_mean,52.484,46.057,58.912
control,age_band,45-59,policy_specific_mean,52.616,48.99,56.242
control,age_band,45-59,trust_multidimensional,50.641,47.787,53.494
control,age_band,45-59,trust_post,57.062,43.897,70.228
control,age_band,60+,behavior_mean,47.098,41.963,52.234
control,age_band,60+,belief_post,50.955,42.238,59.671
control,age_band,60+,concern_mean,58,53.309,62.691
control,age_band,60+,distrust_post,58.909,47.911,69.908
control,age_band,60+,donation_ams,4.955,3.557,6.352
control,age_band,60+,funding_perceptions,55.455,46.407,64.502
control,age_band,60+,inst_trust_mean,45.164,39.742,50.586
control,age_band,60+,newsletter_signup,0.136,-0.007,0.28
control,age_band,60+,policy_general,44.545,33.852,55.239
control,age_band,60+,policy_role_mean,50.693,45.468,55.918
control,age_band,60+,policy_specific_mean,50.883,46.877,54.889
control,age_band,60+,trust_multidimensional,51.064,48.469,53.66
control,age_band,60+,trust_post,43.455,32.305,54.604
Corporate reliance,age_band,18-29,behavior_mean,45.183,37.03,53.336
Corporate reliance,age_band,18-29,belief_post,59.3,41.22,77.38
Corporate reliance,age_band,18-29,concern_mean,60.2,49.837,70.563
Corporate reliance,age_band,18-29,distrust_post,41.7,24.498,58.902
Corporate reliance,age_band,18-29,donation_ams,4.6,2.968,6.232
Corporate reliance,age_band,18-29,funding_perceptions,50.1,32.478,67.722
Corporate reliance,age_band,18-29,inst_trust_mean,47.82,42.617,53.023
Corporate reliance,age_band,18-29,newsletter_signup,0.4,0.096,0.704
Corporate reliance,age_band,18-29,policy_general,53.9,37.734,70.066
Corporate reliance,age_band,18-29,policy_role_mean,48.9,40.987,56.813
Corporate reliance,age_band,18-29,policy_specific_mean,48.586,42.333,54.838
Corporate reliance,age_band,18-29,trust_multidimensional,48.308,42.636,53.981
Corporate reliance,age_band,18-29,trust_post,55.5,43.757,67.243
Corporate reliance,age_band,30-44,behavior_mean,50.486,43.645,57.327
Corporate reliance,age_band,30-44,belief_post,51,35.031,66.969
Corporate reliance,age_band,30-44,concern_mean,51.389,41.614,61.164
Corporate reliance,age_band,30-44,distrust_post,54.75,40.458,69.042
Corporate reliance,age_band,30-44,donation_ams,4.167,2.38,5.953
Corporate reliance,age_band,30-44,funding_perceptions,40.5,25.596,55.404
Corporate reliance,age_band,30-44,inst_trust_mean,53.733,47.492,59.975
Corporate reliance,age_band,30-44,newsletter_signup,0.25,0.005,0.495
Corporate reliance,age_band,30-44,policy_general,62.083,46.284,77.883
Corporate reliance,age_band,30-44,policy_role_mean,48.812,40.346,57.279
Corporate reliance,age_band,30-44,policy_specific_mean,49.381,42.359,56.403
Corporate reliance,age_band,30-44,trust_multidimensional,50.528,46.27,54.786
Corporate reliance,age_band,30-44,trust_post,42,23.859,60.141
Corporate reliance,age_band,45-59,behavior_mean,47.156,41.681,52.63
Corporate reliance,age_band,45-59,belief_post,45.4,28.881,61.919
Corporate reliance,age_band,45-59,concern_mean,53.356,45.298,61.414
Corporate reliance,age_band,45-59,distrust_post,40.467,25.745,55.189
Corporate reliance,age_band,45-59,donation_ams,5.2,3.344,7.056
Corporate reliance,age_band,45-59,funding_perceptions,53.067,40.844,65.29
Corporate reliance,age_band,45-59,inst_trust_mean,56.013,47.647,64.38
Corporate reliance,age_band,45-59,newsletter_signup,0.267,0.043,0.49
Corporate reliance,age_band,45-59,policy_general,36.4,26.491,46.309
Corporate reliance,age_band,45-59,policy_role_mean,53.817,47.514,60.12
Corporate reliance,age_band,45-59,policy_specific_mean,48.067,44.151,51.982
Corporate reliance,age_band,45-59,trust_multidimensional,50.789,47.955,53.622
Corporate reliance,age_band,45-59,trust_post,52.133,39.344,64.923
Corporate reliance,age_band,60+,behavior_mean,47.899,43.413,52.385
Corporate reliance,age_band,60+,belief_post,38.957,26.29,51.623
Corporate reliance,age_band,60+,concern_mean,47.768,41.095,54.441
Corporate reliance,age_band,60+,distrust_post,46.087,33.91,58.264
Corporate reliance,age_band,60+,donation_ams,5.652,4.512,6.792
Corporate reliance,age_band,60+,funding_perceptions,49.913,41.079,58.747
Corporate reliance,age_band,60+,inst_trust_mean,51.035,46.059,56.011
Corporate reliance,age_band,60+,newsletter_signup,0.348,0.153,0.542
Corporate reliance,age_band,60+,policy_general,48.913,36.94,60.886
Corporate reliance,age_band,60+,policy_role_mean,47.707,43.049,52.364
Corporate reliance,age_band,60+,policy_specific_mean,50.596,46.198,54.994
Corporate reliance,age_band,60+,trust_multidimensional,50.993,48.393,53.593
Corporate reliance,age_band,60+,trust_post,41.957,31.553,52.36
Social justice,age_band,18-29,behavior_mean,51.767,46.18,57.353
Social justice,age_band,18-29,belief_post,51.5,31.164,71.836
Social justice,age_band,18-29,concern_mean,48.067,42.352,53.781
Social justice,age_band,18-29,distrust_post,47.5,35.856,59.144
Social justice,age_band,18-29,donation_ams,4.3,2.275,6.325
Social justice,age_band,18-29,funding_perceptions,39.2,30.045,48.355
Social justice,age_band,18-29,inst_trust_mean,52.18,45.671,58.689
Social justice,age_band,18-29,newsletter_signup,0.2,-0.048,0.448
Social justice,age_band,18-29,policy_general,53.8,36.144,71.456
Social justice,age_band,18-29,policy_role_mean,51.975,44.189,59.761
Social justice,age_band,18-29,policy_specific_mean,47.457,43.201,51.714
Social justice,age_band,18-29,trust_multidimensional,53.758,48.972,58.545
Social justice,age_band,18-29,trust_post,51.2,38.193,64.207
Social justice,age_band,30-44,behavior_mean,46.333,40.486,52.181
Social justice,age_band,30-44,belief_post,49.429,34.811,64.046
Social justice,age_band,30-44,concern_mean,51.786,44.269,59.302
Social justice,age_band,30-44,distrust_post,46.429,36.425,56.433
Social justice,age_band,30-44,donation_ams,5.429,3.937,6.92
Social justice,age_band,30-44,funding_perceptions,43.429,29.567,57.29
Social justice,age_band,30-44,inst_trust_mean,50.386,42.42,58.351
Social justice,age_band,30-44,newsletter_signup,0.143,-0.04,0.326
Social justice,age_band,30-44,policy_general,46.714,32.501,60.928
Social justice,age_band,30-44,policy_role_mean,50.321,43.262,57.381
Social justice,age_band,30-44,policy_specific_mean,47.316,44.591,50.042
Social justice,age_band,30-44,trust_multidimensional,51.179,47.871,54.486
Social justice,age_band,30-44,trust_post,39.714,24.476,54.952
Social justice,age_band,45-59,behavior_mean,49.077,41.146,57.007
Social justice,age_band,45-59,belief_post,42.308,26.965,57.65
Social justice,age_band,45-59,concern_mean,38.872,31.337,46.407
Social justice,age_band,45-59,distrust_post,54.385,41.157,67.612
Social justice,age_band,45-59,donation_ams,4.538,2.741,6.336
Social justice,age_band,45-59,funding_perceptions,56.077,40.186,71.968
Social justice,age_band,45-59,inst_trust_mean,49.631,44.615,54.647
Social justice,age_band,45-59,newsletter_signup,0.308,0.057,0.559
Social justice,age_band,45-59,policy_general,65.231,57.672,72.79
Social justice,age_band,45-59,policy_role_mean,44.558,40.208,48.907
Social justice,age_band,45-59,policy_specific_mean,54.473,48.579,60.366
Social justice,age_band,45-59,trust_multidimensional,54.481,49.987,58.974
Social justice,age_band,45-59,trust_post,54.231,33.724,74.737
Social justice,age_band,60+,behavior_mean,52.181,48.12,56.242
Social justice,age_band,60+,belief_post,53.087,40.934,65.24
Social justice,age_band,60+,concern_mean,53.739,49.209,58.269
Social justice,age_band,60+,distrust_post,53.565,41.56,65.57
Social justice,age_band,60+,donation_ams,4.565,3.292,5.839
Social justice,age_band,60+,funding_perceptions,48.957,38.808,59.105
Social justice,age_band,60+,inst_trust_mean,47.357,42.788,51.925
Social justice,age_band,60+,newsletter_signup,0.174,0.019,0.329
Social justice,age_band,60+,policy_general,49.478,37.297,61.659
Social justice,age_band,60+,policy_role_mean,49.076,43.189,54.963
Social justice,age_band,60+,policy_specific_mean,49.062,45.334,52.79
Social justice,age_band,60+,trust_multidimensional,50.409,47.608,53.211
Social justice,age_band,60+,trust_post,56.609,45.429,67.789
Interview Prof. Maraun,age_band,18-29,behavior_mean,49.909,43.466,56.352
Interview Prof. Maraun,age_band,18-29,belief_post,59.545,43.365,75.726
Interview Prof. Maraun,age_band,18-29,concern_mean,50.212,38.981,61.443
Interview Prof. Maraun,age_band,18-29,distrust_post,53.364,41.301,65.426
Interview Prof. Maraun,age_band,18-29,donation_ams,5.273,3.092,7.454
Interview Prof. Maraun,age_band,18-29,funding_perceptions,59.273,43.539,75.006
Interview Prof. Maraun,age_band,18-29,inst_trust_mean,54.436,47.125,61.747
Interview Prof. Maraun,age_band,18-29,newsletter_signup,0.091,-0.079,0.261
Interview Prof. Maraun,age_band,18-29,policy_general,51.545,36.136,66.954
Interview Prof. Maraun,age_band,18-29,policy_role_mean,58.045,49.971,66.12
Interview Prof. Maraun,age_band,18-29,policy_specific_mean,51.753,46.011,57.496
Interview Prof. Maraun,age_band,18-29,trust_multidimensional,50.098,45.651,54.546
Interview Prof. Maraun,age_band,18-29,trust_post,41.364,27.259,55.468
Interview Prof. Maraun,age_band,30-44,behavior_mean,48.885,41.3,56.469
Interview Prof. Maraun,age_band,30-44,belief_post,52.231,38.005,66.457
Interview Prof. Maraun,age_band,30-44,concern_mean,43.513,36.924,50.101
Interview Prof. Maraun,age_band,30-44,distrust_post,54.385,37.185,71.584
Interview Prof. Maraun,age_band,30-44,donation_ams,4.538,2.913,6.163
Interview Prof. Maraun,age_band,30-44,funding_perceptions,49.385,39.038,59.731
Interview Prof. Maraun,age_band,30-44,inst_trust_mean,52.246,45.269,59.223
Interview Prof. Maraun,age_band,30-44,newsletter_signup,0.154,-0.042,0.35
Interview Prof. Maraun,age_band,30-44,policy_general,48.615,30.707,66.524
Interview Prof. Maraun,age_band,30-44,policy_role_mean,47.846,42.492,53.2
Interview Prof. Maraun,age_band,30-44,policy_specific_mean,48.011,42.241,53.781
Interview Prof. Maraun,age_band,30-44,trust_multidimensional,52.949,49.036,56.861
Interview Prof. Maraun,age_band,30-44,trust_post,50.231,36.161,64.3
Interview Prof. Maraun,age_band,45-59,behavior_mean,52.333,47.028,57.639
Interview Prof. Maraun,age_band,45-59,belief_post,40.778,23.623,57.933
Interview Prof. Maraun,age_band,45-59,concern_mean,57.63,49.035,66.224
Interview Prof. Maraun,age_band,45-59,distrust_post,48.222,31.857,64.587
Interview Prof. Maraun,age_band,45-59,donation_ams,5,2.306,7.694
Interview Prof. Maraun,age_band,45-59,funding_perceptions,48.333,29.679,66.988
Interview Prof. Maraun,age_band,45-59,inst_trust_mean,57.111,49.508,64.714
Interview Prof. Maraun,age_band,45-59,newsletter_signup,0.444,0.12,0.769
Interview Prof. Maraun,age_band,45-59,policy_general,54.778,35.181,74.374
Interview Prof. Maraun,age_band,45-59,policy_role_mean,54.694,47.951,61.438
Interview Prof. Maraun,age_band,45-59,policy_specific_mean,48.079,40.028,56.13
Interview Prof. Maraun,age_band,45-59,trust_multidimensional,48.981,44.926,53.037
Interview Prof. Maraun,age_band,45-59,trust_post,58.889,39.854,77.924
Interview Prof. Maraun,age_band,60+,behavior_mean,52.537,48.588,56.486
Interview Prof. Maraun,age_band,60+,belief_post,52.074,42.732,61.416
Interview Prof. Maraun,age_band,60+,concern_mean,49.704,44.746,54.662
Interview Prof. Maraun,age_band,60+,distrust_post,49.778,38.476,61.08
Interview Prof. Maraun,age_band,60+,donation_ams,5.222,4.108,6.336
Interview Prof. Maraun,age_band,60+,funding_perceptions,48.148,35.791,60.506
Interview Prof. Maraun,age_band,60+,inst_trust_mean,50.533,46.114,54.952
Interview Prof. Maraun,age_band,60+,newsletter_signup,0.111,-0.007,0.23
Interview Prof. Maraun,age_band,60+,policy_general,49.963,39.949,59.977
Interview Prof. Maraun,age_band,60+,policy_role_mean,47.509,43.485,51.534
Interview Prof. Maraun,age_band,60+,policy_specific_mean,50.661,47.579,53.744
Interview Prof. Maraun,age_band,60+,trust_multidimensional,50.12,47.364,52.877
Interview Prof. Maraun,age_band,60+,trust_post,44.704,34.538,54.869
Funding,age_band,18-29,behavior_mean,47.981,39.455,56.508
Funding,age_band,18-29,belief_post,58.556,44.339,72.773
Funding,age_band,18-29,concern_mean,56.815,51.224,62.406
Funding,age_band,18-29,distrust_post,49.556,29.857,69.254
Funding,age_band,18-29,donation_ams,3,1.576,4.424
Funding,age_band,18-29,funding_perceptions,53.667,37.382,69.951
Funding,age_band,18-29,inst_trust_mean,54.956,47.671,62.24
Funding,age_band,18-29,newsletter_signup,0.222,-0.049,0.494
Funding,age_band,18-29,policy_general,28.111,14.776,41.446
Funding,age_band,18-29,policy_role_mean,52.778,44.664,60.892
Funding,age_band,18-29,policy_specific_mean,56.413,52.678,60.147
Funding,age_band,18-29,trust_multidimensional,47.435,40.73,54.141
Funding,age_band,18-29,trust_post,53.333,31.763,74.903
Funding,age_band,30-44,behavior_mean,56.125,53.164,59.086
Funding,age_band,30-44,belief_post,48.5,39.242,57.758
Funding,age_band,30-44,concern_mean,47.778,39.548,56.007
Funding,age_band,30-44,distrust_post,55.917,43.93,67.903
Funding,age_band,30-44,donation_ams,6,3.815,8.185
Funding,age_band,30-44,funding_perceptions,47.833,31.761,63.905
Funding,age_band,30-44,inst_trust_mean,49.2,42.806,55.594
Funding,age_band,30-44,newsletter_signup,0.083,-0.073,0.24
Funding,age_band,30-44,policy_general,49,30.351,67.649
Funding,age_band,30-44,policy_role_mean,50,40.69,59.31
Funding,age_band,30-44,policy_specific_mean,50.179,45.748,54.609
Funding,age_band,30-44,trust_multidimensional,53,47.701,58.299
Funding,age_band,30-44,trust_post,51.833,37.64,66.026
Funding,age_band,45-59,behavior_mean,52.269,49.29,55.249
Funding,age_band,45-59,belief_post,48.923,32.084,65.762
Funding,age_band,45-59,concern_mean,44.795,35.653,53.937
Funding,age_band,45-59,distrust_post,64.308,50.01,78.605
Funding,age_band,45-59,donation_ams,6.385,4.701,8.068
Funding,age_band,45-59,funding_perceptions,51.231,40.878,61.583
Funding,age_band,45-59,inst_trust_mean,47.677,41.916,53.438
Funding,age_band,45-59,newsletter_signup,0.308,0.057,0.559
Funding,age_band,45-59,policy_general,61.923,51.339,72.507
Funding,age_band,45-59,policy_role_mean,54.173,45.956,62.39
Funding,age_band,45-59,policy_specific_mean,49.253,42.418,56.088
Funding,age_band,45-59,trust_multidimensional,52.571,47.498,57.643
Funding,age_band,45-59,trust_post,53.154,39.772,66.536
Funding,age_band,60+,behavior_mean,47.135,43.703,50.566
Funding,age_band,60+,belief_post,57.692,45.883,69.501
Funding,age_band,60+,concern_mean,49.051,43.365,54.738
Funding,age_band,60+,distrust_post,49.154,40.95,57.358
Funding,age_band,60+,donation_ams,5.385,4.075,6.694
Funding,age_band,60+,funding_perceptions,55.731,44.099,67.362
Funding,age_band,60+,inst_trust_mean,46.331,41.121,51.54
Funding,age_band,60+,newsletter_signup,0.192,0.041,0.344
Funding,age_band,60+,policy_general,47.846,36.08,59.613
Funding,age_band,60+,policy_role_mean,48.346,43.836,52.857
Funding,age_band,60+,policy_specific_mean,50.137,46.489,53.786
Funding,age_band,60+,trust_multidimensional,53.103,50.769,55.436
Funding,age_band,60+,trust_post,42.692,30.944,54.441
Oil industry misinformation,age_band,18-29,behavior_mean,45.714,37.97,53.459
Oil industry misinformation,age_band,18-29,belief_post,32.857,16.72,48.994
Oil industry misinformation,age_band,18-29,concern_mean,54.143,38.736,69.55
Oil industry misinformation,age_band,18-29,distrust_post,53.571,29.854,77.288
Oil industry misinformation,age_band,18-29,donation_ams,2.857,1.021,4.693
Oil industry misinformation,age_band,18-29,funding_perceptions,53.571,33.447,73.696
Oil industry misinformation,age_band,18-29,inst_trust_mean,45.514,39.464,51.564
Oil industry misinformation,age_band,18-29,newsletter_signup,0.143,-0.116,0.402
Oil industry misinformation,age_band,18-29,policy_general,54.286,36.482,72.089
Oil industry misinformation,age_band,18-29,policy_role_mean,50.286,39.092,61.479
Oil industry misinformation,age_band,18-29,policy_specific_mean,46.347,37.806,54.888
Oil industry misinformation,age_band,18-29,trust_multidimensional,48.44,43.626,53.255
Oil industry misinformation,age_band,18-29,trust_post,58.143,36.505,79.781
Oil industry misinformation,age_band,30-44,behavior_mean,48.288,43.551,53.025
Oil industry misinformation,age_band,30-44,belief_post,45.182,28.002,62.362
Oil industry misinformation,age_band,30-44,concern_mean,46.212,35.69,56.734
Oil industry misinformation,age_band,30-44,distrust_post,71.091,55.734,86.448
Oil industry misinformation,age_band,30-44,donation_ams,4.091,3.086,5.096
Oil industry misinformation,age_band,30-44,funding_perceptions,46.909,32.089,61.729
Oil industry misinformation,age_band,30-44,inst_trust_mean,41.218,34.538,47.898
Oil industry misinformation,age_band,30-44,newsletter_signup,0.091,-0.079,0.261
Oil industry misinformation,age_band,30-44,policy_general,37.455,22.574,52.335
Oil industry misinformation,age_band,30-44,policy_role_mean,43.795,35.451,52.14
Oil industry misinformation,age_band,30-44,policy_specific_mean,46.494,41.865,51.122
Oil industry misinformation,age_band,30-44,trust_multidimensional,48.841,44.238,53.444
Oil industry misinformation,age_band,30-44,trust_post,43.818,30.122,57.515
Oil industry misinformation,age_band,45-59,behavior_mean,48.078,42.567,53.588
Oil industry misinformation,age_band,45-59,belief_post,50.8,33.066,68.534
Oil industry misinformation,age_band,45-59,concern_mean,51.578,45.052,58.104
Oil industry misinformation,age_band,45-59,distrust_post,58.133,46.33,69.937
Oil industry misinformation,age_band,45-59,donation_ams,6,4.366,7.634
Oil industry misinformation,age_band,45-59,funding_perceptions,48.4,36.507,60.293
Oil industry misinformation,age_band,45-59,inst_trust_mean,44.653,40.647,48.66
Oil industry misinformation,age_band,45-59,newsletter_signup,0.2,-0.002,0.402
Oil industry misinformation,age_band,45-59,policy_general,53.533,35.324,71.743
Oil industry misinformation,age_band,45-59,policy_role_mean,47.767,41.965,53.568
Oil industry misinformation,age_band,45-59,policy_specific_mean,50.781,45.025,56.537
Oil industry misinformation,age_band,45-59,trust_multidimensional,46.244,43.289,49.2
Oil industry misinformation,age_band,45-59,trust_post,44.4,34.281,54.519
Oil industry misinformation,age_band,60+,behavior_mean,48.784,44.986,52.582
Oil industry misinformation,age_band,60+,belief_post,50.296,39.731,60.862
Oil industry misinformation,age_band,60+,concern_mean,50.42,44.516,56.323
Oil industry misinformation,age_band,60+,distrust_post,51.963,42.259,61.667
Oil industry misinformation,age_band,60+,donation_ams,4.407,3.2,5.615
Oil industry misinformation,age_band,60+,funding_perceptions,50.222,40.075,60.369
Oil industry misinformation,age_band,60+,inst_trust_mean,50.459,45.99,54.929
Oil industry misinformation,age_band,60+,newsletter_signup,0.148,0.014,0.282
Oil industry misinformation,age_band,60+,policy_general,49.296,39.49,59.103
Oil industry misinformation,age_band,60+,policy_role_mean,48.269,43.538,52.999
Oil industry misinformation,age_band,60+,policy_specific_mean,52.275,49.061,55.489
Oil industry misinformation,age_band,60+,trust_multidimensional,48.596,45.707,51.484
Oil industry misinformation,age_band,60+,trust_post,51.556,41.754,61.357
Measurement & modeling (1),age_band,18-29,behavior_mean,49.567,43.667,55.466
Measurement & modeling (1),age_band,18-29,belief_post,42.4,29.771,55.029
Measurement & modeling (1),age_band,18-29,concern_mean,51.733,42.854,60.613
Measurement & modeling (1),age_band,18-29,distrust_post,52.2,39.603,64.797
Measurement & modeling (1),age_band,18-29,donation_ams,7.2,6.115,8.285
Measurement & modeling (1),age_band,18-29,funding_perceptions,54.3,38.262,70.338
Measurement & modeling (1),age_band,18-29,inst_trust_mean,48.7,39.302,58.098
Measurement & modeling (1),age_band,18-29,newsletter_signup,0.3,0.016,0.584
Measurement & modeling (1),age_band,18-29,policy_general,47.9,33.046,62.754
Measurement & modeling (1),age_band,18-29,policy_role_mean,44.65,35.494,53.806
Measurement & modeling (1),age_band,18-29,policy_specific_mean,49.014,42.176,55.852
Measurement & modeling (1),age_band,18-29,trust_multidimensional,48.642,42.969,54.314
Measurement & modeling (1),age_band,18-29,trust_post,48.5,27.617,69.383
Measurement & modeling (1),age_band,30-44,behavior_mean,48,43.225,52.775
Measurement & modeling (1),age_band,30-44,belief_post,49.571,35.456,63.687
Measurement & modeling (1),age_band,30-44,concern_mean,46.238,38.129,54.348
Measurement & modeling (1),age_band,30-44,distrust_post,51.714,38.057,65.372
Measurement & modeling (1),age_band,30-44,donation_ams,6.571,4.737,8.406
Measurement & modeling (1),age_band,30-44,funding_perceptions,52.071,34.98,69.163
Measurement & modeling (1),age_band,30-44,inst_trust_mean,47,38.651,55.349
Measurement & modeling (1),age_band,30-44,newsletter_signup,0.357,0.106,0.608
Measurement & modeling (1),age_band,30-44,policy_general,52.786,35.897,69.674
Measurement & modeling (1),age_band,30-44,policy_role_mean,44.893,37.31,52.476
Measurement & modeling (1),age_band,30-44,policy_specific_mean,50.776,45.92,55.631
Measurement & modeling (1),age_band,30-44,trust_multidimensional,46.857,43.162,50.552
Measurement & modeling (1),age_band,30-44,trust_post,57.143,42.683,71.603
Measurement & modeling (1),age_band,45-59,behavior_mean,49.604,43.713,55.496
Measurement & modeling (1),age_band,45-59,belief_post,57.625,43.717,71.533
Measurement & modeling (1),age_band,45-59,concern_mean,53.708,38.053,69.364
Measurement & modeling (1),age_band,45-59,distrust_post,39.875,24.782,54.968
Measurement & modeling (1),age_band,45-59,donation_ams,5,3.429,6.571
Measurement & modeling (1),age_band,45-59,funding_perceptions,45.875,37.833,53.917
Measurement & modeling (1),age_band,45-59,inst_trust_mean,52.525,47.209,57.841
Measurement & modeling (1),age_band,45-59,newsletter_signup,0.25,-0.05,0.55
Measurement & modeling (1),age_band,45-59,policy_general,53.125,36.145,70.105
Measurement & modeling (1),age_band,45-59,policy_role_mean,50.5,36.59,64.41
Measurement & modeling (1),age_band,45-59,policy_specific_mean,51.339,43.051,59.628
Measurement & modeling (1),age_band,45-59,trust_multidimensional,52.302,47.335,57.269
Measurement & modeling (1),age_band,45-59,trust_post,39.5,22.737,56.263
Measurement & modeling (1),age_band,60+,behavior_mean,46.47,42.834,50.106
Measurement & modeling (1),age_band,60+,belief_post,49.107,43.229,54.986
Measurement & modeling (1),age_band,60+,concern_mean,48.452,44.739,52.166
Measurement & modeling (1),age_band,60+,distrust_post,53.964,44.008,63.92
Measurement & modeling (1),age_band,60+,donation_ams,5.536,4.239,6.833
Measurement & modeling (1),age_band,60+,funding_perceptions,41,30.998,51.002
Measurement & modeling (1),age_band,60+,inst_trust_mean,50.179,46.536,53.821
Measurement & modeling (1),age_band,60+,newsletter_signup,0.25,0.09,0.41
Measurement & modeling (1),age_band,60+,policy_general,51.357,41.404,61.311
Measurement & modeling (1),age_band,60+,policy_role_mean,51.036,45.827,56.244
Measurement & modeling (1),age_band,60+,policy_specific_mean,52.995,49.12,56.87
Measurement & modeling (1),age_band,60+,trust_multidimensional,48.253,45.596,50.909
Measurement & modeling (1),age_band,60+,trust_post,43.786,33.755,53.817
Former skeptics,age_band,18-29,behavior_mean,41.542,37.619,45.464
Former skeptics,age_band,18-29,belief_post,57.5,45.607,69.393
Former skeptics,age_band,18-29,concern_mean,56.458,43.583,69.334
Former skeptics,age_band,18-29,distrust_post,42.375,26.491,58.259
Former skeptics,age_band,18-29,donation_ams,6.75,4.87,8.63
Former skeptics,age_band,18-29,funding_perceptions,35,24.439,45.561
Former skeptics,age_band,18-29,inst_trust_mean,56.075,45.343,66.807
Former skeptics,age_band,18-29,newsletter_signup,0.375,0.04,0.71
Former skeptics,age_band,18-29,policy_general,54.75,43.168,66.332
Former skeptics,age_band,18-29,policy_role_mean,44.969,36.72,53.217
Former skeptics,age_band,18-29,policy_specific_mean,48.554,46.111,50.996
Former skeptics,age_band,18-29,trust_multidimensional,48.01,40.762,55.259
Former skeptics,age_band,18-29,trust_post,57.125,37.094,77.156
Former skeptics,age_band,30-44,behavior_mean,48.038,41.256,54.821
Former skeptics,age_band,30-44,belief_post,56.077,43.293,68.861
Former skeptics,age_band,30-44,concern_mean,46.641,41.116,52.166
Former skeptics,age_band,30-44,distrust_post,55.846,40.071,71.621
Former skeptics,age_band,30-44,donation_ams,4.538,2.768,6.309
Former skeptics,age_band,30-44,funding_perceptions,56.077,42.879,69.274
Former skeptics,age_band,30-44,inst_trust_mean,52.954,47.911,57.996
Former skeptics,age_band,30-44,newsletter_signup,0.154,-0.042,0.35
Former skeptics,age_band,30-44,policy_general,41.077,27.712,54.441
Former skeptics,age_band,30-44,policy_role_mean,47.577,40.305,54.849
Former skeptics,age_band,30-44,policy_specific_mean,45.978,42.062,49.894
Former skeptics,age_band,30-44,trust_multidimensional,50.885,48.178,53.591
Former skeptics,age_band,30-44,trust_post,50.846,36.203,65.49
Former skeptics,age_band,45-59,behavior_mean,51.685,43.806,59.564
Former skeptics,age_band,45-59,belief_post,53.778,30.311,77.245
Former skeptics,age_band,45-59,concern_mean,43.185,31.492,54.879
Former skeptics,age_band,45-59,distrust_post,49.333,28.279,70.388
Former skeptics,age_band,45-59,donation_ams,6.778,4.77,8.786
Former skeptics,age_band,45-59,funding_perceptions,39.222,20.206,58.239
Former skeptics,age_band,45-59,inst_trust_mean,52.867,43.125,62.608
Former skeptics,age_band,45-59,newsletter_signup,0.222,-0.049,0.494
Former skeptics,age_band,45-59,policy_general,55,35.958,74.042
Former skeptics,age_band,45-59,policy_role_mean,50.222,42.696,57.749
Former skeptics,age_band,45-59,policy_specific_mean,51.302,46.32,56.283
Former skeptics,age_band,45-59,trust_multidimensional,50.741,45.089,56.393
Former skeptics,age_band,45-59,trust_post,58.111,44.957,71.265
Former skeptics,age_band,60+,behavior_mean,52.85,49.081,56.619
Former skeptics,age_band,60+,belief_post,43.167,34.203,52.13
Former skeptics,age_band,60+,concern_mean,48.411,42.993,53.829
Former skeptics,age_band,60+,distrust_post,45.567,36.696,54.437
Former skeptics,age_band,60+,donation_ams,4.667,3.415,5.918
Former skeptics,age_band,60+,funding_perceptions,43.5,32.65,54.35
Former skeptics,age_band,60+,inst_trust_mean,48.32,44.639,52.001
Former skeptics,age_band,60+,newsletter_signup,0.233,0.082,0.385
Former skeptics,age_band,60+,policy_general,56.1,44.776,67.424
Former skeptics,age_band,60+,policy_role_mean,50.3,45.678,54.922
Former skeptics,age_band,60+,policy_specific_mean,49.952,46.067,53.837
Former skeptics,age_band,60+,trust_multidimensional,48.667,46.388,50.946
Former skeptics,age_band,60+,trust_post,51.6,41.796,61.404
High public trust,age_band,18-29,behavior_mean,51.417,43.855,58.978
High public trust,age_band,18-29,belief_post,55.1,39.203,70.997
High public trust,age_band,18-29,concern_mean,62.1,53.299,70.901
High public trust,age_band,18-29,distrust_post,56.2,43.763,68.637
High public trust,age_band,18-29,donation_ams,5.2,2.979,7.421
High public trust,age_band,18-29,funding_perceptions,40.2,31.865,48.535
High public trust,age_band,18-29,inst_trust_mean,53.42,48.056,58.784
High public trust,age_band,18-29,newsletter_signup,0.3,0.016,0.584
High public trust,age_band,18-29,policy_general,44.8,29.074,60.526
High public trust,age_band,18-29,policy_role_mean,45.825,38.488,53.162
High public trust,age_band,18-29,policy_specific_mean,49.886,45.475,54.297
High public trust,age_band,18-29,trust_multidimensional,52.533,45.051,60.015
High public trust,age_band,18-29,trust_post,49.4,32.463,66.337
High public trust,age_band,30-44,behavior_mean,46.409,39.107,53.711
High public trust,age_band,30-44,belief_post,52.818,39.807,65.83
High public trust,age_band,30-44,concern_mean,49.848,40.936,58.761
High public trust,age_band,30-44,distrust_post,51.182,33.886,68.478
High public trust,age_band,30-44,donation_ams,4.909,3.427,6.391
High public trust,age_band,30-44,funding_perceptions,50.182,33.574,66.789
High public trust,age_band,30-44,inst_trust_mean,45.655,35.768,55.541
High public trust,age_band,30-44,newsletter_signup,0.182,-0.046,0.41
High public trust,age_band,30-44,policy_general,62.455,45.027,79.882
High public trust,age_band,30-44,policy_role_mean,48.114,38.297,57.931
High public trust,age_band,30-44,policy_specific_mean,50.468,43.75,57.185
High public trust,age_band,30-44,trust_multidimensional,48.439,44.53,52.349
High public trust,age_band,30-44,trust_post,52.727,34.988,70.466
High public trust,age_band,45-59,behavior_mean,51.288,46.535,56.041
High public trust,age_band,45-59,belief_post,48.364,31.894,64.833
High public trust,age_band,45-59,concern_mean,43.576,33.608,53.543
High public trust,age_band,45-59,distrust_post,54.364,37.671,71.056
High public trust,age_band,45-59,donation_ams,4.545,2.509,6.582
High public trust,age_band,45-59,funding_perceptions,57.091,45.315,68.867
High public trust,age_band,45-59,inst_trust_mean,54.291,47.744,60.838
High public trust,age_band,45-59,newsletter_signup,0.273,0.01,0.536
High public trust,age_band,45-59,policy_general,62.273,46.073,78.472
High public trust,age_band,45-59,policy_role_mean,56.864,50.198,63.529
High public trust,age_band,45-59,policy_specific_mean,53.091,47.398,58.783
High public trust,age_band,45-59,trust_multidimensional,48.485,44.029,52.941
High public trust,age_band,45-59,trust_post,46.727,28.566,64.888
High public trust,age_band,60+,behavior_mean,48.19,43.93,52.451
High public trust,age_band,60+,belief_post,60.929,53.181,68.676
High public trust,age_band,60+,concern_mean,53.119,47.351,58.887
High public trust,age_band,60+,distrust_post,51.536,41.461,61.611
High public trust,age_band,60+,donation_ams,4.929,3.926,5.931
High public trust,age_band,60+,funding_perceptions,50.536,39.193,61.878
High public trust,age_band,60+,inst_trust_mean,50.743,46.463,55.023
High public trust,age_band,60+,newsletter_signup,0.321,0.148,0.494
High public trust,age_band,60+,policy_general,51.607,42.265,60.95
High public trust,age_band,60+,policy_role_mean,46.232,41.401,51.063
High public trust,age_band,60+,policy_specific_mean,51.694,48.126,55.262
High public trust,age_band,60+,trust_multidimensional,48.967,46.287,51.648
High public trust,age_band,60+,trust_post,56.179,47.943,64.414
Measurement & modeling (2),age_band,18-29,behavior_mean,54.03,47.303,60.757
Measurement & modeling (2),age_band,18-29,belief_post,39.364,22.416,56.312
Measurement & modeling (2),age_band,18-29,concern_mean,45.636,39.818,51.454
Measurement & modeling (2),age_band,18-29,distrust_post,58.818,41.781,75.856
Measurement & modeling (2),age_band,18-29,donation_ams,4.364,2.417,6.311
Measurement & modeling (2),age_band,18-29,funding_perceptions,48.273,33.974,62.571
Measurement & modeling (2),age_band,18-29,inst_trust_mean,49.455,40.072,58.837
Measurement & modeling (2),age_band,18-29,newsletter_signup,0.455,0.16,0.749
Measurement & modeling (2),age_band,18-29,policy_general,51.273,38.074,64.471
Measurement & modeling (2),age_band,18-29,policy_role_mean,45.477,38.003,52.951
Measurement & modeling (2),age_band,18-29,policy_specific_mean,44.117,40.182,48.052
Measurement & modeling (2),age_band,18-29,trust_multidimensional,52.674,50.371,54.978
Measurement & modeling (2),age_band,18-29,trust_post,65,45.791,84.209
Measurement & modeling (2),age_band,30-44,behavior_mean,51.189,45.216,57.162
Measurement & modeling (2),age_band,30-44,belief_post,50.533,39.885,61.181
Measurement & modeling (2),age_band,30-44,concern_mean,47.778,40.145,55.41
Measurement & modeling (2),age_band,30-44,distrust_post,45.2,32.897,57.503
Measurement & modeling (2),age_band,30-44,donation_ams,5.533,3.824,7.243
Measurement & modeling (2),age_band,30-44,funding_perceptions,48.733,30.132,67.335
Measurement & modeling (2),age_band,30-44,inst_trust_mean,53.627,47.151,60.102
Measurement & modeling (2),age_band,30-44,newsletter_signup,0.2,-0.002,0.402
Measurement & modeling (2),age_band,30-44,policy_general,51.6,39.64,63.56
Measurement & modeling (2),age_band,30-44,policy_role_mean,46.483,37.634,55.333
Measurement & modeling (2),age_band,30-44,policy_specific_mean,51.21,45.006,57.413
Measurement & modeling (2),age_band,30-44,trust_multidimensional,46.183,42.604,49.763
Measurement & modeling (2),age_band,30-44,trust_post,52.067,36.483,67.65
Measurement & modeling (2),age_band,45-59,behavior_mean,53.107,46.526,59.688
Measurement & modeling (2),age_band,45-59,belief_post,50.929,37.741,64.116
Measurement & modeling (2),age_band,45-59,concern_mean,50.548,43.824,57.271
Measurement & modeling (2),age_band,45-59,distrust_post,44.071,32.377,55.766
Measurement & modeling (2),age_band,45-59,donation_ams,4.5,2.654,6.346
Measurement & modeling (2),age_band,45-59,funding_perceptions,56.5,46.227,66.773
Measurement & modeling (2),age_band,45-59,inst_trust_mean,54.914,48.299,61.529
Measurement & modeling (2),age_band,45-59,newsletter_signup,0.214,-0.001,0.429
Measurement & modeling (2),age_band,45-59,policy_general,50.643,37.963,63.323
Measurement & modeling (2),age_band,45-59,policy_role_mean,51.554,45.349,57.758
Measurement & modeling (2),age_band,45-59,policy_specific_mean,52.806,46.339,59.273
Measurement & modeling (2),age_band,45-59,trust_multidimensional,47.619,43.349,51.889
Measurement & modeling (2),age_band,45-59,trust_post,57.214,44.082,70.347
Measurement & modeling (2),age_band,60+,behavior_mean,48.183,43.602,52.765
Measurement & modeling (2),age_band,60+,belief_post,51.25,38.628,63.872
Measurement & modeling (2),age_band,60+,concern_mean,46.95,39.691,54.209
Measurement & modeling (2),age_band,60+,distrust_post,56.75,46.946,66.554
Measurement & modeling (2),age_band,60+,donation_ams,5.2,3.947,6.453
Measurement & modeling (2),age_band,60+,funding_perceptions,46.9,34.81,58.99
Measurement & modeling (2),age_band,60+,inst_trust_mean,54.57,49.127,60.013
Measurement & modeling (2),age_band,60+,newsletter_signup,0.05,-0.046,0.146
Measurement & modeling (2),age_band,60+,policy_general,53.45,43.04,63.86
Measurement & modeling (2),age_band,60+,policy_role_mean,53.663,46.336,60.989
Measurement & modeling (2),age_band,60+,policy_specific_mean,51.521,46.444,56.599
Measurement & modeling (2),age_band,60+,trust_multidimensional,51.462,48.104,54.821
Measurement & modeling (2),age_band,60+,trust_post,53.25,38.264,68.236
Peer-review,age_band,18-29,behavior_mean,57.125,52.266,61.984
Peer-review,age_band,18-29,belief_post,51.625,32.572,70.678
Peer-review,age_band,18-29,concern_mean,55.917,42.244,69.59
Peer-review,age_band,18-29,distrust_post,52,33.869,70.131
Peer-review,age_band,18-29,donation_ams,3.875,0.833,6.917
Peer-review,age_band,18-29,funding_perceptions,55.25,32.072,78.428
Peer-review,age_band,18-29,inst_trust_mean,45.975,41.683,50.267
Peer-review,age_band,18-29,newsletter_signup,0.125,-0.104,0.354
Peer-review,age_band,18-29,policy_general,36.625,19.335,53.915
Peer-review,age_band,18-29,policy_role_mean,52.188,48.496,55.879
Peer-review,age_band,18-29,policy_specific_mean,53.25,47.537,58.963
Peer-review,age_band,18-29,trust_multidimensional,52,46.703,57.297
Peer-review,age_band,18-29,trust_post,53,34.175,71.825
Peer-review,age_band,30-44,behavior_mean,51.917,44.942,58.892
Peer-review,age_band,30-44,belief_post,43.667,27.36,59.973
Peer-review,age_band,30-44,concern_mean,39.639,30.078,49.2
Peer-review,age_band,30-44,distrust_post,53.667,43.075,64.258
Peer-review,age_band,30-44,donation_ams,4.167,2.08,6.254
Peer-review,age_band,30-44,funding_perceptions,40.583,29.012,52.155
Peer-review,age_band,30-44,inst_trust_mean,48.75,41.032,56.468
Peer-review,age_band,30-44,newsletter_signup,0.25,0.005,0.495
Peer-review,age_band,30-44,policy_general,58.25,44.04,72.46
Peer-review,age_band,30-44,policy_role_mean,49.354,43.702,55.007
Peer-review,age_band,30-44,policy_specific_mean,51.702,46.587,56.818
Peer-review,age_band,30-44,trust_multidimensional,50.222,46.974,53.471
Peer-review,age_band,30-44,trust_post,63,47.69,78.31
Peer-review,age_band,45-59,behavior_mean,45.244,40.63,49.859
Peer-review,age_band,45-59,belief_post,52.867,42.05,63.683
Peer-review,age_band,45-59,concern_mean,46.444,37.198,55.69
Peer-review,age_band,45-59,distrust_post,46.2,31.876,60.524
Peer-review,age_band,45-59,donation_ams,6,4.237,7.763
Peer-review,age_band,45-59,funding_perceptions,47.467,31.178,63.755
Peer-review,age_band,45-59,inst_trust_mean,49.587,45.581,53.593
Peer-review,age_band,45-59,newsletter_signup,0.267,0.043,0.49
Peer-review,age_band,45-59,policy_general,47.333,32.31,62.356
Peer-review,age_band,45-59,policy_role_mean,50.633,44.344,56.922
Peer-review,age_band,45-59,policy_specific_mean,47.067,42.291,51.843
Peer-review,age_band,45-59,trust_multidimensional,51.033,47.937,54.13
Peer-review,age_band,45-59,trust_post,40.467,27.822,53.111
Peer-review,age_band,60+,behavior_mean,48.813,44.123,53.503
Peer-review,age_band,60+,belief_post,51.92,40.424,63.416
Peer-review,age_band,60+,concern_mean,45.973,39.224,52.723
Peer-review,age_band,60+,distrust_post,44.36,33.093,55.627
Peer-review,age_band,60+,donation_ams,4.64,3.232,6.048
Peer-review,age_band,60+,funding_perceptions,47.6,38.842,56.358
Peer-review,age_band,60+,inst_trust_mean,50.112,46.137,54.087
Peer-review,age_band,60+,newsletter_signup,0.24,0.073,0.407
Peer-review,age_band,60+,policy_general,41.8,34.653,48.947
Peer-review,age_band,60+,policy_role_mean,45.26,39.426,51.094
Peer-review,age_band,60+,policy_specific_mean,45.469,40.65,50.287
Peer-review,age_band,60+,trust_multidimensional,50.5,47.774,53.226
Peer-review,age_band,60+,trust_post,40.56,31.841,49.279
Scientist community helpers,age_band,18-29,behavior_mean,52.204,47.394,57.013
Scientist community helpers,age_band,18-29,belief_post,39,16.056,61.944
Scientist community helpers,age_band,18-29,concern_mean,46.296,37.765,54.828
Scientist community helpers,age_band,18-29,distrust_post,50.889,29.732,72.045
Scientist community helpers,age_band,18-29,donation_ams,5.778,4.056,7.499
Scientist community helpers,age_band,18-29,funding_perceptions,60,45.105,74.895
Scientist community helpers,age_band,18-29,inst_trust_mean,48.622,41.729,55.516
Scientist community helpers,age_band,18-29,newsletter_signup,0.556,0.231,0.88
Scientist community helpers,age_band,18-29,policy_general,52.222,31.825,72.619
Scientist community helpers,age_band,18-29,policy_role_mean,50.139,41.065,59.213
Scientist community helpers,age_band,18-29,policy_specific_mean,49.984,44.874,55.094
Scientist community helpers,age_band,18-29,trust_multidimensional,56,48.945,63.055
Scientist community helpers,age_band,18-29,trust_post,59.333,48.098,70.569
Scientist community helpers,age_band,30-44,behavior_mean,45.514,37.245,53.783
Scientist community helpers,age_band,30-44,belief_post,56.5,43.092,69.908
Scientist community helpers,age_band,30-44,concern_mean,47.5,41.761,53.239
Scientist community helpers,age_band,30-44,distrust_post,46.667,32.621,60.712
Scientist community helpers,age_band,30-44,donation_ams,5.583,3.587,7.58
Scientist community helpers,age_band,30-44,funding_perceptions,61.25,42.195,80.305
Scientist community helpers,age_band,30-44,inst_trust_mean,54.117,46.019,62.214
Scientist community helpers,age_band,30-44,newsletter_signup,0.333,0.067,0.6
Scientist community helpers,age_band,30-44,policy_general,48.417,36.228,60.606
Scientist community helpers,age_band,30-44,policy_role_mean,51.479,45.021,57.937
Scientist community helpers,age_band,30-44,policy_specific_mean,49.167,43.427,54.906
Scientist community helpers,age_band,30-44,trust_multidimensional,48.507,41.027,55.987
Scientist community helpers,age_band,30-44,trust_post,60.5,48.131,72.869
Scientist community helpers,age_band,45-59,behavior_mean,52.5,48.283,56.717
Scientist community helpers,age_band,45-59,belief_post,34.6,22.41,46.79
Scientist community helpers,age_band,45-59,concern_mean,48.756,40.255,57.256
Scientist community helpers,age_band,45-59,distrust_post,55.733,47.628,63.838
Scientist community helpers,age_band,45-59,donation_ams,4.933,3.007,6.86
Scientist community helpers,age_band,45-59,funding_perceptions,57.667,45.672,69.662
Scientist community helpers,age_band,45-59,inst_trust_mean,48.96,43.301,54.619
Scientist community helpers,age_band,45-59,newsletter_signup,0.067,-0.06,0.193
Scientist community helpers,age_band,45-59,policy_general,56,43.639,68.361
Scientist community helpers,age_band,45-59,policy_role_mean,53.7,47.538,59.862
Scientist community helpers,age_band,45-59,policy_specific_mean,54.81,48.99,60.629
Scientist community helpers,age_band,45-59,trust_multidimensional,47.961,44.337,51.585
Scientist community helpers,age_band,45-59,trust_post,60.667,48.529,72.804
Scientist community helpers,age_band,60+,behavior_mean,53.944,51.441,56.448
Scientist community helpers,age_band,60+,belief_post,51.25,41.141,61.359
Scientist community helpers,age_band,60+,concern_mean,46.458,39.035,53.882
Scientist community helpers,age_band,60+,distrust_post,46.833,35.935,57.732
Scientist community helpers,age_band,60+,donation_ams,5.125,3.826,6.424
Scientist community helpers,age_band,60+,funding_perceptions,40.75,30.31,51.19
Scientist community helpers,age_band,60+,inst_trust_mean,48.267,44.052,52.482
Scientist community helpers,age_band,60+,newsletter_signup,0.083,-0.027,0.194
Scientist community helpers,age_band,60+,policy_general,46.417,35.774,57.059
Scientist community helpers,age_band,60+,policy_role_mean,49.062,42.366,55.759
Scientist community helpers,age_band,60+,policy_specific_mean,46.679,42.526,50.831
Scientist community helpers,age_band,60+,trust_multidimensional,49.726,46.837,52.614
Scientist community helpers,age_band,60+,trust_post,44.292,33.654,54.929
Consensus,age_band,18-29,behavior_mean,46.119,42.003,50.235
Consensus,age_band,18-29,belief_post,42,23.996,60.004
Consensus,age_band,18-29,concern_mean,42.762,31.48,54.044
Consensus,age_band,18-29,distrust_post,48.143,20.549,75.737
Consensus,age_band,18-29,donation_ams,4.429,1.695,7.162
Consensus,age_band,18-29,funding_perceptions,49.429,31.4,67.458
Consensus,age_band,18-29,inst_trust_mean,55.171,44.847,65.496
Consensus,age_band,18-29,newsletter_signup,0.286,-0.049,0.62
Consensus,age_band,18-29,policy_general,33.857,11.805,55.91
Consensus,age_band,18-29,policy_role_mean,42.643,34.435,50.851
Consensus,age_band,18-29,policy_specific_mean,57.592,50.195,64.988
Consensus,age_band,18-29,trust_multidimensional,54.774,49.56,59.988
Consensus,age_band,18-29,trust_post,43.143,29.447,56.839
Consensus,age_band,30-44,behavior_mean,48.9,44.726,53.074
Consensus,age_band,30-44,belief_post,56.6,44.92,68.28
Consensus,age_band,30-44,concern_mean,49.711,40.904,58.518
Consensus,age_band,30-44,distrust_post,44.467,34.349,54.584
Consensus,age_band,30-44,donation_ams,5.733,4.309,7.158
Consensus,age_band,30-44,funding_perceptions,41.4,27.548,55.252
Consensus,age_band,30-44,inst_trust_mean,48.613,40.722,56.504
Consensus,age_band,30-44,newsletter_signup,0.067,-0.06,0.193
Consensus,age_band,30-44,policy_general,47.667,32.215,63.118
Consensus,age_band,30-44,policy_role_mean,42.433,36.614,48.252
Consensus,age_band,30-44,policy_specific_mean,52.324,49.719,54.928
Consensus,age_band,30-44,trust_multidimensional,51.406,48.197,54.614
Consensus,age_band,30-44,trust_post,55.933,44.053,67.813
Consensus,age_band,45-59,behavior_mean,56.259,50.7,61.819
Consensus,age_band,45-59,belief_post,63.056,52.864,73.247
Consensus,age_band,45-59,concern_mean,47.741,42.095,53.387
Consensus,age_band,45-59,distrust_post,43.222,30.202,56.242
Consensus,age_band,45-59,donation_ams,5.333,4.076,6.591
Consensus,age_band,45-59,funding_perceptions,37.056,24.56,49.551
Consensus,age_band,45-59,inst_trust_mean,50.2,45.191,55.209
Consensus,age_band,45-59,newsletter_signup,0.389,0.164,0.614
Consensus,age_band,45-59,policy_general,40.5,31.816,49.184
Consensus,age_band,45-59,policy_role_mean,45.181,38.191,52.171
Consensus,age_band,45-59,policy_specific_mean,49.897,45.864,53.93
Consensus,age_band,45-59,trust_multidimensional,49.403,45.299,53.507
Consensus,age_band,45-59,trust_post,46.722,33.227,60.218
Consensus,age_band,60+,behavior_mean,49.283,43.615,54.951
Consensus,age_band,60+,belief_post,50.35,41.343,59.357
Consensus,age_band,60+,concern_mean,48.8,41.979,55.621
Consensus,age_band,60+,distrust_post,44.25,33.751,54.749
Consensus,age_band,60+,donation_ams,4.75,3.463,6.037
Consensus,age_band,60+,funding_perceptions,51.4,41.432,61.368
Consensus,age_band,60+,inst_trust_mean,47.81,43.019,52.601
Consensus,age_band,60+,newsletter_signup,0.15,-0.006,0.306
Consensus,age_band,60+,policy_general,55.4,43.218,67.582
Consensus,age_band,60+,policy_role_mean,56.1,51.461,60.739
Consensus,age_band,60+,policy_specific_mean,49.621,45.185,54.057
Consensus,age_band,60+,trust_multidimensional,53.479,49.716,57.242
Consensus,age_band,60+,trust_post,57.1,47.288,66.912
Portrait Prof. Cherry,age_band,18-29,behavior_mean,43.9,33.968,53.832
Portrait Prof. Cherry,age_band,18-29,belief_post,50.2,25.212,75.188
Portrait Prof. Cherry,age_band,18-29,concern_mean,56.067,47.415,64.718
Portrait Prof. Cherry,age_band,18-29,distrust_post,54.6,32.23,76.97
Portrait Prof. Cherry,age_band,18-29,donation_ams,5.8,3.07,8.53
Portrait Prof. Cherry,age_band,18-29,funding_perceptions,46.8,31.525,62.075
Portrait Prof. Cherry,age_band,18-29,inst_trust_mean,40.08,28.302,51.858
Portrait Prof. Cherry,age_band,18-29,newsletter_signup,0.2,-0.151,0.551
Portrait Prof. Cherry,age_band,18-29,policy_general,64.6,44.292,84.908
Portrait Prof. Cherry,age_band,18-29,policy_role_mean,49.85,37.206,62.494
Portrait Prof. Cherry,age_band,18-29,policy_specific_mean,47.343,38.022,56.664
Portrait Prof. Cherry,age_band,18-29,trust_multidimensional,44.767,38.691,50.842
Portrait Prof. Cherry,age_band,18-29,trust_post,44.8,15.885,73.715
Portrait Prof. Cherry,age_band,30-44,behavior_mean,53.486,45.577,61.395
Portrait Prof. Cherry,age_band,30-44,belief_post,54.417,46.516,62.318
Portrait Prof. Cherry,age_band,30-44,concern_mean,57.5,49.199,65.801
Portrait Prof. Cherry,age_band,30-44,distrust_post,50.333,36.033,64.634
Portrait Prof. Cherry,age_band,30-44,donation_ams,5.083,3.177,6.99
Portrait Prof. Cherry,age_band,30-44,funding_perceptions,51.25,39.021,63.479
Portrait Prof. Cherry,age_band,30-44,inst_trust_mean,46.783,40.282,53.285
Portrait Prof. Cherry,age_band,30-44,newsletter_signup,0.167,-0.044,0.378
Portrait Prof. Cherry,age_band,30-44,policy_general,48.917,32.971,64.863
Portrait Prof. Cherry,age_band,30-44,policy_role_mean,51.625,44.473,58.777
Portrait Prof. Cherry,age_band,30-44,policy_specific_mean,49.833,43.261,56.406
Portrait Prof. Cherry,age_band,30-44,trust_multidimensional,50.361,46.807,53.915
Portrait Prof. Cherry,age_band,30-44,trust_post,42.75,29.198,56.302
Portrait Prof. Cherry,age_band,45-59,behavior_mean,47.737,45.063,50.411
Portrait Prof. Cherry,age_band,45-59,belief_post,56.684,45.645,67.723
Portrait Prof. Cherry,age_band,45-59,concern_mean,45.193,38.329,52.057
Portrait Prof. Cherry,age_band,45-59,distrust_post,46.316,32.337,60.295
Portrait Prof. Cherry,age_band,45-59,donation_ams,4.842,3.092,6.592
Portrait Prof. Cherry,age_band,45-59,funding_perceptions,50.526,39.055,61.998
Portrait Prof. Cherry,age_band,45-59,inst_trust_mean,50.221,45.616,54.826
Portrait Prof. Cherry,age_band,45-59,newsletter_signup,0.421,0.199,0.643
Portrait Prof. Cherry,age_band,45-59,policy_general,53,38.291,67.709
Portrait Prof. Cherry,age_band,45-59,policy_role_mean,47.447,39.877,55.018
Portrait Prof. Cherry,age_band,45-59,policy_specific_mean,49.91,45.029,54.79
Portrait Prof. Cherry,age_band,45-59,trust_multidimensional,50.693,47.434,53.952
Portrait Prof. Cherry,age_band,45-59,trust_post,50.842,41.239,60.446
Portrait Prof. Cherry,age_band,60+,behavior_mean,50.375,46.716,54.034
Portrait Prof. Cherry,age_band,60+,belief_post,54.25,43.659,64.841
Portrait Prof. Cherry,age_band,60+,concern_mean,48.389,43.464,53.313
Portrait Prof. Cherry,age_band,60+,distrust_post,44.5,36.184,52.816
Portrait Prof. Cherry,age_band,60+,donation_ams,5.792,4.56,7.023
Portrait Prof. Cherry,age_band,60+,funding_perceptions,39.875,30.546,49.204
Portrait Prof. Cherry,age_band,60+,inst_trust_mean,49.525,44.131,54.919
Portrait Prof. Cherry,age_band,60+,newsletter_signup,0.083,-0.027,0.194
Portrait Prof. Cherry,age_band,60+,policy_general,52.417,42.092,62.742
Portrait Prof. Cherry,age_band,60+,policy_role_mean,45.24,39.448,51.031
Portrait Prof. Cherry,age_band,60+,policy_specific_mean,50.625,46.439,54.811
Portrait Prof. Cherry,age_band,60+,trust_multidimensional,47.875,44.806,50.944
Portrait Prof. Cherry,age_band,60+,trust_post,42.917,31.678,54.155
Model accuracy,age_band,18-29,behavior_mean,55.7,48.105,63.295
Model accuracy,age_band,18-29,belief_post,56.2,41.358,71.042
Model accuracy,age_band,18-29,concern_mean,45.133,26.089,64.177
Model accuracy,age_band,18-29,distrust_post,68.2,55.537,80.863
Model accuracy,age_band,18-29,donation_ams,6.2,3.401,8.999
Model accuracy,age_band,18-29,funding_perceptions,56.2,37.571,74.829
Model accuracy,age_band,18-29,inst_trust_mean,44,36.385,51.615
Model accuracy,age_band,18-29,newsletter_signup,0.2,-0.151,0.551
Model accuracy,age_band,18-29,policy_general,40.8,15.408,66.192
Model accuracy,age_band,18-29,policy_role_mean,45.5,41.101,49.899
Model accuracy,age_band,18-29,policy_specific_mean,46.114,36.764,55.464
Model accuracy,age_band,18-29,trust_multidimensional,52.533,44.003,61.063
Model accuracy,age_band,18-29,trust_post,41.6,20.097,63.103
Model accuracy,age_band,30-44,behavior_mean,53.536,47.475,59.596
Model accuracy,age_band,30-44,belief_post,38.143,30.58,45.706
Model accuracy,age_band,30-44,concern_mean,54.119,45.659,62.579
Model accuracy,age_band,30-44,distrust_post,40,27.053,52.947
Model accuracy,age_band,30-44,donation_ams,4.071,2.335,5.808
Model accuracy,age_band,30-44,funding_perceptions,39.071,24.375,53.768
Model accuracy,age_band,30-44,inst_trust_mean,51.929,44.725,59.133
Model accuracy,age_band,30-44,newsletter_signup,0.143,-0.04,0.326
Model accuracy,age_band,30-44,policy_general,46.929,32.588,61.269
Model accuracy,age_band,30-44,policy_role_mean,47.071,38.48,55.662
Model accuracy,age_band,30-44,policy_specific_mean,53.214,47.684,58.744
Model accuracy,age_band,30-44,trust_multidimensional,50.804,46.949,54.658
Model accuracy,age_band,30-44,trust_post,52.571,39.703,65.44
Model accuracy,age_band,45-59,behavior_mean,54.345,49.18,59.511
Model accuracy,age_band,45-59,belief_post,41.357,27.681,55.033
Model accuracy,age_band,45-59,concern_mean,54.81,49.467,60.152
Model accuracy,age_band,45-59,distrust_post,54.5,37.071,71.929
Model accuracy,age_band,45-59,donation_ams,4.857,2.888,6.826
Model accuracy,age_band,45-59,funding_perceptions,44.5,29.663,59.337
Model accuracy,age_band,45-59,inst_trust_mean,51.4,45.926,56.874
Model accuracy,age_band,45-59,newsletter_signup,0.143,-0.04,0.326
Model accuracy,age_band,45-59,policy_general,51.143,38.013,64.273
Model accuracy,age_band,45-59,policy_role_mean,43.464,35.471,51.457
Model accuracy,age_band,45-59,policy_specific_mean,49.816,45.438,54.194
Model accuracy,age_band,45-59,trust_multidimensional,50.446,46.447,54.446
Model accuracy,age_band,45-59,trust_post,46.786,31.493,62.079
Model accuracy,age_band,60+,behavior_mean,49.265,44.153,54.378
Model accuracy,age_band,60+,belief_post,47.815,38.067,57.562
Model accuracy,age_band,60+,concern_mean,50.938,45.245,56.631
Model accuracy,age_band,60+,distrust_post,57.222,48.033,66.411
Model accuracy,age_band,60+,donation_ams,4.556,3.513,5.598
Model accuracy,age_band,60+,funding_perceptions,47.963,37.954,57.972
Model accuracy,age_band,60+,inst_trust_mean,48.178,44.047,52.308
Model accuracy,age_band,60+,newsletter_signup,0.333,0.156,0.511
Model accuracy,age_band,60+,policy_general,47.926,36.656,59.196
Model accuracy,age_band,60+,policy_role_mean,48.324,43.03,53.618
Model accuracy,age_band,60+,policy_specific_mean,49.783,45.812,53.754
Model accuracy,age_band,60+,trust_multidimensional,48.846,46.334,51.357
Model accuracy,age_band,60+,trust_post,45.926,36.294,55.557
Interview Prof. Sebille,age_band,18-29,behavior_mean,48.8,43.847,53.753
Interview Prof. Sebille,age_band,18-29,belief_post,43.5,31.245,55.755
Interview Prof. Sebille,age_band,18-29,concern_mean,46.333,38.729,53.938
Interview Prof. Sebille,age_band,18-29,distrust_post,50.7,31.744,69.656
Interview Prof. Sebille,age_band,18-29,donation_ams,4.8,3.052,6.548
Interview Prof. Sebille,age_band,18-29,funding_perceptions,63.2,44.795,81.605
Interview Prof. Sebille,age_band,18-29,inst_trust_mean,56.58,49.702,63.458
Interview Prof. Sebille,age_band,18-29,newsletter_signup,0.2,-0.048,0.448
Interview Prof. Sebille,age_band,18-29,policy_general,53.6,41.066,66.134
Interview Prof. Sebille,age_band,18-29,policy_role_mean,46.475,38.396,54.554
Interview Prof. Sebille,age_band,18-29,policy_specific_mean,54.929,49.309,60.548
Interview Prof. Sebille,age_band,18-29,trust_multidimensional,50.742,43.711,57.773
Interview Prof. Sebille,age_band,18-29,trust_post,69.3,58.209,80.391
Interview Prof. Sebille,age_band,30-44,behavior_mean,51.931,47.028,56.834
Interview Prof. Sebille,age_band,30-44,belief_post,33,20.466,45.534
Interview Prof. Sebille,age_band,30-44,concern_mean,53.722,47.983,59.461
Interview Prof. Sebille,age_band,30-44,distrust_post,53.5,37.944,69.056
Interview Prof. Sebille,age_band,30-44,donation_ams,4.25,2.459,6.041
Interview Prof. Sebille,age_band,30-44,funding_perceptions,42.167,32.93,51.404
Interview Prof. Sebille,age_band,30-44,inst_trust_mean,46.983,39.986,53.98
Interview Prof. Sebille,age_band,30-44,newsletter_signup,0.167,-0.044,0.378
Interview Prof. Sebille,age_band,30-44,policy_general,40.833,25.105,56.561
Interview Prof. Sebille,age_band,30-44,policy_role_mean,45.167,38.253,52.08
Interview Prof. Sebille,age_band,30-44,policy_specific_mean,50.333,44.962,55.705
Interview Prof. Sebille,age_band,30-44,trust_multidimensional,52.812,47.179,58.446
Interview Prof. Sebille,age_band,30-44,trust_post,49.167,40.319,58.014
Interview Prof. Sebille,age_band,45-59,behavior_mean,51.269,47.296,55.242
Interview Prof. Sebille,age_band,45-59,belief_post,45.231,30.773,59.689
Interview Prof. Sebille,age_band,45-59,concern_mean,44.282,37.666,50.898
Interview Prof. Sebille,age_band,45-59,distrust_post,36.923,24.135,49.711
Interview Prof. Sebille,age_band,45-59,donation_ams,5,3.117,6.883
Interview Prof. Sebille,age_band,45-59,funding_perceptions,48.769,37.553,59.985
Interview Prof. Sebille,age_band,45-59,inst_trust_mean,49.677,45.572,53.782
Interview Prof. Sebille,age_band,45-59,newsletter_signup,0.077,-0.068,0.222
Interview Prof. Sebille,age_band,45-59,policy_general,52.923,40.62,65.226
Interview Prof. Sebille,age_band,45-59,policy_role_mean,51.423,42.983,59.863
Interview Prof. Sebille,age_band,45-59,policy_specific_mean,50.945,46.207,55.683
Interview Prof. Sebille,age_band,45-59,trust_multidimensional,51.333,47.049,55.618
Interview Prof. Sebille,age_band,45-59,trust_post,53.231,37.721,68.74
Interview Prof. Sebille,age_band,60+,behavior_mean,49.82,45.886,53.754
Interview Prof. Sebille,age_band,60+,belief_post,53.08,41.046,65.114
Interview Prof. Sebille,age_band,60+,concern_mean,50.2,43.897,56.503
Interview Prof. Sebille,age_band,60+,distrust_post,37.16,26.959,47.361
Interview Prof. Sebille,age_band,60+,donation_ams,4.48,3.204,5.756
Interview Prof. Sebille,age_band,60+,funding_perceptions,56.64,49.337,63.943
Interview Prof. Sebille,age_band,60+,inst_trust_mean,46.088,41.061,51.115
Interview Prof. Sebille,age_band,60+,newsletter_signup,0.2,0.043,0.357
Interview Prof. Sebille,age_band,60+,policy_general,51.08,39.078,63.082
Interview Prof. Sebille,age_band,60+,policy_role_mean,48.47,43.857,53.083
Interview Prof. Sebille,age_band,60+,policy_specific_mean,48.389,45.158,51.619
Interview Prof. Sebille,age_band,60+,trust_multidimensional,47.913,44.081,51.746
Interview Prof. Sebille,age_band,60+,trust_post,50.52,39.98,61.06
Extreme weather predictions,age_band,18-29,behavior_mean,44.875,37.917,51.833
Extreme weather predictions,age_band,18-29,belief_post,48,30.344,65.656
Extreme weather predictions,age_band,18-29,concern_mean,51,39.913,62.087
Extreme weather predictions,age_band,18-29,distrust_post,64.375,55.356,73.394
Extreme weather predictions,age_band,18-29,donation_ams,4,1.747,6.253
Extreme weather predictions,age_band,18-29,funding_perceptions,48.5,30.771,66.229
Extreme weather predictions,age_band,18-29,inst_trust_mean,48.875,40.846,56.904
Extreme weather predictions,age_band,18-29,newsletter_signup,0.125,-0.104,0.354
Extreme weather predictions,age_band,18-29,policy_general,30.75,10.984,50.516
Extreme weather predictions,age_band,18-29,policy_role_mean,52.312,44.348,60.277
Extreme weather predictions,age_band,18-29,policy_specific_mean,50.75,43.554,57.946
Extreme weather predictions,age_band,18-29,trust_multidimensional,52.802,48.705,56.899
Extreme weather predictions,age_band,18-29,trust_post,37.75,22.465,53.035
Extreme weather predictions,age_band,30-44,behavior_mean,49.439,44.148,54.731
Extreme weather predictions,age_band,30-44,belief_post,50.545,37.697,63.394
Extreme weather predictions,age_band,30-44,concern_mean,54.455,44.455,64.454
Extreme weather predictions,age_band,30-44,distrust_post,60.091,40.999,79.183
Extreme weather predictions,age_band,30-44,donation_ams,3.545,1.805,5.286
Extreme weather predictions,age_band,30-44,funding_perceptions,47.455,34.181,60.728
Extreme weather predictions,age_band,30-44,inst_trust_mean,48.418,41.269,55.568
Extreme weather predictions,age_band,30-44,newsletter_signup,0.273,0.01,0.536
Extreme weather predictions,age_band,30-44,policy_general,58,44.757,71.243
Extreme weather predictions,age_band,30-44,policy_role_mean,58.864,52.318,65.41
Extreme weather predictions,age_band,30-44,policy_specific_mean,52.87,45.493,60.247
Extreme weather predictions,age_band,30-44,trust_multidimensional,48.682,44.223,53.14
Extreme weather predictions,age_band,30-44,trust_post,48.909,33.19,64.628
Extreme weather predictions,age_band,45-59,behavior_mean,53.854,48.381,59.328
Extreme weather predictions,age_band,45-59,belief_post,48.375,33.993,62.757
Extreme weather predictions,age_band,45-59,concern_mean,54.021,47.683,60.358
Extreme weather predictions,age_band,45-59,distrust_post,54.125,43.036,65.214
Extreme weather predictions,age_band,45-59,donation_ams,4.938,3.332,6.543
Extreme weather predictions,age_band,45-59,funding_perceptions,59.562,49.114,70.011
Extreme weather predictions,age_band,45-59,inst_trust_mean,49.513,44.804,54.221
Extreme weather predictions,age_band,45-59,newsletter_signup,0.188,-0.004,0.379
Extreme weather predictions,age_band,45-59,policy_general,41.562,33.371,49.754
Extreme weather predictions,age_band,45-59,policy_role_mean,53.344,47.402,59.285
Extreme weather predictions,age_band,45-59,policy_specific_mean,50.223,45.974,54.473
Extreme weather predictions,age_band,45-59,trust_multidimensional,48.62,45.283,51.957
Extreme weather predictions,age_band,45-59,trust_post,61.938,50.677,73.198
Extreme weather predictions,age_band,60+,behavior_mean,48.767,43.839,53.694
Extreme weather predictions,age_band,60+,belief_post,56.8,46.964,66.636
Extreme weather predictions,age_band,60+,concern_mean,49.053,44.151,53.955
Extreme weather predictions,age_band,60+,distrust_post,55,44.947,65.053
Extreme weather predictions,age_band,60+,donation_ams,5.52,4.327,6.713
Extreme weather predictions,age_band,60+,funding_perceptions,45.12,34.344,55.896
Extreme weather predictions,age_band,60+,inst_trust_mean,47.6,41.78,53.42
Extreme weather predictions,age_band,60+,newsletter_signup,0.16,0.016,0.304
Extreme weather predictions,age_band,60+,policy_general,49.72,40.777,58.663
Extreme weather predictions,age_band,60+,policy_role_mean,48.06,42.973,53.147
Extreme weather predictions,age_band,60+,policy_specific_mean,51.623,47.294,55.952
Extreme weather predictions,age_band,60+,trust_multidimensional,51.853,49.281,54.426
Extreme weather predictions,age_band,60+,trust_post,43.44,33.953,52.927
control,race,White / Caucasian,behavior_mean,52.271,44.474,60.068
control,race,White / Caucasian,belief_post,60.5,39.303,81.697
control,race,White / Caucasian,concern_mean,48.083,40.816,55.351
control,race,White / Caucasian,distrust_post,50,25.748,74.252
control,race,White / Caucasian,donation_ams,4.25,1.611,6.889
control,race,White / Caucasian,funding_perceptions,55.75,37.116,74.384
control,race,White / Caucasian,inst_trust_mean,43.025,35.177,50.873
control,race,White / Caucasian,newsletter_signup,0.25,-0.05,0.55
control,race,White / Caucasian,policy_general,35.625,15.375,55.875
control,race,White / Caucasian,policy_role_mean,56.594,49.868,63.319
control,race,White / Caucasian,policy_specific_mean,49.071,44.526,53.617
control,race,White / Caucasian,trust_multidimensional,50.823,44.773,56.873
control,race,White / Caucasian,trust_post,62.875,43.791,81.959
control,race,Black / African American,behavior_mean,54.139,44.574,63.704
control,race,Black / African American,belief_post,59.167,46.777,71.557
control,race,Black / African American,concern_mean,58.944,54.47,63.418
control,race,Black / African American,distrust_post,32.333,10.984,53.682
control,race,Black / African American,donation_ams,3.667,1.257,6.076
control,race,Black / African American,funding_perceptions,58,37.738,78.262
control,race,Black / African American,inst_trust_mean,43.667,39.21,48.123
control,race,Black / African American,newsletter_signup,0.167,-0.132,0.465
control,race,Black / African American,policy_general,52.333,43.257,61.41
control,race,Black / African American,policy_role_mean,51.667,44.121,59.212
control,race,Black / African American,policy_specific_mean,51.476,44.464,58.488
control,race,Black / African American,trust_multidimensional,52.472,49.796,55.148
control,race,Black / African American,trust_post,63.833,41.847,85.819
control,race,Hispanic / Latino,behavior_mean,43.733,39.298,48.169
control,race,Hispanic / Latino,belief_post,40.333,25.933,54.733
control,race,Hispanic / Latino,concern_mean,45.489,37.614,53.364
control,race,Hispanic / Latino,distrust_post,49.533,38.559,60.508
control,race,Hispanic / Latino,donation_ams,4.533,2.889,6.177
control,race,Hispanic / Latino,funding_perceptions,52.267,42.338,62.195
control,race,Hispanic / Latino,inst_trust_mean,43.747,37.56,49.933
control,race,Hispanic / Latino,newsletter_signup,0.067,-0.06,0.193
control,race,Hispanic / Latino,policy_general,41.067,28.984,53.15
control,race,Hispanic / Latino,policy_role_mean,52,45.422,58.578
control,race,Hispanic / Latino,policy_specific_mean,49.743,46.647,52.838
control,race,Hispanic / Latino,trust_multidimensional,48.906,45.927,51.884
control,race,Hispanic / Latino,trust_post,44.867,29.714,60.02
control,race,Asian / Asian American,behavior_mean,48.051,41.71,54.393
control,race,Asian / Asian American,belief_post,59,43.296,74.704
control,race,Asian / Asian American,concern_mean,54.513,49.537,59.488
control,race,Asian / Asian American,distrust_post,53.154,36.145,70.163
control,race,Asian / Asian American,donation_ams,6,3.954,8.046
control,race,Asian / Asian American,funding_perceptions,52.846,40.496,65.196
control,race,Asian / Asian American,inst_trust_mean,48.923,42.81,55.036
control,race,Asian / Asian American,newsletter_signup,0.154,-0.042,0.35
control,race,Asian / Asian American,policy_general,44.231,27.968,60.494
control,race,Asian / Asian American,policy_role_mean,46.596,40.794,52.398
control,race,Asian / Asian American,policy_specific_mean,49.648,42.545,56.752
control,race,Asian / Asian American,trust_multidimensional,49.628,47.804,51.453
control,race,Asian / Asian American,trust_post,50.923,38.602,63.244
control,race,Other,behavior_mean,48.565,41.89,55.24
control,race,Other,belief_post,50.333,41.471,59.196
control,race,Other,concern_mean,58.926,51.905,65.947
control,race,Other,distrust_post,49.111,34.822,63.4
control,race,Other,donation_ams,4.222,2.748,5.696
control,race,Other,funding_perceptions,52.667,41.872,63.462
control,race,Other,inst_trust_mean,48.711,42.396,55.026
control,race,Other,newsletter_signup,0.222,0.03,0.414
control,race,Other,policy_general,48.222,38.161,58.283
control,race,Other,policy_role_mean,46.153,40.243,52.063
control,race,Other,policy_specific_mean,53.103,49.546,56.66
control,race,Other,trust_multidimensional,51.958,48.49,55.427
control,race,Other,trust_post,49.444,38.495,60.394
Corporate reliance,race,White / Caucasian,behavior_mean,48.909,43.021,54.797
Corporate reliance,race,White / Caucasian,belief_post,54.091,38.711,69.471
Corporate reliance,race,White / Caucasian,concern_mean,55.636,44.878,66.395
Corporate reliance,race,White / Caucasian,distrust_post,50.455,35.99,64.919
Corporate reliance,race,White / Caucasian,donation_ams,5.091,3.811,6.371
Corporate reliance,race,White / Caucasian,funding_perceptions,51,36.125,65.875
Corporate reliance,race,White / Caucasian,inst_trust_mean,54.836,48.014,61.658
Corporate reliance,race,White / Caucasian,newsletter_signup,0.364,0.079,0.648
Corporate reliance,race,White / Caucasian,policy_general,63.364,54.447,72.28
Corporate reliance,race,White / Caucasian,policy_role_mean,46.591,39.741,53.44
Corporate reliance,race,White / Caucasian,policy_specific_mean,47.117,41.678,52.555
Corporate reliance,race,White / Caucasian,trust_multidimensional,48.788,44.07,53.506
Corporate reliance,race,White / Caucasian,trust_post,52.727,36.634,68.821
Corporate reliance,race,Black / African American,behavior_mean,51.125,45.701,56.549
Corporate reliance,race,Black / African American,belief_post,50.062,34.451,65.674
Corporate reliance,race,Black / African American,concern_mean,47.812,40.631,54.994
Corporate reliance,race,Black / African American,distrust_post,40.875,28.098,53.652
Corporate reliance,race,Black / African American,donation_ams,4.25,2.511,5.989
Corporate reliance,race,Black / African American,funding_perceptions,48,37.192,58.808
Corporate reliance,race,Black / African American,inst_trust_mean,50.1,42.397,57.803
Corporate reliance,race,Black / African American,newsletter_signup,0.312,0.085,0.54
Corporate reliance,race,Black / African American,policy_general,43.688,28.102,59.273
Corporate reliance,race,Black / African American,policy_role_mean,56.234,50.444,62.025
Corporate reliance,race,Black / African American,policy_specific_mean,48.036,43.223,52.849
Corporate reliance,race,Black / African American,trust_multidimensional,51.964,49.766,54.161
Corporate reliance,race,Black / African American,trust_post,41.688,30.641,52.734
Corporate reliance,race,Hispanic / Latino,behavior_mean,48.424,43.57,53.279
Corporate reliance,race,Hispanic / Latino,belief_post,40.364,21.948,58.779
Corporate reliance,race,Hispanic / Latino,concern_mean,49.152,39.327,58.976
Corporate reliance,race,Hispanic / Latino,distrust_post,66.455,52.002,80.907
Corporate reliance,race,Hispanic / Latino,donation_ams,6.273,4.558,7.987
Corporate reliance,race,Hispanic / Latino,funding_perceptions,46.818,29.518,64.118
Corporate reliance,race,Hispanic / Latino,inst_trust_mean,53.055,48.431,57.678
Corporate reliance,race,Hispanic / Latino,newsletter_signup,0.182,-0.046,0.41
Corporate reliance,race,Hispanic / Latino,policy_general,47.091,31.235,62.947
Corporate reliance,race,Hispanic / Latino,policy_role_mean,44.795,36.457,53.134
Corporate reliance,race,Hispanic / Latino,policy_specific_mean,54.195,47.919,60.471
Corporate reliance,race,Hispanic / Latino,trust_multidimensional,47.894,44.243,51.545
Corporate reliance,race,Hispanic / Latino,trust_post,47.636,31.072,64.201
Corporate reliance,race,Asian / Asian American,behavior_mean,48.13,39.663,56.596
Corporate reliance,race,Asian / Asian American,belief_post,41.222,15.713,66.731
Corporate reliance,race,Asian / Asian American,concern_mean,51.556,40.228,62.883
Corporate reliance,race,Asian / Asian American,distrust_post,37.556,16.322,58.789
Corporate reliance,race,Asian / Asian American,donation_ams,4.667,2.601,6.733
Corporate reliance,race,Asian / Asian American,funding_perceptions,46.667,36.894,56.439
Corporate reliance,race,Asian / Asian American,inst_trust_mean,46.333,36.968,55.699
Corporate reliance,race,Asian / Asian American,newsletter_signup,0.111,-0.094,0.316
Corporate reliance,race,Asian / Asian American,policy_general,48,24.706,71.294
Corporate reliance,race,Asian / Asian American,policy_role_mean,53.25,46.74,59.76
Corporate reliance,race,Asian / Asian American,policy_specific_mean,49.873,41.941,57.805
Corporate reliance,race,Asian / Asian American,trust_multidimensional,52.926,47.367,58.485
Corporate reliance,race,Asian / Asian American,trust_post,52.444,36.049,68.84
Corporate reliance,race,Other,behavior_mean,41.91,34.685,49.136
Corporate reliance,race,Other,belief_post,43.923,28.088,59.759
Corporate reliance,race,Other,concern_mean,56.615,46.902,66.328
Corporate reliance,race,Other,distrust_post,35.615,20.739,50.492
Corporate reliance,race,Other,donation_ams,5.308,3.569,7.046
Corporate reliance,race,Other,funding_perceptions,51.308,35.399,67.216
Corporate reliance,race,Other,inst_trust_mean,56.277,50.092,62.462
Corporate reliance,race,Other,newsletter_signup,0.538,0.267,0.809
Corporate reliance,race,Other,policy_general,46.846,34.717,58.975
Corporate reliance,race,Other,policy_role_mean,45.769,39.243,52.296
Corporate reliance,race,Other,policy_specific_mean,48.56,43.334,53.787
Corporate reliance,race,Other,trust_multidimensional,50.218,46.168,54.268
Corporate reliance,race,Other,trust_post,43.308,27.195,59.42
Social justice,race,White / Caucasian,behavior_mean,48.25,41.139,55.361
Social justice,race,White / Caucasian,belief_post,53,34.516,71.484
Social justice,race,White / Caucasian,concern_mean,46.6,36.124,57.076
Social justice,race,White / Caucasian,distrust_post,51.3,37.633,64.967
Social justice,race,White / Caucasian,donation_ams,4.9,3.112,6.688
Social justice,race,White / Caucasian,funding_perceptions,43.5,25.83,61.17
Social justice,race,White / Caucasian,inst_trust_mean,49.2,42.368,56.032
Social justice,race,White / Caucasian,newsletter_signup,0.3,0.016,0.584
Social justice,race,White / Caucasian,policy_general,46,22.438,69.562
Social justice,race,White / Caucasian,policy_role_mean,46.65,40.225,53.075
Social justice,race,White / Caucasian,policy_specific_mean,45.814,41.141,50.487
Social justice,race,White / Caucasian,trust_multidimensional,52.3,49.117,55.483
Social justice,race,White / Caucasian,trust_post,56.1,38.145,74.055
Social justice,race,Black / African American,behavior_mean,50.236,42.742,57.73
Social justice,race,Black / African American,belief_post,49.75,33.839,65.661
Social justice,race,Black / African American,concern_mean,50.778,44.125,57.43
Social justice,race,Black / African American,distrust_post,53.667,38.898,68.435
Social justice,race,Black / African American,donation_ams,3.083,1.421,4.745
Social justice,race,Black / African American,funding_perceptions,34.583,22.352,46.815
Social justice,race,Black / African American,inst_trust_mean,44.55,38.872,50.228
Social justice,race,Black / African American,newsletter_signup,0.083,-0.073,0.24
Social justice,race,Black / African American,policy_general,62.417,47.709,77.125
Social justice,race,Black / African American,policy_role_mean,51.25,44.034,58.466
Social justice,race,Black / African American,policy_specific_mean,46.393,41.08,51.706
Social justice,race,Black / African American,trust_multidimensional,52.465,47.575,57.356
Social justice,race,Black / African American,trust_post,43.583,25.236,61.931
Social justice,race,Hispanic / Latino,behavior_mean,49.038,42.977,55.1
Social justice,race,Hispanic / Latino,belief_post,36.769,22.559,50.98
Social justice,race,Hispanic / Latino,concern_mean,48.923,43.886,53.961
Social justice,race,Hispanic / Latino,distrust_post,60.923,47.759,74.087
Social justice,race,Hispanic / Latino,donation_ams,5.923,4.347,7.5
Social justice,race,Hispanic / Latino,funding_perceptions,51.846,40.326,63.367
Social justice,race,Hispanic / Latino,inst_trust_mean,51.831,45.108,58.554
Social justice,race,Hispanic / Latino,newsletter_signup,0.154,-0.042,0.35
Social justice,race,Hispanic / Latino,policy_general,52.538,40.557,64.52
Social justice,race,Hispanic / Latino,policy_role_mean,43.788,36.556,51.021
Social justice,race,Hispanic / Latino,policy_specific_mean,50.044,46.21,53.878
Social justice,race,Hispanic / Latino,trust_multidimensional,49.064,46.339,51.789
Social justice,race,Hispanic / Latino,trust_post,58.231,44.989,71.472
Social justice,race,Asian / Asian American,behavior_mean,50.389,37.557,63.22
Social justice,race,Asian / Asian American,belief_post,46.5,25.055,67.945
Social justice,race,Asian / Asian American,concern_mean,49.278,38.325,60.23
Social justice,race,Asian / Asian American,distrust_post,35.833,19.707,51.96
Social justice,race,Asian / Asian American,donation_ams,5.833,4.656,7.011
Social justice,race,Asian / Asian American,funding_perceptions,27,7.186,46.814
Social justice,race,Asian / Asian American,inst_trust_mean,47.5,37.009,57.991
Social justice,race,Asian / Asian American,newsletter_signup,0.5,0.1,0.9
Social justice,race,Asian / Asian American,policy_general,55.5,39.863,71.137
Social justice,race,Asian / Asian American,policy_role_mean,52.333,35.988,68.679
Social justice,race,Asian / Asian American,policy_specific_mean,53.119,45.278,60.96
Social justice,race,Asian / Asian American,trust_multidimensional,56.597,48.566,64.629
Social justice,race,Asian / Asian American,trust_post,48.5,27.605,69.395
Social justice,race,Other,behavior_mean,51.544,47.528,55.559
Social justice,race,Other,belief_post,57.579,43.433,71.725
Social justice,race,Other,concern_mean,49.474,42.558,56.39
Social justice,race,Other,distrust_post,47.368,36.361,58.376
Social justice,race,Other,donation_ams,4.474,2.921,6.027
Social justice,race,Other,funding_perceptions,61.526,52.51,70.542
Social justice,race,Other,inst_trust_mean,51.379,45.969,56.789
Social justice,race,Other,newsletter_signup,0.158,-0.006,0.322
Social justice,race,Other,policy_general,50.158,38.742,61.574
Social justice,race,Other,policy_role_mean,50.921,46.288,55.554
Social justice,race,Other,policy_specific_mean,52.075,48.062,56.088
Social justice,race,Other,trust_multidimensional,52.197,48.88,55.515
Social justice,race,Other,trust_post,49.632,34.709,64.554
Interview Prof. Maraun,race,White / Caucasian,behavior_mean,47.667,40.999,54.335
Interview Prof. Maraun,race,White / Caucasian,belief_post,55.231,38.461,72.001
Interview Prof. Maraun,race,White / Caucasian,concern_mean,48.641,41.78,55.502
Interview Prof. Maraun,race,White / Caucasian,distrust_post,64.077,46.319,81.834
Interview Prof. Maraun,race,White / Caucasian,donation_ams,4.692,3.247,6.137
Interview Prof. Maraun,race,White / Caucasian,funding_perceptions,57.923,41.593,74.253
Interview Prof. Maraun,race,White / Caucasian,inst_trust_mean,53.446,48.339,58.553
Interview Prof. Maraun,race,White / Caucasian,newsletter_signup,0.231,0.002,0.46
Interview Prof. Maraun,race,White / Caucasian,policy_general,47.077,32.123,62.031
Interview Prof. Maraun,race,White / Caucasian,policy_role_mean,44.75,40.034,49.466
Interview Prof. Maraun,race,White / Caucasian,policy_specific_mean,51,45.333,56.667
Interview Prof. Maraun,race,White / Caucasian,trust_multidimensional,48.327,44.717,51.937
Interview Prof. Maraun,race,White / Caucasian,trust_post,44.615,31.459,57.772
Interview Prof. Maraun,race,Black / African American,behavior_mean,55.304,50.391,60.217
Interview Prof. Maraun,race,Black / African American,belief_post,57.471,47.629,67.312
Interview Prof. Maraun,race,Black / African American,concern_mean,52.804,46.26,59.348
Interview Prof. Maraun,race,Black / African American,distrust_post,41.176,30.101,52.251
Interview Prof. Maraun,race,Black / African American,donation_ams,5.412,3.739,7.085
Interview Prof. Maraun,race,Black / African American,funding_perceptions,57.529,44.803,70.256
Interview Prof. Maraun,race,Black / African American,inst_trust_mean,52.188,46.032,58.345
Interview Prof. Maraun,race,Black / African American,newsletter_signup,0.118,-0.036,0.271
Interview Prof. Maraun,race,Black / African American,policy_general,52.765,37.857,67.672
Interview Prof. Maraun,race,Black / African American,policy_role_mean,51.191,45.966,56.416
Interview Prof. Maraun,race,Black / African American,policy_specific_mean,48.941,44.526,53.356
Interview Prof. Maraun,race,Black / African American,trust_multidimensional,52.137,48.273,56.001
Interview Prof. Maraun,race,Black / African American,trust_post,42.941,29.476,56.406
Interview Prof. Maraun,race,Hispanic / Latino,behavior_mean,46.983,40.562,53.405
Interview Prof. Maraun,race,Hispanic / Latino,belief_post,56.1,39.13,73.07
Interview Prof. Maraun,race,Hispanic / Latino,concern_mean,54.733,44.678,64.789
Interview Prof. Maraun,race,Hispanic / Latino,distrust_post,42.4,24.339,60.461
Interview Prof. Maraun,race,Hispanic / Latino,donation_ams,5.3,3.474,7.126
Interview Prof. Maraun,race,Hispanic / Latino,funding_perceptions,48.2,32.248,64.152
Interview Prof. Maraun,race,Hispanic / Latino,inst_trust_mean,53.02,47.48,58.56
Interview Prof. Maraun,race,Hispanic / Latino,newsletter_signup,0.1,-0.086,0.286
Interview Prof. Maraun,race,Hispanic / Latino,policy_general,48.4,31.988,64.812
Interview Prof. Maraun,race,Hispanic / Latino,policy_role_mean,51.925,46.503,57.347
Interview Prof. Maraun,race,Hispanic / Latino,policy_specific_mean,52.986,48.089,57.883
Interview Prof. Maraun,race,Hispanic / Latino,trust_multidimensional,48.933,44.185,53.681
Interview Prof. Maraun,race,Hispanic / Latino,trust_post,41.1,24.409,57.791
Interview Prof. Maraun,race,Asian / Asian American,behavior_mean,50.381,42.267,58.495
Interview Prof. Maraun,race,Asian / Asian American,belief_post,42.143,22.904,61.382
Interview Prof. Maraun,race,Asian / Asian American,concern_mean,43.619,36.015,51.223
Interview Prof. Maraun,race,Asian / Asian American,distrust_post,52.143,26.881,77.404
Interview Prof. Maraun,race,Asian / Asian American,donation_ams,3.286,0.802,5.769
Interview Prof. Maraun,race,Asian / Asian American,funding_perceptions,46.571,23.859,69.284
Interview Prof. Maraun,race,Asian / Asian American,inst_trust_mean,51.829,41.027,62.63
Interview Prof. Maraun,race,Asian / Asian American,newsletter_signup,0,0,0
Interview Prof. Maraun,race,Asian / Asian American,policy_general,64.429,50.039,78.818
Interview Prof. Maraun,race,Asian / Asian American,policy_role_mean,56.536,44.362,68.71
Interview Prof. Maraun,race,Asian / Asian American,policy_specific_mean,45.367,36.745,53.989
Interview Prof. Maraun,race,Asian / Asian American,trust_multidimensional,51.976,46.01,57.942
Interview Prof. Maraun,race,Asian / Asian American,trust_post,59.714,48.2,71.228
Interview Prof. Maraun,race,Other,behavior_mean,53.205,47.845,58.565
Interview Prof. Maraun,race,Other,belief_post,42.769,29.392,56.146
Interview Prof. Maraun,race,Other,concern_mean,45.846,36.576,55.116
Interview Prof. Maraun,race,Other,distrust_post,57.692,48.331,67.054
Interview Prof. Maraun,race,Other,donation_ams,5.692,3.765,7.619
Interview Prof. Maraun,race,Other,funding_perceptions,37.692,22.666,52.719
Interview Prof. Maraun,race,Other,inst_trust_mean,52.415,44.201,60.629
Interview Prof. Maraun,race,Other,newsletter_signup,0.308,0.057,0.559
Interview Prof. Maraun,race,Other,policy_general,45.923,30.019,61.827
Interview Prof. Maraun,race,Other,policy_role_mean,51.423,44.246,58.6
Interview Prof. Maraun,race,Other,policy_specific_mean,50.121,45.042,55.2
Interview Prof. Maraun,race,Other,trust_multidimensional,51.212,48.35,54.073
Interview Prof. Maraun,race,Other,trust_post,54.308,37.895,70.72
Funding,race,White / Caucasian,behavior_mean,49.024,45.022,53.025
Funding,race,White / Caucasian,belief_post,50.214,35.804,64.625
Funding,race,White / Caucasian,concern_mean,51,44.776,57.224
Funding,race,White / Caucasian,distrust_post,57.714,49.415,66.013
Funding,race,White / Caucasian,donation_ams,4.857,2.784,6.931
Funding,race,White / Caucasian,funding_perceptions,50.286,35.738,64.834
Funding,race,White / Caucasian,inst_trust_mean,43.371,37.716,49.027
Funding,race,White / Caucasian,newsletter_signup,0.357,0.106,0.608
Funding,race,White / Caucasian,policy_general,43.357,27.23,59.484
Funding,race,White / Caucasian,policy_role_mean,49.214,42.103,56.326
Funding,race,White / Caucasian,policy_specific_mean,48.133,43.702,52.563
Funding,race,White / Caucasian,trust_multidimensional,50.732,45.992,55.472
Funding,race,White / Caucasian,trust_post,49.286,33.906,64.666
Funding,race,Black / African American,behavior_mean,49.417,44.705,54.128
Funding,race,Black / African American,belief_post,53.6,34.34,72.86
Funding,race,Black / African American,concern_mean,51.4,42.377,60.423
Funding,race,Black / African American,distrust_post,60.7,43.593,77.807
Funding,race,Black / African American,donation_ams,6.4,4.414,8.386
Funding,race,Black / African American,funding_perceptions,55.5,36.741,74.259
Funding,race,Black / African American,inst_trust_mean,51,43.192,58.808
Funding,race,Black / African American,newsletter_signup,0.1,-0.086,0.286
Funding,race,Black / African American,policy_general,34.1,19.545,48.655
Funding,race,Black / African American,policy_role_mean,49.375,40.199,58.551
Funding,race,Black / African American,policy_specific_mean,52.029,43.947,60.11
Funding,race,Black / African American,trust_multidimensional,50.75,43.228,58.272
Funding,race,Black / African American,trust_post,40.6,21.795,59.405
Funding,race,Hispanic / Latino,behavior_mean,53.292,49.293,57.29
Funding,race,Hispanic / Latino,belief_post,64.5,44.646,84.354
Funding,race,Hispanic / Latino,concern_mean,46.375,36.5,56.25
Funding,race,Hispanic / Latino,distrust_post,51.25,32.499,70.001
Funding,race,Hispanic / Latino,donation_ams,3.5,0.778,6.222
Funding,race,Hispanic / Latino,funding_perceptions,62.375,41.001,83.749
Funding,race,Hispanic / Latino,inst_trust_mean,50.75,46.919,54.581
Funding,race,Hispanic / Latino,newsletter_signup,0.25,-0.05,0.55
Funding,race,Hispanic / Latino,policy_general,42.125,26.557,57.693
Funding,race,Hispanic / Latino,policy_role_mean,49.25,39.446,59.054
Funding,race,Hispanic / Latino,policy_specific_mean,55.625,50.348,60.902
Funding,race,Hispanic / Latino,trust_multidimensional,51.99,46.598,57.381
Funding,race,Hispanic / Latino,trust_post,59.375,46.528,72.222
Funding,race,Asian / Asian American,behavior_mean,46.59,42.078,51.102
Funding,race,Asian / Asian American,belief_post,49.077,35.665,62.489
Funding,race,Asian / Asian American,concern_mean,52.897,44.838,60.956
Funding,race,Asian / Asian American,distrust_post,54.769,40.887,68.652
Funding,race,Asian / Asian American,donation_ams,6.308,4.541,8.075
Funding,race,Asian / Asian American,funding_perceptions,55.231,39.876,70.586
Funding,race,Asian / Asian American,inst_trust_mean,45.6,36.99,54.21
Funding,race,Asian / Asian American,newsletter_signup,0.077,-0.068,0.222
Funding,race,Asian / Asian American,policy_general,72.538,60.339,84.738
Funding,race,Asian / Asian American,policy_role_mean,47.654,40.684,54.624
Funding,race,Asian / Asian American,policy_specific_mean,51.495,46.72,56.269
Funding,race,Asian / Asian American,trust_multidimensional,54.09,51.256,56.924
Funding,race,Asian / Asian American,trust_post,51.846,34.875,68.817
Funding,race,Other,behavior_mean,53.189,47.083,59.295
Funding,race,Other,belief_post,56.8,43.284,70.316
Funding,race,Other,concern_mean,43.711,35.169,52.253
Funding,race,Other,distrust_post,46.267,33.13,59.403
Funding,race,Other,donation_ams,5.333,4.041,6.626
Funding,race,Other,funding_perceptions,46.4,36.319,56.481
Funding,race,Other,inst_trust_mean,52.893,47.134,58.652
Funding,race,Other,newsletter_signup,0.2,-0.002,0.402
Funding,race,Other,policy_general,44.133,29.362,58.905
Funding,race,Other,policy_role_mean,56,49.385,62.615
Funding,race,Other,policy_specific_mean,49.676,44.805,54.548
Funding,race,Other,trust_multidimensional,52.678,48.931,56.425
Funding,race,Other,trust_post,43.867,28.971,58.763
Oil industry misinformation,race,White / Caucasian,behavior_mean,49.521,44.094,54.948
Oil industry misinformation,race,White / Caucasian,belief_post,48.125,35.122,61.128
Oil industry misinformation,race,White / Caucasian,concern_mean,48.542,38.342,58.741
Oil industry misinformation,race,White / Caucasian,distrust_post,45.125,17.051,73.199
Oil industry misinformation,race,White / Caucasian,donation_ams,4.875,2.798,6.952
Oil industry misinformation,race,White / Caucasian,funding_perceptions,48.375,33.398,63.352
Oil industry misinformation,race,White / Caucasian,inst_trust_mean,50.85,45.445,56.255
Oil industry misinformation,race,White / Caucasian,newsletter_signup,0.125,-0.104,0.354
Oil industry misinformation,race,White / Caucasian,policy_general,28,9.45,46.55
Oil industry misinformation,race,White / Caucasian,policy_role_mean,50.688,41.072,60.303
Oil industry misinformation,race,White / Caucasian,policy_specific_mean,51.571,43.198,59.945
Oil industry misinformation,race,White / Caucasian,trust_multidimensional,51.438,46.432,56.443
Oil industry misinformation,race,White / Caucasian,trust_post,60.75,45.287,76.213
Oil industry misinformation,race,Black / African American,behavior_mean,43.259,37.879,48.64
Oil industry misinformation,race,Black / African American,belief_post,36.333,18.621,54.046
Oil industry misinformation,race,Black / African American,concern_mean,55.963,47.201,64.725
Oil industry misinformation,race,Black / African American,distrust_post,52.222,35.47,68.974
Oil industry misinformation,race,Black / African American,donation_ams,3.222,1.111,5.334
Oil industry misinformation,race,Black / African American,funding_perceptions,44.667,22.656,66.677
Oil industry misinformation,race,Black / African American,inst_trust_mean,46.578,40.301,52.855
Oil industry misinformation,race,Black / African American,newsletter_signup,0.222,-0.049,0.494
Oil industry misinformation,race,Black / African American,policy_general,42.111,19.57,64.652
Oil industry misinformation,race,Black / African American,policy_role_mean,45.278,39.047,51.508
Oil industry misinformation,race,Black / African American,policy_specific_mean,46.317,39.329,53.305
Oil industry misinformation,race,Black / African American,trust_multidimensional,45.62,39.744,51.497
Oil industry misinformation,race,Black / African American,trust_post,42.778,23.854,61.701
Oil industry misinformation,race,Hispanic / Latino,behavior_mean,44.314,40.291,48.336
Oil industry misinformation,race,Hispanic / Latino,belief_post,50.529,35.618,65.44
Oil industry misinformation,race,Hispanic / Latino,concern_mean,53.51,45.373,61.647
Oil industry misinformation,race,Hispanic / Latino,distrust_post,57.353,46.133,68.573
Oil industry misinformation,race,Hispanic / Latino,donation_ams,5.235,3.928,6.543
Oil industry misinformation,race,Hispanic / Latino,funding_perceptions,57.941,48.353,67.529
Oil industry misinformation,race,Hispanic / Latino,inst_trust_mean,43.659,38.129,49.189
Oil industry misinformation,race,Hispanic / Latino,newsletter_signup,0.118,-0.036,0.271
Oil industry misinformation,race,Hispanic / Latino,policy_general,48.118,39.51,56.725
Oil industry misinformation,race,Hispanic / Latino,policy_role_mean,50.853,44.226,57.48
Oil industry misinformation,race,Hispanic / Latino,policy_specific_mean,47.445,43.032,51.859
Oil industry misinformation,race,Hispanic / Latino,trust_multidimensional,47.441,44.209,50.673
Oil industry misinformation,race,Hispanic / Latino,trust_post,47.235,37.289,57.182
Oil industry misinformation,race,Asian / Asian American,behavior_mean,54.464,49.147,59.781
Oil industry misinformation,race,Asian / Asian American,belief_post,54.929,37.881,71.976
Oil industry misinformation,race,Asian / Asian American,concern_mean,45.429,37.153,53.704
Oil industry misinformation,race,Asian / Asian American,distrust_post,58.714,45.948,71.48
Oil industry misinformation,race,Asian / Asian American,donation_ams,4,2.562,5.438
Oil industry misinformation,race,Asian / Asian American,funding_perceptions,46.5,31.003,61.997
Oil industry misinformation,race,Asian / Asian American,inst_trust_mean,47.214,40.8,53.629
Oil industry misinformation,race,Asian / Asian American,newsletter_signup,0.214,-0.001,0.429
Oil industry misinformation,race,Asian / Asian American,policy_general,53.857,37.41,70.304
Oil industry misinformation,race,Asian / Asian American,policy_role_mean,43,36.696,49.304
Oil industry misinformation,race,Asian / Asian American,policy_specific_mean,53.418,48.293,58.543
Oil industry misinformation,race,Asian / Asian American,trust_multidimensional,49.53,46.101,52.958
Oil industry misinformation,race,Asian / Asian American,trust_post,52.214,37.864,66.565
Oil industry misinformation,race,Other,behavior_mean,49.014,43.249,54.779
Oil industry misinformation,race,Other,belief_post,42.25,24.699,59.801
Oil industry misinformation,race,Other,concern_mean,48.722,39.324,58.121
Oil industry misinformation,race,Other,distrust_post,67,55.26,78.74
Oil industry misinformation,race,Other,donation_ams,5.083,3.102,7.065
Oil industry misinformation,race,Other,funding_perceptions,45.667,32.998,58.335
Oil industry misinformation,race,Other,inst_trust_mean,47.917,41.545,54.289
Oil industry misinformation,race,Other,newsletter_signup,0.083,-0.073,0.24
Oil industry misinformation,race,Other,policy_general,62.583,46.981,78.186
Oil industry misinformation,race,Other,policy_role_mean,47.833,40.505,55.162
Oil industry misinformation,race,Other,policy_specific_mean,52.095,48.444,55.746
Oil industry misinformation,race,Other,trust_multidimensional,46.674,43.203,50.145
Oil industry misinformation,race,Other,trust_post,45.167,31.697,58.636
Measurement & modeling (1),race,White / Caucasian,behavior_mean,41.45,36.812,46.088
Measurement & modeling (1),race,White / Caucasian,belief_post,48.3,41.287,55.313
Measurement & modeling (1),race,White / Caucasian,concern_mean,52.6,45.076,60.124
Measurement & modeling (1),race,White / Caucasian,distrust_post,46.4,29.433,63.367
Measurement & modeling (1),race,White / Caucasian,donation_ams,6.3,4.275,8.325
Measurement & modeling (1),race,White / Caucasian,funding_perceptions,39.6,27.684,51.516
Measurement & modeling (1),race,White / Caucasian,inst_trust_mean,51.72,46.424,57.016
Measurement & modeling (1),race,White / Caucasian,newsletter_signup,0.3,0.016,0.584
Measurement & modeling (1),race,White / Caucasian,policy_general,32.8,15.306,50.294
Measurement & modeling (1),race,White / Caucasian,policy_role_mean,50.775,39.899,61.651
Measurement & modeling (1),race,White / Caucasian,policy_specific_mean,50.429,46.76,54.097
Measurement & modeling (1),race,White / Caucasian,trust_multidimensional,48.717,43.859,53.574
Measurement & modeling (1),race,White / Caucasian,trust_post,42.3,29.474,55.126
Measurement & modeling (1),race,Black / African American,behavior_mean,49.889,45.425,54.353
Measurement & modeling (1),race,Black / African American,belief_post,39,33.908,44.092
Measurement & modeling (1),race,Black / African American,concern_mean,48.259,37.311,59.208
Measurement & modeling (1),race,Black / African American,distrust_post,47.222,30.968,63.476
Measurement & modeling (1),race,Black / African American,donation_ams,4.556,2.386,6.725
Measurement & modeling (1),race,Black / African American,funding_perceptions,37.667,20.449,54.884
Measurement & modeling (1),race,Black / African American,inst_trust_mean,50.867,40.97,60.763
Measurement & modeling (1),race,Black / African American,newsletter_signup,0.444,0.12,0.769
Measurement & modeling (1),race,Black / African American,policy_general,49.444,25.205,73.684
Measurement & modeling (1),race,Black / African American,policy_role_mean,43.611,36.599,50.624
Measurement & modeling (1),race,Black / African American,policy_specific_mean,56.841,52.075,61.608
Measurement & modeling (1),race,Black / African American,trust_multidimensional,48.917,44.997,52.836
Measurement & modeling (1),race,Black / African American,trust_post,51,34.286,67.714
Measurement & modeling (1),race,Hispanic / Latino,behavior_mean,51.348,44.216,58.481
Measurement & modeling (1),race,Hispanic / Latino,belief_post,50.455,36.744,64.165
Measurement & modeling (1),race,Hispanic / Latino,concern_mean,44.152,36.203,52.1
Measurement & modeling (1),race,Hispanic / Latino,distrust_post,50.909,35.737,66.081
Measurement & modeling (1),race,Hispanic / Latino,donation_ams,5.909,4.228,7.59
Measurement & modeling (1),race,Hispanic / Latino,funding_perceptions,42.182,28.113,56.251
Measurement & modeling (1),race,Hispanic / Latino,inst_trust_mean,46.236,39.724,52.749
Measurement & modeling (1),race,Hispanic / Latino,newsletter_signup,0.091,-0.079,0.261
Measurement & modeling (1),race,Hispanic / Latino,policy_general,67,56.294,77.706
Measurement & modeling (1),race,Hispanic / Latino,policy_role_mean,51.864,42.196,61.531
Measurement & modeling (1),race,Hispanic / Latino,policy_specific_mean,54.169,47.179,61.159
Measurement & modeling (1),race,Hispanic / Latino,trust_multidimensional,49.591,44.488,54.693
Measurement & modeling (1),race,Hispanic / Latino,trust_post,55.545,43.008,68.083
Measurement & modeling (1),race,Asian / Asian American,behavior_mean,46.804,42.847,50.76
Measurement & modeling (1),race,Asian / Asian American,belief_post,53.059,44.046,62.071
Measurement & modeling (1),race,Asian / Asian American,concern_mean,54.333,47.303,61.363
Measurement & modeling (1),race,Asian / Asian American,distrust_post,53.765,41.678,65.851
Measurement & modeling (1),race,Asian / Asian American,donation_ams,6.294,4.607,7.981
Measurement & modeling (1),race,Asian / Asian American,funding_perceptions,56.412,44.581,68.242
Measurement & modeling (1),race,Asian / Asian American,inst_trust_mean,49.694,42.98,56.409
Measurement & modeling (1),race,Asian / Asian American,newsletter_signup,0.059,-0.053,0.171
Measurement & modeling (1),race,Asian / Asian American,policy_general,51,40.45,61.55
Measurement & modeling (1),race,Asian / Asian American,policy_role_mean,48.544,41.608,55.48
Measurement & modeling (1),race,Asian / Asian American,policy_specific_mean,48.756,43.605,53.908
Measurement & modeling (1),race,Asian / Asian American,trust_multidimensional,49.093,45.905,52.281
Measurement & modeling (1),race,Asian / Asian American,trust_post,46.235,28.961,63.509
Measurement & modeling (1),race,Other,behavior_mean,49.359,44.301,54.417
Measurement & modeling (1),race,Other,belief_post,51,35.465,66.535
Measurement & modeling (1),race,Other,concern_mean,44.718,38.401,51.034
Measurement & modeling (1),race,Other,distrust_post,54.846,41.395,68.298
Measurement & modeling (1),race,Other,donation_ams,6.385,4.838,7.931
Measurement & modeling (1),race,Other,funding_perceptions,48.385,29.275,67.494
Measurement & modeling (1),race,Other,inst_trust_mean,49.369,43.31,55.428
Measurement & modeling (1),race,Other,newsletter_signup,0.615,0.351,0.88
Measurement & modeling (1),race,Other,policy_general,54.154,41.083,67.225
Measurement & modeling (1),race,Other,policy_role_mean,47.077,38.204,55.95
Measurement & modeling (1),race,Other,policy_specific_mean,50.385,43.744,57.026
Measurement & modeling (1),race,Other,trust_multidimensional,46.494,41.721,51.267
Measurement & modeling (1),race,Other,trust_post,42.154,26.446,57.862
Former skeptics,race,White / Caucasian,behavior_mean,47.542,39.413,55.67
Former skeptics,race,White / Caucasian,belief_post,50,37.293,62.707
Former skeptics,race,White / Caucasian,concern_mean,52.361,44.001,60.721
Former skeptics,race,White / Caucasian,distrust_post,44.833,32.824,56.843
Former skeptics,race,White / Caucasian,donation_ams,2.5,0.703,4.297
Former skeptics,race,White / Caucasian,funding_perceptions,49.333,33.69,64.977
Former skeptics,race,White / Caucasian,inst_trust_mean,51.2,46.156,56.244
Former skeptics,race,White / Caucasian,newsletter_signup,0.167,-0.044,0.378
Former skeptics,race,White / Caucasian,policy_general,48.667,34.477,62.857
Former skeptics,race,White / Caucasian,policy_role_mean,49.646,43.319,55.973
Former skeptics,race,White / Caucasian,policy_specific_mean,48.071,41.977,54.166
Former skeptics,race,White / Caucasian,trust_multidimensional,48.972,45.755,52.189
Former skeptics,race,White / Caucasian,trust_post,42.5,26.858,58.142
Former skeptics,race,Black / African American,behavior_mean,50.605,46.589,54.622
Former skeptics,race,Black / African American,belief_post,55.316,45.135,65.497
Former skeptics,race,Black / African American,concern_mean,49.719,42.451,56.988
Former skeptics,race,Black / African American,distrust_post,40.895,28.066,53.724
Former skeptics,race,Black / African American,donation_ams,5,3.386,6.614
Former skeptics,race,Black / African American,funding_perceptions,41.474,28.651,54.297
Former skeptics,race,Black / African American,inst_trust_mean,50.116,44.705,55.526
Former skeptics,race,Black / African American,newsletter_signup,0.316,0.107,0.525
Former skeptics,race,Black / African American,policy_general,56.105,44.788,67.422
Former skeptics,race,Black / African American,policy_role_mean,45.855,39.399,52.311
Former skeptics,race,Black / African American,policy_specific_mean,51.113,47.736,54.489
Former skeptics,race,Black / African American,trust_multidimensional,51.715,47.877,55.552
Former skeptics,race,Black / African American,trust_post,55.579,44.231,66.927
Former skeptics,race,Hispanic / Latino,behavior_mean,48.528,42.275,54.781
Former skeptics,race,Hispanic / Latino,belief_post,41.333,17.87,64.797
Former skeptics,race,Hispanic / Latino,concern_mean,56,40.066,71.934
Former skeptics,race,Hispanic / Latino,distrust_post,58.333,32.342,84.324
Former skeptics,race,Hispanic / Latino,donation_ams,5.667,3.729,7.605
Former skeptics,race,Hispanic / Latino,funding_perceptions,50,25.043,74.957
Former skeptics,race,Hispanic / Latino,inst_trust_mean,52.467,43.66,61.273
Former skeptics,race,Hispanic / Latino,newsletter_signup,0.167,-0.132,0.465
Former skeptics,race,Hispanic / Latino,policy_general,41.667,18.772,64.561
Former skeptics,race,Hispanic / Latino,policy_role_mean,48.083,39.365,56.802
Former skeptics,race,Hispanic / Latino,policy_specific_mean,48.833,42.829,54.838
Former skeptics,race,Hispanic / Latino,trust_multidimensional,44.222,40.491,47.954
Former skeptics,race,Hispanic / Latino,trust_post,57.333,35.311,79.356
Former skeptics,race,Asian / Asian American,behavior_mean,51.678,46.88,56.475
Former skeptics,race,Asian / Asian American,belief_post,45,30.308,59.692
Former skeptics,race,Asian / Asian American,concern_mean,47.089,41.217,52.961
Former skeptics,race,Asian / Asian American,distrust_post,53.8,43.585,64.015
Former skeptics,race,Asian / Asian American,donation_ams,6.667,5.388,7.945
Former skeptics,race,Asian / Asian American,funding_perceptions,47.333,31.805,62.862
Former skeptics,race,Asian / Asian American,inst_trust_mean,49.667,43.771,55.563
Former skeptics,race,Asian / Asian American,newsletter_signup,0.133,-0.039,0.305
Former skeptics,race,Asian / Asian American,policy_general,55.867,37.943,73.79
Former skeptics,race,Asian / Asian American,policy_role_mean,47.933,41.603,54.264
Former skeptics,race,Asian / Asian American,policy_specific_mean,45.724,40.302,51.146
Former skeptics,race,Asian / Asian American,trust_multidimensional,48.317,45.225,51.408
Former skeptics,race,Asian / Asian American,trust_post,55.533,42.033,69.034
Former skeptics,race,Other,behavior_mean,51.146,39.583,62.709
Former skeptics,race,Other,belief_post,49.25,26.668,71.832
Former skeptics,race,Other,concern_mean,35.458,28.215,42.702
Former skeptics,race,Other,distrust_post,50.5,26.644,74.356
Former skeptics,race,Other,donation_ams,6.875,4.865,8.885
Former skeptics,race,Other,funding_perceptions,34.625,22.191,47.059
Former skeptics,race,Other,inst_trust_mean,54.5,43.018,65.982
Former skeptics,race,Other,newsletter_signup,0.375,0.04,0.71
Former skeptics,race,Other,policy_general,51.5,31.3,71.7
Former skeptics,race,Other,policy_role_mean,58.094,52.16,64.027
Former skeptics,race,Other,policy_specific_mean,52.446,48.25,56.643
Former skeptics,race,Other,trust_multidimensional,50.24,45.488,54.991
Former skeptics,race,Other,trust_post,55.75,37.764,73.736
High public trust,race,White / Caucasian,behavior_mean,44.208,33.931,54.486
High public trust,race,White / Caucasian,belief_post,61.625,49.191,74.059
High public trust,race,White / Caucasian,concern_mean,56.5,41.988,71.012
High public trust,race,White / Caucasian,distrust_post,47.125,25.459,68.791
High public trust,race,White / Caucasian,donation_ams,5.125,3.081,7.169
High public trust,race,White / Caucasian,funding_perceptions,42.875,34.28,51.47
High public trust,race,White / Caucasian,inst_trust_mean,49.675,44.087,55.263
High public trust,race,White / Caucasian,newsletter_signup,0,0,0
High public trust,race,White / Caucasian,policy_general,55.375,34.188,76.562
High public trust,race,White / Caucasian,policy_role_mean,51,41.683,60.317
High public trust,race,White / Caucasian,policy_specific_mean,51.661,43.596,59.726
High public trust,race,White / Caucasian,trust_multidimensional,50.375,43.341,57.409
High public trust,race,White / Caucasian,trust_post,52,33.888,70.112
High public trust,race,Black / African American,behavior_mean,49.487,44.006,54.969
High public trust,race,Black / African American,belief_post,50.308,39.017,61.598
High public trust,race,Black / African American,concern_mean,51.308,42.077,60.538
High public trust,race,Black / African American,distrust_post,47.154,30.181,64.126
High public trust,race,Black / African American,donation_ams,4.769,2.964,6.574
High public trust,race,Black / African American,funding_perceptions,43.385,28.427,58.342
High public trust,race,Black / African American,inst_trust_mean,52.477,46.734,58.22
High public trust,race,Black / African American,newsletter_signup,0.385,0.12,0.649
High public trust,race,Black / African American,policy_general,63.923,52.953,74.893
High public trust,race,Black / African American,policy_role_mean,45.615,39.248,51.982
High public trust,race,Black / African American,policy_specific_mean,50.912,46.391,55.433
High public trust,race,Black / African American,trust_multidimensional,46.904,43.485,50.323
High public trust,race,Black / African American,trust_post,58.385,42.103,74.666
High public trust,race,Hispanic / Latino,behavior_mean,45.242,38.758,51.727
High public trust,race,Hispanic / Latino,belief_post,57.818,41.51,74.127
High public trust,race,Hispanic / Latino,concern_mean,48.697,40.915,56.479
High public trust,race,Hispanic / Latino,distrust_post,63.818,49.092,78.544
High public trust,race,Hispanic / Latino,donation_ams,4.909,3.249,6.569
High public trust,race,Hispanic / Latino,funding_perceptions,48.818,33.295,64.341
High public trust,race,Hispanic / Latino,inst_trust_mean,52.527,46.582,58.472
High public trust,race,Hispanic / Latino,newsletter_signup,0.455,0.16,0.749
High public trust,race,Hispanic / Latino,policy_general,48.636,30.797,66.476
High public trust,race,Hispanic / Latino,policy_role_mean,56.977,49.76,64.194
High public trust,race,Hispanic / Latino,policy_specific_mean,49.792,44.597,54.987
High public trust,race,Hispanic / Latino,trust_multidimensional,45.886,41.084,50.688
High public trust,race,Hispanic / Latino,trust_post,50.545,35.035,66.056
High public trust,race,Asian / Asian American,behavior_mean,51.402,46.178,56.626
High public trust,race,Asian / Asian American,belief_post,55.118,43.732,66.503
High public trust,race,Asian / Asian American,concern_mean,51.392,42.444,60.34
High public trust,race,Asian / Asian American,distrust_post,50.235,39.854,60.617
High public trust,race,Asian / Asian American,donation_ams,5.235,3.699,6.771
High public trust,race,Asian / Asian American,funding_perceptions,58.824,44.497,73.15
High public trust,race,Asian / Asian American,inst_trust_mean,45.506,39.415,51.597
High public trust,race,Asian / Asian American,newsletter_signup,0.353,0.126,0.58
High public trust,race,Asian / Asian American,policy_general,46.471,32.262,60.679
High public trust,race,Asian / Asian American,policy_role_mean,43,37.065,48.935
High public trust,race,Asian / Asian American,policy_specific_mean,52.773,47.892,57.654
High public trust,race,Asian / Asian American,trust_multidimensional,54.407,50.818,57.996
High public trust,race,Asian / Asian American,trust_post,48,37.096,58.904
High public trust,race,Other,behavior_mean,51.788,46.271,57.305
High public trust,race,Other,belief_post,59.091,43.754,74.427
High public trust,race,Other,concern_mean,55.242,49.258,61.227
High public trust,race,Other,distrust_post,56.364,42.232,70.496
High public trust,race,Other,donation_ams,4.364,3.009,5.718
High public trust,race,Other,funding_perceptions,50.273,35.292,65.254
High public trust,race,Other,inst_trust_mean,56.673,47.459,65.887
High public trust,race,Other,newsletter_signup,0.091,-0.079,0.261
High public trust,race,Other,policy_general,60.545,48.961,72.13
High public trust,race,Other,policy_role_mean,49.886,40.559,59.214
High public trust,race,Other,policy_specific_mean,51.403,45.655,57.15
High public trust,race,Other,trust_multidimensional,47.288,43.613,50.963
High public trust,race,Other,trust_post,55.818,39.581,72.056
Measurement & modeling (2),race,White / Caucasian,behavior_mean,50.85,44.643,57.057
Measurement & modeling (2),race,White / Caucasian,belief_post,47.3,28.809,65.791
Measurement & modeling (2),race,White / Caucasian,concern_mean,50.3,41.915,58.685
Measurement & modeling (2),race,White / Caucasian,distrust_post,50.3,36.437,64.163
Measurement & modeling (2),race,White / Caucasian,donation_ams,6.6,4.614,8.586
Measurement & modeling (2),race,White / Caucasian,funding_perceptions,55,38.83,71.17
Measurement & modeling (2),race,White / Caucasian,inst_trust_mean,54.26,45.803,62.717
Measurement & modeling (2),race,White / Caucasian,newsletter_signup,0.2,-0.048,0.448
Measurement & modeling (2),race,White / Caucasian,policy_general,45.8,27.655,63.945
Measurement & modeling (2),race,White / Caucasian,policy_role_mean,47.375,35.339,59.411
Measurement & modeling (2),race,White / Caucasian,policy_specific_mean,52.986,44.655,61.316
Measurement & modeling (2),race,White / Caucasian,trust_multidimensional,47.742,44.098,51.386
Measurement & modeling (2),race,White / Caucasian,trust_post,39.7,24.358,55.042
Measurement & modeling (2),race,Black / African American,behavior_mean,52.372,44.71,60.033
Measurement & modeling (2),race,Black / African American,belief_post,49.385,32.439,66.33
Measurement & modeling (2),race,Black / African American,concern_mean,55.077,46.938,63.216
Measurement & modeling (2),race,Black / African American,distrust_post,50.615,34.326,66.905
Measurement & modeling (2),race,Black / African American,donation_ams,5.538,3.913,7.163
Measurement & modeling (2),race,Black / African American,funding_perceptions,57.385,42.716,72.053
Measurement & modeling (2),race,Black / African American,inst_trust_mean,54.692,48.967,60.418
Measurement & modeling (2),race,Black / African American,newsletter_signup,0.231,0.002,0.46
Measurement & modeling (2),race,Black / African American,policy_general,53.538,42.372,64.705
Measurement & modeling (2),race,Black / African American,policy_role_mean,48,41.256,54.744
Measurement & modeling (2),race,Black / African American,policy_specific_mean,48.044,40.557,55.531
Measurement & modeling (2),race,Black / African American,trust_multidimensional,48.622,43.671,53.573
Measurement & modeling (2),race,Black / African American,trust_post,54.385,37.867,70.902
Measurement & modeling (2),race,Hispanic / Latino,behavior_mean,40.5,29.032,51.968
Measurement & modeling (2),race,Hispanic / Latino,belief_post,47.333,23.588,71.079
Measurement & modeling (2),race,Hispanic / Latino,concern_mean,41,26.289,55.711
Measurement & modeling (2),race,Hispanic / Latino,distrust_post,67.667,48.856,86.478
Measurement & modeling (2),race,Hispanic / Latino,donation_ams,6.333,3.978,8.689
Measurement & modeling (2),race,Hispanic / Latino,funding_perceptions,23.333,1.207,45.46
Measurement & modeling (2),race,Hispanic / Latino,inst_trust_mean,58.6,49.695,67.505
Measurement & modeling (2),race,Hispanic / Latino,newsletter_signup,0,0,0
Measurement & modeling (2),race,Hispanic / Latino,policy_general,41.667,12.632,70.701
Measurement & modeling (2),race,Hispanic / Latino,policy_role_mean,46,33.776,58.224
Measurement & modeling (2),race,Hispanic / Latino,policy_specific_mean,47.762,35.006,60.518
Measurement & modeling (2),race,Hispanic / Latino,trust_multidimensional,45.389,36.423,54.355
Measurement & modeling (2),race,Hispanic / Latino,trust_post,60.667,8.547,112.786
Measurement & modeling (2),race,Asian / Asian American,behavior_mean,49.219,43.914,54.524
Measurement & modeling (2),race,Asian / Asian American,belief_post,48.526,39.431,57.622
Measurement & modeling (2),race,Asian / Asian American,concern_mean,45.632,40.361,50.902
Measurement & modeling (2),race,Asian / Asian American,distrust_post,49.895,39.195,60.594
Measurement & modeling (2),race,Asian / Asian American,donation_ams,4.263,2.736,5.791
Measurement & modeling (2),race,Asian / Asian American,funding_perceptions,51.737,39.914,63.56
Measurement & modeling (2),race,Asian / Asian American,inst_trust_mean,51.368,44.462,58.275
Measurement & modeling (2),race,Asian / Asian American,newsletter_signup,0.211,0.027,0.394
Measurement & modeling (2),race,Asian / Asian American,policy_general,52.632,41.414,63.849
Measurement & modeling (2),race,Asian / Asian American,policy_role_mean,52.368,44.978,59.759
Measurement & modeling (2),race,Asian / Asian American,policy_specific_mean,48.677,45.022,52.332
Measurement & modeling (2),race,Asian / Asian American,trust_multidimensional,51.066,47.61,54.522
Measurement & modeling (2),race,Asian / Asian American,trust_post,60.158,47.31,73.005
Measurement & modeling (2),race,Other,behavior_mean,54.889,50.492,59.286
Measurement & modeling (2),race,Other,belief_post,50,35.399,64.601
Measurement & modeling (2),race,Other,concern_mean,43.756,35.979,51.532
Measurement & modeling (2),race,Other,distrust_post,51,38.754,63.246
Measurement & modeling (2),race,Other,donation_ams,4,2.506,5.494
Measurement & modeling (2),race,Other,funding_perceptions,42.8,27.338,58.262
Measurement & modeling (2),race,Other,inst_trust_mean,53.547,46.808,60.285
Measurement & modeling (2),race,Other,newsletter_signup,0.2,-0.002,0.402
Measurement & modeling (2),race,Other,policy_general,55.8,46.27,65.33
Measurement & modeling (2),race,Other,policy_role_mean,50.783,43.247,58.32
Measurement & modeling (2),race,Other,policy_specific_mean,53.371,47.422,59.321
Measurement & modeling (2),race,Other,trust_multidimensional,50.144,46.847,53.442
Measurement & modeling (2),race,Other,trust_post,62.2,44.917,79.483
Peer-review,race,White / Caucasian,behavior_mean,50.283,45.543,55.023
Peer-review,race,White / Caucasian,belief_post,50.3,32.96,67.64
Peer-review,race,White / Caucasian,concern_mean,49.5,36.806,62.194
Peer-review,race,White / Caucasian,distrust_post,54.1,40.267,67.933
Peer-review,race,White / Caucasian,donation_ams,4.7,2.086,7.314
Peer-review,race,White / Caucasian,funding_perceptions,48.4,34.369,62.431
Peer-review,race,White / Caucasian,inst_trust_mean,54.62,47.795,61.445
Peer-review,race,White / Caucasian,newsletter_signup,0.4,0.096,0.704
Peer-review,race,White / Caucasian,policy_general,50.3,29.706,70.894
Peer-review,race,White / Caucasian,policy_role_mean,45.375,39.327,51.423
Peer-review,race,White / Caucasian,policy_specific_mean,45.257,37.973,52.541
Peer-review,race,White / Caucasian,trust_multidimensional,51.525,47.776,55.274
Peer-review,race,White / Caucasian,trust_post,51.7,35.242,68.158
Peer-review,race,Black / African American,behavior_mean,51.25,43.49,59.01
Peer-review,race,Black / African American,belief_post,47.5,28.897,66.103
Peer-review,race,Black / African American,concern_mean,60.75,45.013,76.487
Peer-review,race,Black / African American,distrust_post,52.5,30.638,74.362
Peer-review,race,Black / African American,donation_ams,3.5,-0.919,7.919
Peer-review,race,Black / African American,funding_perceptions,51.5,19.269,83.731
Peer-review,race,Black / African American,inst_trust_mean,45.25,34.149,56.351
Peer-review,race,Black / African American,newsletter_signup,0,0,0
Peer-review,race,Black / African American,policy_general,21.25,3.085,39.415
Peer-review,race,Black / African American,policy_role_mean,53.375,43.388,63.362
Peer-review,race,Black / African American,policy_specific_mean,43.571,29.478,57.664
Peer-review,race,Black / African American,trust_multidimensional,51.167,45.318,57.015
Peer-review,race,Black / African American,trust_post,48,34.003,61.997
Peer-review,race,Hispanic / Latino,behavior_mean,48.597,42.449,54.745
Peer-review,race,Hispanic / Latino,belief_post,44.833,27.66,62.007
Peer-review,race,Hispanic / Latino,concern_mean,40.833,36.711,44.956
Peer-review,race,Hispanic / Latino,distrust_post,44.167,31.71,56.623
Peer-review,race,Hispanic / Latino,donation_ams,5,3.025,6.975
Peer-review,race,Hispanic / Latino,funding_perceptions,49.333,38.382,60.284
Peer-review,race,Hispanic / Latino,inst_trust_mean,46.15,40.337,51.963
Peer-review,race,Hispanic / Latino,newsletter_signup,0.25,0.005,0.495
Peer-review,race,Hispanic / Latino,policy_general,41.917,30.839,52.995
Peer-review,race,Hispanic / Latino,policy_role_mean,41.5,34.181,48.819
Peer-review,race,Hispanic / Latino,policy_specific_mean,50.036,43.21,56.861
Peer-review,race,Hispanic / Latino,trust_multidimensional,47.403,42.689,52.117
Peer-review,race,Hispanic / Latino,trust_post,52.917,41.082,64.752
Peer-review,race,Asian / Asian American,behavior_mean,46.115,38.957,53.274
Peer-review,race,Asian / Asian American,belief_post,54.385,37.039,71.73
Peer-review,race,Asian / Asian American,concern_mean,53.205,41.543,64.867
Peer-review,race,Asian / Asian American,distrust_post,49.692,31.677,67.707
Peer-review,race,Asian / Asian American,donation_ams,6,3.781,8.219
Peer-review,race,Asian / Asian American,funding_perceptions,44.308,26.778,61.838
Peer-review,race,Asian / Asian American,inst_trust_mean,47.215,42.672,51.759
Peer-review,race,Asian / Asian American,newsletter_signup,0.308,0.057,0.559
Peer-review,race,Asian / Asian American,policy_general,55.462,42.132,68.791
Peer-review,race,Asian / Asian American,policy_role_mean,53.346,45.926,60.766
Peer-review,race,Asian / Asian American,policy_specific_mean,50.868,46.48,55.256
Peer-review,race,Asian / Asian American,trust_multidimensional,52.628,49.418,55.839
Peer-review,race,Asian / Asian American,trust_post,51,35.963,66.037
Peer-review,race,Other,behavior_mean,51.833,46.553,57.113
Peer-review,race,Other,belief_post,51.905,41.859,61.951
Peer-review,race,Other,concern_mean,40.444,33.263,47.626
Peer-review,race,Other,distrust_post,44.524,32.742,56.306
Peer-review,race,Other,donation_ams,4.19,2.807,5.574
Peer-review,race,Other,funding_perceptions,46.333,34.527,58.14
Peer-review,race,Other,inst_trust_mean,50.219,46.215,54.223
Peer-review,race,Other,newsletter_signup,0.143,-0.007,0.293
Peer-review,race,Other,policy_general,44.524,35.896,53.152
Peer-review,race,Other,policy_role_mean,49.619,44.499,54.739
Peer-review,race,Other,policy_specific_mean,47.646,43.113,52.18
Peer-review,race,Other,trust_multidimensional,51.131,48.662,53.6
Peer-review,race,Other,trust_post,37.81,25.983,49.636
Scientist community helpers,race,White / Caucasian,behavior_mean,49.397,42.502,56.293
Scientist community helpers,race,White / Caucasian,belief_post,46.231,27.701,64.76
Scientist community helpers,race,White / Caucasian,concern_mean,54.231,45.593,62.868
Scientist community helpers,race,White / Caucasian,distrust_post,44.462,30.511,58.412
Scientist community helpers,race,White / Caucasian,donation_ams,4.692,2.618,6.767
Scientist community helpers,race,White / Caucasian,funding_perceptions,60.231,46.071,74.391
Scientist community helpers,race,White / Caucasian,inst_trust_mean,53.923,49.788,58.058
Scientist community helpers,race,White / Caucasian,newsletter_signup,0.231,0.002,0.46
Scientist community helpers,race,White / Caucasian,policy_general,47.462,34.717,60.206
Scientist community helpers,race,White / Caucasian,policy_role_mean,49.385,40.699,58.07
Scientist community helpers,race,White / Caucasian,policy_specific_mean,50.33,45.372,55.287
Scientist community helpers,race,White / Caucasian,trust_multidimensional,52.16,47.228,57.092
Scientist community helpers,race,White / Caucasian,trust_post,56.154,47.383,64.924
Scientist community helpers,race,Black / African American,behavior_mean,51.139,45.976,56.302
Scientist community helpers,race,Black / African American,belief_post,53.5,38.465,68.535
Scientist community helpers,race,Black / African American,concern_mean,39.778,33.775,45.78
Scientist community helpers,race,Black / African American,distrust_post,62.5,46.319,78.681
Scientist community helpers,race,Black / African American,donation_ams,5.917,4.136,7.697
Scientist community helpers,race,Black / African American,funding_perceptions,42.167,27.164,57.169
Scientist community helpers,race,Black / African American,inst_trust_mean,48.817,41.791,55.842
Scientist community helpers,race,Black / African American,newsletter_signup,0.083,-0.073,0.24
Scientist community helpers,race,Black / African American,policy_general,56.833,43.272,70.395
Scientist community helpers,race,Black / African American,policy_role_mean,56.125,49.101,63.149
Scientist community helpers,race,Black / African American,policy_specific_mean,46.667,40.646,52.687
Scientist community helpers,race,Black / African American,trust_multidimensional,49.618,43.53,55.706
Scientist community helpers,race,Black / African American,trust_post,54.167,40.73,67.603
Scientist community helpers,race,Hispanic / Latino,behavior_mean,56.394,52.862,59.926
Scientist community helpers,race,Hispanic / Latino,belief_post,54.818,45.352,64.284
Scientist community helpers,race,Hispanic / Latino,concern_mean,41.545,31.137,51.954
Scientist community helpers,race,Hispanic / Latino,distrust_post,47.091,34.075,60.107
Scientist community helpers,race,Hispanic / Latino,donation_ams,6.636,5.045,8.228
Scientist community helpers,race,Hispanic / Latino,funding_perceptions,38.182,22.082,54.281
Scientist community helpers,race,Hispanic / Latino,inst_trust_mean,51.345,44.484,58.207
Scientist community helpers,race,Hispanic / Latino,newsletter_signup,0.182,-0.046,0.41
Scientist community helpers,race,Hispanic / Latino,policy_general,49,34.658,63.342
Scientist community helpers,race,Hispanic / Latino,policy_role_mean,51.409,44.646,58.172
Scientist community helpers,race,Hispanic / Latino,policy_specific_mean,48.857,40.582,57.132
Scientist community helpers,race,Hispanic / Latino,trust_multidimensional,49.902,43.502,56.301
Scientist community helpers,race,Hispanic / Latino,trust_post,51.273,34.566,67.979
Scientist community helpers,race,Asian / Asian American,behavior_mean,52.152,46.614,57.689
Scientist community helpers,race,Asian / Asian American,belief_post,29.818,13.259,46.377
Scientist community helpers,race,Asian / Asian American,concern_mean,51.788,43.171,60.404
Scientist community helpers,race,Asian / Asian American,distrust_post,38.727,25.646,51.809
Scientist community helpers,race,Asian / Asian American,donation_ams,3.091,1.585,4.597
Scientist community helpers,race,Asian / Asian American,funding_perceptions,60.545,45.114,75.977
Scientist community helpers,race,Asian / Asian American,inst_trust_mean,45.745,38.576,52.915
Scientist community helpers,race,Asian / Asian American,newsletter_signup,0.364,0.079,0.648
Scientist community helpers,race,Asian / Asian American,policy_general,34,19.075,48.925
Scientist community helpers,race,Asian / Asian American,policy_role_mean,46.114,39.761,52.466
Scientist community helpers,race,Asian / Asian American,policy_specific_mean,50.429,45.053,55.804
Scientist community helpers,race,Asian / Asian American,trust_multidimensional,45.977,41.907,50.047
Scientist community helpers,race,Asian / Asian American,trust_post,64.364,51.633,77.094
Scientist community helpers,race,Other,behavior_mean,49.872,45.419,54.325
Scientist community helpers,race,Other,belief_post,46.462,33.631,59.292
Scientist community helpers,race,Other,concern_mean,48,39.36,56.64
Scientist community helpers,race,Other,distrust_post,54.308,42.109,66.506
Scientist community helpers,race,Other,donation_ams,5.923,4.1,7.746
Scientist community helpers,race,Other,funding_perceptions,57.154,41.559,72.749
Scientist community helpers,race,Other,inst_trust_mean,48.077,40.952,55.202
Scientist community helpers,race,Other,newsletter_signup,0.154,-0.042,0.35
Scientist community helpers,race,Other,policy_general,61,46.769,75.231
Scientist community helpers,race,Other,policy_role_mean,51.058,41.299,60.816
Scientist community helpers,race,Other,policy_specific_mean,51.989,46.254,57.724
Scientist community helpers,race,Other,trust_multidimensional,51.596,46.621,56.571
Scientist community helpers,race,Other,trust_post,44.692,28.072,61.312
Consensus,race,White / Caucasian,behavior_mean,49.298,44.767,53.83
Consensus,race,White / Caucasian,belief_post,55,44.745,65.255
Consensus,race,White / Caucasian,concern_mean,45.596,38.451,52.742
Consensus,race,White / Caucasian,distrust_post,40.842,26.604,55.08
Consensus,race,White / Caucasian,donation_ams,5.263,3.65,6.876
Consensus,race,White / Caucasian,funding_perceptions,39.105,29.536,48.674
Consensus,race,White / Caucasian,inst_trust_mean,54.6,48.41,60.79
Consensus,race,White / Caucasian,newsletter_signup,0.263,0.065,0.461
Consensus,race,White / Caucasian,policy_general,38.474,25.964,50.983
Consensus,race,White / Caucasian,policy_role_mean,46.579,41.191,51.967
Consensus,race,White / Caucasian,policy_specific_mean,51.722,47.357,56.087
Consensus,race,White / Caucasian,trust_multidimensional,50.794,46.981,54.606
Consensus,race,White / Caucasian,trust_post,50.263,37.639,62.887
Consensus,race,Black / African American,behavior_mean,48.476,40.099,56.853
Consensus,race,Black / African American,belief_post,47.429,31.949,62.908
Consensus,race,Black / African American,concern_mean,45.952,36.383,55.522
Consensus,race,Black / African American,distrust_post,59,49.191,68.809
Consensus,race,Black / African American,donation_ams,4.857,3.411,6.303
Consensus,race,Black / African American,funding_perceptions,52.571,31.012,74.131
Consensus,race,Black / African American,inst_trust_mean,49.2,43.478,54.922
Consensus,race,Black / African American,newsletter_signup,0.143,-0.116,0.402
Consensus,race,Black / African American,policy_general,49.429,29.643,69.214
Consensus,race,Black / African American,policy_role_mean,48.857,36.39,61.324
Consensus,race,Black / African American,policy_specific_mean,51.857,44.508,59.207
Consensus,race,Black / African American,trust_multidimensional,54.738,48.24,61.236
Consensus,race,Black / African American,trust_post,44.714,36.391,53.038
Consensus,race,Hispanic / Latino,behavior_mean,50.667,38.967,62.366
Consensus,race,Hispanic / Latino,belief_post,42.714,26.966,58.462
Consensus,race,Hispanic / Latino,concern_mean,58.429,44.935,71.922
Consensus,race,Hispanic / Latino,distrust_post,43.714,30.835,56.593
Consensus,race,Hispanic / Latino,donation_ams,6.714,4.123,9.306
Consensus,race,Hispanic / Latino,funding_perceptions,46.286,29.41,63.161
Consensus,race,Hispanic / Latino,inst_trust_mean,43.371,35.96,50.783
Consensus,race,Hispanic / Latino,newsletter_signup,0,0,0
Consensus,race,Hispanic / Latino,policy_general,54.714,36.26,73.169
Consensus,race,Hispanic / Latino,policy_role_mean,51.179,44.956,57.401
Consensus,race,Hispanic / Latino,policy_specific_mean,52.49,44.064,60.916
Consensus,race,Hispanic / Latino,trust_multidimensional,50.833,47.448,54.219
Consensus,race,Hispanic / Latino,trust_post,45,29.14,60.86
Consensus,race,Asian / Asian American,behavior_mean,52.958,45.053,60.864
Consensus,race,Asian / Asian American,belief_post,57.25,42.263,72.237
Consensus,race,Asian / Asian American,concern_mean,50.028,41.983,58.073
Consensus,race,Asian / Asian American,distrust_post,43.917,30.633,57.2
Consensus,race,Asian / Asian American,donation_ams,4.917,3.521,6.312
Consensus,race,Asian / Asian American,funding_perceptions,51.25,34.488,68.012
Consensus,race,Asian / Asian American,inst_trust_mean,47.533,40.472,54.595
Consensus,race,Asian / Asian American,newsletter_signup,0.25,0.005,0.495
Consensus,race,Asian / Asian American,policy_general,52.917,34.821,71.012
Consensus,race,Asian / Asian American,policy_role_mean,53,45.92,60.08
Consensus,race,Asian / Asian American,policy_specific_mean,49.369,45.841,52.897
Consensus,race,Asian / Asian American,trust_multidimensional,53.458,50.212,56.705
Consensus,race,Asian / Asian American,trust_post,49.417,36.771,62.063
Consensus,race,Other,behavior_mean,52.567,47.991,57.142
Consensus,race,Other,belief_post,61.467,51.378,71.555
Consensus,race,Other,concern_mean,45.533,39.16,51.906
Consensus,race,Other,distrust_post,43,29.674,56.326
Consensus,race,Other,donation_ams,4.533,3.356,5.71
Consensus,race,Other,funding_perceptions,40.8,26.752,54.848
Consensus,race,Other,inst_trust_mean,47.96,41.59,54.33
Consensus,race,Other,newsletter_signup,0.267,0.043,0.49
Consensus,race,Other,policy_general,46.267,34.96,57.574
Consensus,race,Other,policy_role_mean,43.267,35.209,51.324
Consensus,race,Other,policy_specific_mean,51.533,47.164,55.903
Consensus,race,Other,trust_multidimensional,51.183,46.019,56.348
Consensus,race,Other,trust_post,63.2,49.895,76.505
Portrait Prof. Cherry,race,White / Caucasian,behavior_mean,50.907,45.807,56.008
Portrait Prof. Cherry,race,White / Caucasian,belief_post,56,42.698,69.302
Portrait Prof. Cherry,race,White / Caucasian,concern_mean,49.667,41.901,57.433
Portrait Prof. Cherry,race,White / Caucasian,distrust_post,42.722,31.044,54.401
Portrait Prof. Cherry,race,White / Caucasian,donation_ams,6.056,4.625,7.486
Portrait Prof. Cherry,race,White / Caucasian,funding_perceptions,46,37.556,54.444
Portrait Prof. Cherry,race,White / Caucasian,inst_trust_mean,49.289,44.261,54.317
Portrait Prof. Cherry,race,White / Caucasian,newsletter_signup,0.167,-0.006,0.339
Portrait Prof. Cherry,race,White / Caucasian,policy_general,48.278,34.674,61.882
Portrait Prof. Cherry,race,White / Caucasian,policy_role_mean,51.556,46.16,56.951
Portrait Prof. Cherry,race,White / Caucasian,policy_specific_mean,52.444,47.934,56.955
Portrait Prof. Cherry,race,White / Caucasian,trust_multidimensional,50.676,46.791,54.561
Portrait Prof. Cherry,race,White / Caucasian,trust_post,45.167,30.867,59.467
Portrait Prof. Cherry,race,Black / African American,behavior_mean,48.617,42.179,55.054
Portrait Prof. Cherry,race,Black / African American,belief_post,63.9,50.888,76.912
Portrait Prof. Cherry,race,Black / African American,concern_mean,54.633,42.569,66.698
Portrait Prof. Cherry,race,Black / African American,distrust_post,41.7,25.182,58.218
Portrait Prof. Cherry,race,Black / African American,donation_ams,4.9,2.784,7.016
Portrait Prof. Cherry,race,Black / African American,funding_perceptions,57.7,42.807,72.593
Portrait Prof. Cherry,race,Black / African American,inst_trust_mean,46.42,37.94,54.9
Portrait Prof. Cherry,race,Black / African American,newsletter_signup,0.2,-0.048,0.448
Portrait Prof. Cherry,race,Black / African American,policy_general,59.4,42.595,76.205
Portrait Prof. Cherry,race,Black / African American,policy_role_mean,53.175,42.365,63.985
Portrait Prof. Cherry,race,Black / African American,policy_specific_mean,48.214,41.211,55.218
Portrait Prof. Cherry,race,Black / African American,trust_multidimensional,43.217,39.694,46.74
Portrait Prof. Cherry,race,Black / African American,trust_post,33.4,21.848,44.952
Portrait Prof. Cherry,race,Hispanic / Latino,behavior_mean,49.983,45.033,54.933
Portrait Prof. Cherry,race,Hispanic / Latino,belief_post,47.4,34.1,60.7
Portrait Prof. Cherry,race,Hispanic / Latino,concern_mean,49.133,45.505,52.762
Portrait Prof. Cherry,race,Hispanic / Latino,distrust_post,58.6,45.843,71.357
Portrait Prof. Cherry,race,Hispanic / Latino,donation_ams,5.7,3.612,7.788
Portrait Prof. Cherry,race,Hispanic / Latino,funding_perceptions,52.5,39.491,65.509
Portrait Prof. Cherry,race,Hispanic / Latino,inst_trust_mean,52.62,45.32,59.92
Portrait Prof. Cherry,race,Hispanic / Latino,newsletter_signup,0.2,-0.048,0.448
Portrait Prof. Cherry,race,Hispanic / Latino,policy_general,45.1,25.775,64.425
Portrait Prof. Cherry,race,Hispanic / Latino,policy_role_mean,37.55,30.11,44.99
Portrait Prof. Cherry,race,Hispanic / Latino,policy_specific_mean,50.243,43.676,56.81
Portrait Prof. Cherry,race,Hispanic / Latino,trust_multidimensional,50.458,46.674,54.243
Portrait Prof. Cherry,race,Hispanic / Latino,trust_post,49.2,36.219,62.181
Portrait Prof. Cherry,race,Asian / Asian American,behavior_mean,49.429,44.13,54.727
Portrait Prof. Cherry,race,Asian / Asian American,belief_post,58.357,48.284,68.43
Portrait Prof. Cherry,race,Asian / Asian American,concern_mean,50.69,44.635,56.746
Portrait Prof. Cherry,race,Asian / Asian American,distrust_post,43.929,31.972,55.885
Portrait Prof. Cherry,race,Asian / Asian American,donation_ams,5.143,3.184,7.101
Portrait Prof. Cherry,race,Asian / Asian American,funding_perceptions,33.786,20.214,47.357
Portrait Prof. Cherry,race,Asian / Asian American,inst_trust_mean,48.057,41.386,54.728
Portrait Prof. Cherry,race,Asian / Asian American,newsletter_signup,0.214,-0.001,0.429
Portrait Prof. Cherry,race,Asian / Asian American,policy_general,54.357,39.819,68.895
Portrait Prof. Cherry,race,Asian / Asian American,policy_role_mean,42.125,34.704,49.546
Portrait Prof. Cherry,race,Asian / Asian American,policy_specific_mean,50.714,45.121,56.307
Portrait Prof. Cherry,race,Asian / Asian American,trust_multidimensional,50.232,46.849,53.615
Portrait Prof. Cherry,race,Asian / Asian American,trust_post,51.5,38.87,64.13
Portrait Prof. Cherry,race,Other,behavior_mean,47.875,41.278,54.472
Portrait Prof. Cherry,race,Other,belief_post,43.125,29.116,57.134
Portrait Prof. Cherry,race,Other,concern_mean,43.625,35.423,51.827
Portrait Prof. Cherry,race,Other,distrust_post,54.75,32.622,76.878
Portrait Prof. Cherry,race,Other,donation_ams,4.25,1.745,6.755
Portrait Prof. Cherry,race,Other,funding_perceptions,45.375,27.328,63.422
Portrait Prof. Cherry,race,Other,inst_trust_mean,44.275,34.87,53.68
Portrait Prof. Cherry,race,Other,newsletter_signup,0.375,0.04,0.71
Portrait Prof. Cherry,race,Other,policy_general,62.5,45.848,79.152
Portrait Prof. Cherry,race,Other,policy_role_mean,53.875,43.509,64.241
Portrait Prof. Cherry,race,Other,policy_specific_mean,44.929,36.623,53.234
Portrait Prof. Cherry,race,Other,trust_multidimensional,48.521,43.827,53.215
Portrait Prof. Cherry,race,Other,trust_post,46.625,28.517,64.733
Model accuracy,race,White / Caucasian,behavior_mean,59.778,54.904,64.651
Model accuracy,race,White / Caucasian,belief_post,42.444,33.77,51.119
Model accuracy,race,White / Caucasian,concern_mean,57.185,45.858,68.512
Model accuracy,race,White / Caucasian,distrust_post,71.222,58.818,83.626
Model accuracy,race,White / Caucasian,donation_ams,5.444,3.25,7.638
Model accuracy,race,White / Caucasian,funding_perceptions,55,40.02,69.98
Model accuracy,race,White / Caucasian,inst_trust_mean,51.089,45.044,57.134
Model accuracy,race,White / Caucasian,newsletter_signup,0.222,-0.049,0.494
Model accuracy,race,White / Caucasian,policy_general,53.556,38.841,68.27
Model accuracy,race,White / Caucasian,policy_role_mean,44.111,35.753,52.469
Model accuracy,race,White / Caucasian,policy_specific_mean,51.778,45.954,57.602
Model accuracy,race,White / Caucasian,trust_multidimensional,48.046,44.511,51.582
Model accuracy,race,White / Caucasian,trust_post,57.333,44.942,69.725
Model accuracy,race,Black / African American,behavior_mean,51.427,45.26,57.594
Model accuracy,race,Black / African American,belief_post,34,25.187,42.813
Model accuracy,race,Black / African American,concern_mean,49.083,41.645,56.522
Model accuracy,race,Black / African American,distrust_post,43,27.667,58.333
Model accuracy,race,Black / African American,donation_ams,3.875,2.306,5.444
Model accuracy,race,Black / African American,funding_perceptions,34.812,24.247,45.378
Model accuracy,race,Black / African American,inst_trust_mean,47.8,42.611,52.989
Model accuracy,race,Black / African American,newsletter_signup,0.375,0.138,0.612
Model accuracy,race,Black / African American,policy_general,47.562,35.011,60.114
Model accuracy,race,Black / African American,policy_role_mean,46.719,38.781,54.657
Model accuracy,race,Black / African American,policy_specific_mean,48.071,42.807,53.336
Model accuracy,race,Black / African American,trust_multidimensional,48.443,45.042,51.843
Model accuracy,race,Black / African American,trust_post,39.5,24.2,54.8
Model accuracy,race,Hispanic / Latino,behavior_mean,49.405,43.519,55.291
Model accuracy,race,Hispanic / Latino,belief_post,54.214,39.081,69.348
Model accuracy,race,Hispanic / Latino,concern_mean,55.452,48.285,62.62
Model accuracy,race,Hispanic / Latino,distrust_post,60.857,51.196,70.518
Model accuracy,race,Hispanic / Latino,donation_ams,4.857,3.202,6.512
Model accuracy,race,Hispanic / Latino,funding_perceptions,55.357,43.035,67.679
Model accuracy,race,Hispanic / Latino,inst_trust_mean,52.329,44.956,59.702
Model accuracy,race,Hispanic / Latino,newsletter_signup,0.143,-0.04,0.326
Model accuracy,race,Hispanic / Latino,policy_general,44,28.389,59.611
Model accuracy,race,Hispanic / Latino,policy_role_mean,45.964,38.681,53.248
Model accuracy,race,Hispanic / Latino,policy_specific_mean,51.847,46.33,57.364
Model accuracy,race,Hispanic / Latino,trust_multidimensional,49.083,46.027,52.14
Model accuracy,race,Hispanic / Latino,trust_post,45.714,34.193,57.236
Model accuracy,race,Asian / Asian American,behavior_mean,52.848,46.265,59.432
Model accuracy,race,Asian / Asian American,belief_post,53.273,40.106,66.44
Model accuracy,race,Asian / Asian American,concern_mean,52.364,45.762,58.965
Model accuracy,race,Asian / Asian American,distrust_post,47.545,29.992,65.099
Model accuracy,race,Asian / Asian American,donation_ams,4.909,3.051,6.768
Model accuracy,race,Asian / Asian American,funding_perceptions,48,27.224,68.776
Model accuracy,race,Asian / Asian American,inst_trust_mean,52.891,46.821,58.96
Model accuracy,race,Asian / Asian American,newsletter_signup,0.091,-0.079,0.261
Model accuracy,race,Asian / Asian American,policy_general,55.818,39.714,71.922
Model accuracy,race,Asian / Asian American,policy_role_mean,46.273,35.455,57.09
Model accuracy,race,Asian / Asian American,policy_specific_mean,52.831,46.814,58.849
Model accuracy,race,Asian / Asian American,trust_multidimensional,52.894,48.023,57.765
Model accuracy,race,Asian / Asian American,trust_post,53.091,37.896,68.286
Model accuracy,race,Other,behavior_mean,48.517,39.313,57.721
Model accuracy,race,Other,belief_post,41.4,25.908,56.892
Model accuracy,race,Other,concern_mean,47.367,36.654,58.08
Model accuracy,race,Other,distrust_post,50.5,34.531,66.469
Model accuracy,race,Other,donation_ams,4.6,2.593,6.607
Model accuracy,race,Other,funding_perceptions,39.1,21.947,56.253
Model accuracy,race,Other,inst_trust_mean,42.84,36.705,48.975
Model accuracy,race,Other,newsletter_signup,0.3,0.016,0.584
Model accuracy,race,Other,policy_general,39.8,18.965,60.635
Model accuracy,race,Other,policy_role_mean,50.275,44.948,55.602
Model accuracy,race,Other,policy_specific_mean,47.5,41.719,53.281
Model accuracy,race,Other,trust_multidimensional,52.25,46.529,57.971
Model accuracy,race,Other,trust_post,46.7,30.429,62.971
Interview Prof. Sebille,race,White / Caucasian,behavior_mean,53.083,46.897,59.27
Interview Prof. Sebille,race,White / Caucasian,belief_post,49.917,32.663,67.17
Interview Prof. Sebille,race,White / Caucasian,concern_mean,45.611,36.482,54.74
Interview Prof. Sebille,race,White / Caucasian,distrust_post,35.667,19.873,51.46
Interview Prof. Sebille,race,White / Caucasian,donation_ams,4.417,2.772,6.061
Interview Prof. Sebille,race,White / Caucasian,funding_perceptions,68.333,58.065,78.601
Interview Prof. Sebille,race,White / Caucasian,inst_trust_mean,46.8,41.663,51.937
Interview Prof. Sebille,race,White / Caucasian,newsletter_signup,0.25,0.005,0.495
Interview Prof. Sebille,race,White / Caucasian,policy_general,58.417,41.906,74.927
Interview Prof. Sebille,race,White / Caucasian,policy_role_mean,48.521,41.437,55.605
Interview Prof. Sebille,race,White / Caucasian,policy_specific_mean,51.214,45.02,57.408
Interview Prof. Sebille,race,White / Caucasian,trust_multidimensional,51.542,45.284,57.799
Interview Prof. Sebille,race,White / Caucasian,trust_post,55.5,40.417,70.583
Interview Prof. Sebille,race,Black / African American,behavior_mean,48.759,45.372,52.147
Interview Prof. Sebille,race,Black / African American,belief_post,49,28.017,69.983
Interview Prof. Sebille,race,Black / African American,concern_mean,54.037,47.692,60.382
Interview Prof. Sebille,race,Black / African American,distrust_post,47.556,25.971,69.141
Interview Prof. Sebille,race,Black / African American,donation_ams,6.556,4.386,8.725
Interview Prof. Sebille,race,Black / African American,funding_perceptions,52,45.499,58.501
Interview Prof. Sebille,race,Black / African American,inst_trust_mean,45.156,37.21,53.101
Interview Prof. Sebille,race,Black / African American,newsletter_signup,0.222,-0.049,0.494
Interview Prof. Sebille,race,Black / African American,policy_general,52.444,34.472,70.417
Interview Prof. Sebille,race,Black / African American,policy_role_mean,44.722,36.297,53.147
Interview Prof. Sebille,race,Black / African American,policy_specific_mean,50.841,43.917,57.765
Interview Prof. Sebille,race,Black / African American,trust_multidimensional,51.602,45.463,57.74
Interview Prof. Sebille,race,Black / African American,trust_post,47.556,32.823,62.289
Interview Prof. Sebille,race,Hispanic / Latino,behavior_mean,48.857,43.754,53.96
Interview Prof. Sebille,race,Hispanic / Latino,belief_post,43.786,29.718,57.854
Interview Prof. Sebille,race,Hispanic / Latino,concern_mean,49.19,40.152,58.228
Interview Prof. Sebille,race,Hispanic / Latino,distrust_post,47.929,36.385,59.472
Interview Prof. Sebille,race,Hispanic / Latino,donation_ams,4,2.306,5.694
Interview Prof. Sebille,race,Hispanic / Latino,funding_perceptions,55.714,42.778,68.651
Interview Prof. Sebille,race,Hispanic / Latino,inst_trust_mean,50.371,44.762,55.98
Interview Prof. Sebille,race,Hispanic / Latino,newsletter_signup,0.143,-0.04,0.326
Interview Prof. Sebille,race,Hispanic / Latino,policy_general,46.214,34.048,58.38
Interview Prof. Sebille,race,Hispanic / Latino,policy_role_mean,48.679,41.318,56.039
Interview Prof. Sebille,race,Hispanic / Latino,policy_specific_mean,51.806,47.854,55.758
Interview Prof. Sebille,race,Hispanic / Latino,trust_multidimensional,47.905,42.495,53.314
Interview Prof. Sebille,race,Hispanic / Latino,trust_post,64.429,49.954,78.903
Interview Prof. Sebille,race,Asian / Asian American,behavior_mean,51.095,45.792,56.398
Interview Prof. Sebille,race,Asian / Asian American,belief_post,44.286,31.372,57.2
Interview Prof. Sebille,race,Asian / Asian American,concern_mean,50.452,44.471,56.434
Interview Prof. Sebille,race,Asian / Asian American,distrust_post,49.071,38.508,59.635
Interview Prof. Sebille,race,Asian / Asian American,donation_ams,3.929,2.371,5.486
Interview Prof. Sebille,race,Asian / Asian American,funding_perceptions,47.143,35.17,59.116
Interview Prof. Sebille,race,Asian / Asian American,inst_trust_mean,49.457,42.459,56.455
Interview Prof. Sebille,race,Asian / Asian American,newsletter_signup,0.071,-0.063,0.206
Interview Prof. Sebille,race,Asian / Asian American,policy_general,42.714,28.763,56.665
Interview Prof. Sebille,race,Asian / Asian American,policy_role_mean,50.429,43.705,57.152
Interview Prof. Sebille,race,Asian / Asian American,policy_specific_mean,49.276,45.834,52.717
Interview Prof. Sebille,race,Asian / Asian American,trust_multidimensional,51.423,46.961,55.885
Interview Prof. Sebille,race,Asian / Asian American,trust_post,49.714,35.147,64.281
Interview Prof. Sebille,race,Other,behavior_mean,49.818,46.689,52.947
Interview Prof. Sebille,race,Other,belief_post,43,27.207,58.793
Interview Prof. Sebille,race,Other,concern_mean,46.364,39.181,53.547
Interview Prof. Sebille,race,Other,distrust_post,31.273,11.879,50.667
Interview Prof. Sebille,race,Other,donation_ams,4.818,2.897,6.739
Interview Prof. Sebille,race,Other,funding_perceptions,41.818,30.932,52.705
Interview Prof. Sebille,race,Other,inst_trust_mean,51.091,42.539,59.643
Interview Prof. Sebille,race,Other,newsletter_signup,0.182,-0.046,0.41
Interview Prof. Sebille,race,Other,policy_general,52.091,34.808,69.374
Interview Prof. Sebille,race,Other,policy_role_mean,46.795,39.098,54.493
Interview Prof. Sebille,race,Other,policy_specific_mean,48.909,43.042,54.776
Interview Prof. Sebille,race,Other,trust_multidimensional,48.439,42.615,54.264
Interview Prof. Sebille,race,Other,trust_post,49.636,42.718,56.555
Extreme weather predictions,race,White / Caucasian,behavior_mean,48.405,43.095,53.714
Extreme weather predictions,race,White / Caucasian,belief_post,48.429,34.032,62.825
Extreme weather predictions,race,White / Caucasian,concern_mean,49.929,43.239,56.618
Extreme weather predictions,race,White / Caucasian,distrust_post,46,32.921,59.079
Extreme weather predictions,race,White / Caucasian,donation_ams,4.571,3.123,6.02
Extreme weather predictions,race,White / Caucasian,funding_perceptions,42.429,29.679,55.178
Extreme weather predictions,race,White / Caucasian,inst_trust_mean,45.986,39.065,52.906
Extreme weather predictions,race,White / Caucasian,newsletter_signup,0.214,-0.001,0.429
Extreme weather predictions,race,White / Caucasian,policy_general,50.786,39.279,62.292
Extreme weather predictions,race,White / Caucasian,policy_role_mean,49.089,39.942,58.237
Extreme weather predictions,race,White / Caucasian,policy_specific_mean,48.469,42.128,54.81
Extreme weather predictions,race,White / Caucasian,trust_multidimensional,48.226,44.553,51.899
Extreme weather predictions,race,White / Caucasian,trust_post,59.643,45.486,73.8
Extreme weather predictions,race,Black / African American,behavior_mean,52,45.601,58.399
Extreme weather predictions,race,Black / African American,belief_post,54.5,37.468,71.532
Extreme weather predictions,race,Black / African American,concern_mean,54.567,42.896,66.237
Extreme weather predictions,race,Black / African American,distrust_post,71.8,57.736,85.864
Extreme weather predictions,race,Black / African American,donation_ams,5.9,4.042,7.758
Extreme weather predictions,race,Black / African American,funding_perceptions,41.2,25.715,56.685
Extreme weather predictions,race,Black / African American,inst_trust_mean,57.08,52.276,61.884
Extreme weather predictions,race,Black / African American,newsletter_signup,0,0,0
Extreme weather predictions,race,Black / African American,policy_general,48.6,30.772,66.428
Extreme weather predictions,race,Black / African American,policy_role_mean,50.275,45.885,54.665
Extreme weather predictions,race,Black / African American,policy_specific_mean,53.486,49.232,57.739
Extreme weather predictions,race,Black / African American,trust_multidimensional,47.883,44.593,51.174
Extreme weather predictions,race,Black / African American,trust_post,49.9,33.438,66.362
Extreme weather predictions,race,Hispanic / Latino,behavior_mean,51.45,45.889,57.011
Extreme weather predictions,race,Hispanic / Latino,belief_post,60.1,41.08,79.12
Extreme weather predictions,race,Hispanic / Latino,concern_mean,58.5,52.121,64.879
Extreme weather predictions,race,Hispanic / Latino,distrust_post,59.2,43.759,74.641
Extreme weather predictions,race,Hispanic / Latino,donation_ams,4.7,2.898,6.502
Extreme weather predictions,race,Hispanic / Latino,funding_perceptions,57.6,43.081,72.119
Extreme weather predictions,race,Hispanic / Latino,inst_trust_mean,47.98,40.667,55.293
Extreme weather predictions,race,Hispanic / Latino,newsletter_signup,0.2,-0.048,0.448
Extreme weather predictions,race,Hispanic / Latino,policy_general,55.3,43.999,66.601
Extreme weather predictions,race,Hispanic / Latino,policy_role_mean,56.325,51.193,61.457
Extreme weather predictions,race,Hispanic / Latino,policy_specific_mean,47.329,41.908,52.749
Extreme weather predictions,race,Hispanic / Latino,trust_multidimensional,51.208,46.752,55.665
Extreme weather predictions,race,Hispanic / Latino,trust_post,43.2,28.137,58.263
Extreme weather predictions,race,Asian / Asian American,behavior_mean,50.854,45.039,56.669
Extreme weather predictions,race,Asian / Asian American,belief_post,49.188,37.64,60.735
Extreme weather predictions,race,Asian / Asian American,concern_mean,48.458,42.615,54.302
Extreme weather predictions,race,Asian / Asian American,distrust_post,58.375,49.83,66.92
Extreme weather predictions,race,Asian / Asian American,donation_ams,4.125,2.275,5.975
Extreme weather predictions,race,Asian / Asian American,funding_perceptions,53,39.724,66.276
Extreme weather predictions,race,Asian / Asian American,inst_trust_mean,47.3,39.946,54.654
Extreme weather predictions,race,Asian / Asian American,newsletter_signup,0.188,-0.004,0.379
Extreme weather predictions,race,Asian / Asian American,policy_general,44.062,31.941,56.184
Extreme weather predictions,race,Asian / Asian American,policy_role_mean,52.609,46.079,59.14
Extreme weather predictions,race,Asian / Asian American,policy_specific_mean,53.098,47.364,58.832
Extreme weather predictions,race,Asian / Asian American,trust_multidimensional,52.156,48.38,55.933
Extreme weather predictions,race,Asian / Asian American,trust_post,47.375,37.659,57.091
Extreme weather predictions,race,Other,behavior_mean,45.783,35.999,55.568
Extreme weather predictions,race,Other,belief_post,52.3,39.574,65.026
Extreme weather predictions,race,Other,concern_mean,49.267,39.906,58.627
Extreme weather predictions,race,Other,distrust_post,52.9,33.47,72.33
Extreme weather predictions,race,Other,donation_ams,5.2,3.266,7.134
Extreme weather predictions,race,Other,funding_perceptions,56.1,41.8,70.4
Extreme weather predictions,race,Other,inst_trust_mean,45.46,39.866,51.054
Extreme weather predictions,race,Other,newsletter_signup,0.3,0.016,0.584
Extreme weather predictions,race,Other,policy_general,33.7,22.787,44.613
Extreme weather predictions,race,Other,policy_role_mean,52.6,45.171,60.029
Extreme weather predictions,race,Other,policy_specific_mean,54.543,48.439,60.647
Extreme weather predictions,race,Other,trust_multidimensional,53.158,50.129,56.188
Extreme weather predictions,race,Other,trust_post,39.3,22.076,56.524
control,education,Less than high school,behavior_mean,46.896,38.812,54.98
control,education,Less than high school,belief_post,64.25,51.108,77.392
control,education,Less than high school,concern_mean,46.542,39.058,54.025
control,education,Less than high school,distrust_post,50.25,27.429,73.071
control,education,Less than high school,donation_ams,7.375,5.154,9.596
control,education,Less than high school,funding_perceptions,57.875,40.413,75.337
control,education,Less than high school,inst_trust_mean,56.125,48.412,63.838
control,education,Less than high school,newsletter_signup,0.25,-0.05,0.55
control,education,Less than high school,policy_general,51.125,33.023,69.227
control,education,Less than high school,policy_role_mean,48.438,41.689,55.186
control,education,Less than high school,policy_specific_mean,49.375,43.935,54.815
control,education,Less than high school,trust_multidimensional,51.042,46.066,56.017
control,education,Less than high school,trust_post,49.625,29.344,69.906
control,education,High school diploma / GED,behavior_mean,46.486,41.202,51.77
control,education,High school diploma / GED,belief_post,60.833,47.817,73.85
control,education,High school diploma / GED,concern_mean,58.611,49.058,68.164
control,education,High school diploma / GED,distrust_post,52.667,36.525,68.808
control,education,High school diploma / GED,donation_ams,5.167,3.569,6.764
control,education,High school diploma / GED,funding_perceptions,55.583,44.437,66.73
control,education,High school diploma / GED,inst_trust_mean,47.767,42.045,53.488
control,education,High school diploma / GED,newsletter_signup,0,0,0
control,education,High school diploma / GED,policy_general,45.167,34.519,55.814
control,education,High school diploma / GED,policy_role_mean,48,42.572,53.428
control,education,High school diploma / GED,policy_specific_mean,52.036,48.497,55.574
control,education,High school diploma / GED,trust_multidimensional,51.861,48.397,55.325
control,education,High school diploma / GED,trust_post,53.5,40.552,66.448
control,education,Some college or Associate's degree,behavior_mean,43.639,36.321,50.957
control,education,Some college or Associate's degree,belief_post,48.917,31.395,66.438
control,education,Some college or Associate's degree,concern_mean,46.083,40.886,51.28
control,education,Some college or Associate's degree,distrust_post,52,34.041,69.959
control,education,Some college or Associate's degree,donation_ams,4.583,2.46,6.707
control,education,Some college or Associate's degree,funding_perceptions,50.417,35.479,65.354
control,education,Some college or Associate's degree,inst_trust_mean,46.85,41.043,52.657
control,education,Some college or Associate's degree,newsletter_signup,0.167,-0.044,0.378
control,education,Some college or Associate's degree,policy_general,38.583,26.897,50.27
control,education,Some college or Associate's degree,policy_role_mean,54.229,47.985,60.474
control,education,Some college or Associate's degree,policy_specific_mean,52.083,46.019,58.148
control,education,Some college or Associate's degree,trust_multidimensional,49.903,46.034,53.772
control,education,Some college or Associate's degree,trust_post,61.667,44.107,79.226
control,education,Bachelor's degree,behavior_mean,48.182,40.913,55.451
control,education,Bachelor's degree,belief_post,41.091,23.707,58.475
control,education,Bachelor's degree,concern_mean,53.909,43.354,64.464
control,education,Bachelor's degree,distrust_post,49.909,37.228,62.591
control,education,Bachelor's degree,donation_ams,4.727,2.628,6.826
control,education,Bachelor's degree,funding_perceptions,59.545,48.085,71.006
control,education,Bachelor's degree,inst_trust_mean,46.873,40.16,53.586
control,education,Bachelor's degree,newsletter_signup,0.273,0.01,0.536
control,education,Bachelor's degree,policy_general,46.909,31.655,62.163
control,education,Bachelor's degree,policy_role_mean,47.841,40.12,55.562
control,education,Bachelor's degree,policy_specific_mean,54.571,49.795,59.347
control,education,Bachelor's degree,trust_multidimensional,52.606,49.905,55.307
control,education,Bachelor's degree,trust_post,36.727,24.866,48.588
control,education,Master's degree / Professional degree,behavior_mean,51.056,42.508,59.603
control,education,Master's degree / Professional degree,belief_post,43.333,32.514,54.153
control,education,Master's degree / Professional degree,concern_mean,54.111,49.66,58.562
control,education,Master's degree / Professional degree,distrust_post,39,17.475,60.525
control,education,Master's degree / Professional degree,donation_ams,2.444,0.402,4.487
control,education,Master's degree / Professional degree,funding_perceptions,52.333,36.187,68.479
control,education,Master's degree / Professional degree,inst_trust_mean,40.156,33.621,46.69
control,education,Master's degree / Professional degree,newsletter_signup,0.111,-0.094,0.316
control,education,Master's degree / Professional degree,policy_general,41.667,23.222,60.111
control,education,Master's degree / Professional degree,policy_role_mean,46.5,39.133,53.867
control,education,Master's degree / Professional degree,policy_specific_mean,47.349,42.553,52.145
control,education,Master's degree / Professional degree,trust_multidimensional,51.111,48.209,54.013
control,education,Master's degree / Professional degree,trust_post,57.778,38.767,76.788
control,education,Doctorate degree / Ph.D.,behavior_mean,56.458,48.374,64.542
control,education,Doctorate degree / Ph.D.,belief_post,55.5,37.166,73.834
control,education,Doctorate degree / Ph.D.,concern_mean,60.167,51.873,68.46
control,education,Doctorate degree / Ph.D.,distrust_post,44.25,23.386,65.114
control,education,Doctorate degree / Ph.D.,donation_ams,3.5,1.929,5.071
control,education,Doctorate degree / Ph.D.,funding_perceptions,44,30.013,57.987
control,education,Doctorate degree / Ph.D.,inst_trust_mean,39.225,29.178,49.272
control,education,Doctorate degree / Ph.D.,newsletter_signup,0.25,-0.05,0.55
control,education,Doctorate degree / Ph.D.,policy_general,44.125,21.423,66.827
control,education,Doctorate degree / Ph.D.,policy_role_mean,52.531,40.179,64.884
control,education,Doctorate degree / Ph.D.,policy_specific_mean,47.25,39.87,54.63
control,education,Doctorate degree / Ph.D.,trust_multidimensional,45.906,40.839,50.973
control,education,Doctorate degree / Ph.D.,trust_post,51,37.111,64.889
Corporate reliance,education,Less than high school,behavior_mean,48.521,43.13,53.912
Corporate reliance,education,Less than high school,belief_post,57.5,35.753,79.247
Corporate reliance,education,Less than high school,concern_mean,54.458,44.25,64.667
Corporate reliance,education,Less than high school,distrust_post,43.25,29.733,56.767
Corporate reliance,education,Less than high school,donation_ams,7.125,5.819,8.431
Corporate reliance,education,Less than high school,funding_perceptions,43,31.316,54.684
Corporate reliance,education,Less than high school,inst_trust_mean,56.85,48.79,64.91
Corporate reliance,education,Less than high school,newsletter_signup,0.5,0.154,0.846
Corporate reliance,education,Less than high school,policy_general,36.125,23.159,49.091
Corporate reliance,education,Less than high school,policy_role_mean,47.25,34.437,60.063
Corporate reliance,education,Less than high school,policy_specific_mean,51.821,42.756,60.887
Corporate reliance,education,Less than high school,trust_multidimensional,49.677,45.39,53.964
Corporate reliance,education,Less than high school,trust_post,49.375,37.792,60.958
Corporate reliance,education,High school diploma / GED,behavior_mean,48.051,40.312,55.791
Corporate reliance,education,High school diploma / GED,belief_post,44.692,24.154,65.23
Corporate reliance,education,High school diploma / GED,concern_mean,54,44.421,63.579
Corporate reliance,education,High school diploma / GED,distrust_post,50.692,32.034,69.35
Corporate reliance,education,High school diploma / GED,donation_ams,4.846,2.965,6.727
Corporate reliance,education,High school diploma / GED,funding_perceptions,55.923,45.372,66.474
Corporate reliance,education,High school diploma / GED,inst_trust_mean,50.692,44.299,57.086
Corporate reliance,education,High school diploma / GED,newsletter_signup,0.154,-0.042,0.35
Corporate reliance,education,High school diploma / GED,policy_general,49.077,32.346,65.808
Corporate reliance,education,High school diploma / GED,policy_role_mean,48.019,42.614,53.424
Corporate reliance,education,High school diploma / GED,policy_specific_mean,50.484,46.257,54.71
Corporate reliance,education,High school diploma / GED,trust_multidimensional,49.327,45.793,52.861
Corporate reliance,education,High school diploma / GED,trust_post,36.769,21.047,52.492
Corporate reliance,education,Some college or Associate's degree,behavior_mean,47.792,37.673,57.91
Corporate reliance,education,Some college or Associate's degree,belief_post,58.125,42.178,74.072
Corporate reliance,education,Some college or Associate's degree,concern_mean,54.792,44.989,64.595
Corporate reliance,education,Some college or Associate's degree,distrust_post,20.875,5.422,36.328
Corporate reliance,education,Some college or Associate's degree,donation_ams,5.625,4.146,7.104
Corporate reliance,education,Some college or Associate's degree,funding_perceptions,50.375,31.361,69.389
Corporate reliance,education,Some college or Associate's degree,inst_trust_mean,52.675,46.809,58.541
Corporate reliance,education,Some college or Associate's degree,newsletter_signup,0.5,0.154,0.846
Corporate reliance,education,Some college or Associate's degree,policy_general,54.375,42.727,66.023
Corporate reliance,education,Some college or Associate's degree,policy_role_mean,47.688,40.019,55.356
Corporate reliance,education,Some college or Associate's degree,policy_specific_mean,52.554,45.925,59.182
Corporate reliance,education,Some college or Associate's degree,trust_multidimensional,47.865,43.414,52.315
Corporate reliance,education,Some college or Associate's degree,trust_post,56.375,40.268,72.482
Corporate reliance,education,Bachelor's degree,behavior_mean,45.5,38.528,52.472
Corporate reliance,education,Bachelor's degree,belief_post,43.769,31.679,55.86
Corporate reliance,education,Bachelor's degree,concern_mean,52.846,41.509,64.184
Corporate reliance,education,Bachelor's degree,distrust_post,47.538,32.546,62.531
Corporate reliance,education,Bachelor's degree,donation_ams,4.308,2.612,6.003
Corporate reliance,education,Bachelor's degree,funding_perceptions,46.308,32.387,60.228
Corporate reliance,education,Bachelor's degree,inst_trust_mean,49,39.842,58.158
Corporate reliance,education,Bachelor's degree,newsletter_signup,0.231,0.002,0.46
Corporate reliance,education,Bachelor's degree,policy_general,52.154,35.511,68.797
Corporate reliance,education,Bachelor's degree,policy_role_mean,51.731,45.397,58.065
Corporate reliance,education,Bachelor's degree,policy_specific_mean,47.835,41.869,53.802
Corporate reliance,education,Bachelor's degree,trust_multidimensional,52.051,47.631,56.471
Corporate reliance,education,Bachelor's degree,trust_post,42.308,28.451,56.164
Corporate reliance,education,Master's degree / Professional degree,behavior_mean,49.217,43.874,54.56
Corporate reliance,education,Master's degree / Professional degree,belief_post,39,18.194,59.806
Corporate reliance,education,Master's degree / Professional degree,concern_mean,47.133,37.253,57.013
Corporate reliance,education,Master's degree / Professional degree,distrust_post,51,31.754,70.246
Corporate reliance,education,Master's degree / Professional degree,donation_ams,4.9,2.825,6.975
Corporate reliance,education,Master's degree / Professional degree,funding_perceptions,48.7,29.955,67.445
Corporate reliance,education,Master's degree / Professional degree,inst_trust_mean,53.9,46.304,61.496
Corporate reliance,education,Master's degree / Professional degree,newsletter_signup,0.2,-0.048,0.448
Corporate reliance,education,Master's degree / Professional degree,policy_general,44.5,22.902,66.098
Corporate reliance,education,Master's degree / Professional degree,policy_role_mean,55.125,49.017,61.233
Corporate reliance,education,Master's degree / Professional degree,policy_specific_mean,48.171,42.883,53.459
Corporate reliance,education,Master's degree / Professional degree,trust_multidimensional,50.308,46.336,54.28
Corporate reliance,education,Master's degree / Professional degree,trust_post,44.1,28.359,59.841
Corporate reliance,education,Doctorate degree / Ph.D.,behavior_mean,48.479,42.466,54.492
Corporate reliance,education,Doctorate degree / Ph.D.,belief_post,39.625,15.139,64.111
Corporate reliance,education,Doctorate degree / Ph.D.,concern_mean,47.917,37.327,58.507
Corporate reliance,education,Doctorate degree / Ph.D.,distrust_post,55.125,42.127,68.123
Corporate reliance,education,Doctorate degree / Ph.D.,donation_ams,4.25,1.857,6.643
Corporate reliance,education,Doctorate degree / Ph.D.,funding_perceptions,46,26.53,65.47
Corporate reliance,education,Doctorate degree / Ph.D.,inst_trust_mean,53.225,43.821,62.629
Corporate reliance,education,Doctorate degree / Ph.D.,newsletter_signup,0.5,0.154,0.846
Corporate reliance,education,Doctorate degree / Ph.D.,policy_general,58.75,44.396,73.104
Corporate reliance,education,Doctorate degree / Ph.D.,policy_role_mean,46.469,35.257,57.681
Corporate reliance,education,Doctorate degree / Ph.D.,policy_specific_mean,46.036,37.279,54.793
Corporate reliance,education,Doctorate degree / Ph.D.,trust_multidimensional,52.844,47.738,57.95
Corporate reliance,education,Doctorate degree / Ph.D.,trust_post,61.375,40.705,82.045
Social justice,education,Less than high school,behavior_mean,45.694,34.599,56.79
Social justice,education,Less than high school,belief_post,68.5,44.856,92.144
Social justice,education,Less than high school,concern_mean,50.389,43.051,57.727
Social justice,education,Less than high school,distrust_post,43.667,21.855,65.479
Social justice,education,Less than high school,donation_ams,6.833,4.98,8.687
Social justice,education,Less than high school,funding_perceptions,34.833,19.256,50.41
Social justice,education,Less than high school,inst_trust_mean,53.1,46.132,60.068
Social justice,education,Less than high school,newsletter_signup,0.167,-0.132,0.465
Social justice,education,Less than high school,policy_general,48.167,33.689,62.644
Social justice,education,Less than high school,policy_role_mean,52.625,41.662,63.588
Social justice,education,Less than high school,policy_specific_mean,48.69,40.511,56.87
Social justice,education,Less than high school,trust_multidimensional,52.514,45.337,59.691
Social justice,education,Less than high school,trust_post,54.5,34.316,74.684
Social justice,education,High school diploma / GED,behavior_mean,50.278,43.187,57.369
Social justice,education,High school diploma / GED,belief_post,29.133,15.402,42.865
Social justice,education,High school diploma / GED,concern_mean,50.978,44.509,57.447
Social justice,education,High school diploma / GED,distrust_post,60.133,48.018,72.249
Social justice,education,High school diploma / GED,donation_ams,4.667,3.082,6.252
Social justice,education,High school diploma / GED,funding_perceptions,58.8,47.865,69.735
Social justice,education,High school diploma / GED,inst_trust_mean,46.413,40.392,52.434
Social justice,education,High school diploma / GED,newsletter_signup,0.267,0.043,0.49
Social justice,education,High school diploma / GED,policy_general,61.933,47.749,76.118
Social justice,education,High school diploma / GED,policy_role_mean,43.883,37.782,49.985
Social justice,education,High school diploma / GED,policy_specific_mean,51.39,47.764,55.017
Social justice,education,High school diploma / GED,trust_multidimensional,52.006,48.054,55.957
Social justice,education,High school diploma / GED,trust_post,56.333,40.76,71.906
Social justice,education,Some college or Associate's degree,behavior_mean,51.708,43.982,59.435
Social justice,education,Some college or Associate's degree,belief_post,57.625,46.993,68.257
Social justice,education,Some college or Associate's degree,concern_mean,46.958,36.837,57.08
Social justice,education,Some college or Associate's degree,distrust_post,53.25,37.694,68.806
Social justice,education,Some college or Associate's degree,donation_ams,5,2.687,7.313
Social justice,education,Some college or Associate's degree,funding_perceptions,36,14.703,57.297
Social justice,education,Some college or Associate's degree,inst_trust_mean,49.775,41.196,58.354
Social justice,education,Some college or Associate's degree,newsletter_signup,0.125,-0.104,0.354
Social justice,education,Some college or Associate's degree,policy_general,53.125,32.036,74.214
Social justice,education,Some college or Associate's degree,policy_role_mean,52.281,43.267,61.295
Social justice,education,Some college or Associate's degree,policy_specific_mean,49.696,42.122,57.271
Social justice,education,Some college or Associate's degree,trust_multidimensional,53.406,46.864,59.949
Social justice,education,Some college or Associate's degree,trust_post,45.875,24.621,67.129
Social justice,education,Bachelor's degree,behavior_mean,46.071,36.814,55.329
Social justice,education,Bachelor's degree,belief_post,56.714,38.64,74.788
Social justice,education,Bachelor's degree,concern_mean,44.524,38.112,50.936
Social justice,education,Bachelor's degree,distrust_post,59.429,46.006,72.851
Social justice,education,Bachelor's degree,donation_ams,4.571,1.771,7.371
Social justice,education,Bachelor's degree,funding_perceptions,53.143,34.72,71.566
Social justice,education,Bachelor's degree,inst_trust_mean,47.686,37.535,57.837
Social justice,education,Bachelor's degree,newsletter_signup,0,0,0
Social justice,education,Bachelor's degree,policy_general,57.143,41.678,72.608
Social justice,education,Bachelor's degree,policy_role_mean,48.107,41.185,55.029
Social justice,education,Bachelor's degree,policy_specific_mean,48.776,41.619,55.932
Social justice,education,Bachelor's degree,trust_multidimensional,48.857,45.084,52.631
Social justice,education,Bachelor's degree,trust_post,36.714,12.794,60.634
Social justice,education,Master's degree / Professional degree,behavior_mean,52.667,46.889,58.445
Social justice,education,Master's degree / Professional degree,belief_post,43.444,22.168,64.721
Social justice,education,Master's degree / Professional degree,concern_mean,55.407,47.433,63.382
Social justice,education,Master's degree / Professional degree,distrust_post,44.778,27.154,62.402
Social justice,education,Master's degree / Professional degree,donation_ams,4.444,2.565,6.324
Social justice,education,Master's degree / Professional degree,funding_perceptions,45.444,30.403,60.486
Social justice,education,Master's degree / Professional degree,inst_trust_mean,48.844,41.908,55.781
Social justice,education,Master's degree / Professional degree,newsletter_signup,0.222,-0.049,0.494
Social justice,education,Master's degree / Professional degree,policy_general,51.111,27.781,74.441
Social justice,education,Master's degree / Professional degree,policy_role_mean,44.778,35.303,54.253
Social justice,education,Master's degree / Professional degree,policy_specific_mean,49.238,45.131,53.345
Social justice,education,Master's degree / Professional degree,trust_multidimensional,51.454,48.839,54.068
Social justice,education,Master's degree / Professional degree,trust_post,61.444,42.212,80.677
Social justice,education,Doctorate degree / Ph.D.,behavior_mean,51.067,46.9,55.233
Social justice,education,Doctorate degree / Ph.D.,belief_post,58.733,44.83,72.637
Social justice,education,Doctorate degree / Ph.D.,concern_mean,46.267,37.875,54.658
Social justice,education,Doctorate degree / Ph.D.,distrust_post,43.667,31.273,56.061
Social justice,education,Doctorate degree / Ph.D.,donation_ams,4,2.482,5.518
Social justice,education,Doctorate degree / Ph.D.,funding_perceptions,46.333,33.079,59.588
Social justice,education,Doctorate degree / Ph.D.,inst_trust_mean,51.68,45.37,57.99
Social justice,education,Doctorate degree / Ph.D.,newsletter_signup,0.267,0.043,0.49
Social justice,education,Doctorate degree / Ph.D.,policy_general,45,33.568,56.432
Social justice,education,Doctorate degree / Ph.D.,policy_role_mean,53.35,47.135,59.565
Social justice,education,Doctorate degree / Ph.D.,policy_specific_mean,48.562,43.46,53.664
Social justice,education,Doctorate degree / Ph.D.,trust_multidimensional,52.95,49.074,56.826
Social justice,education,Doctorate degree / Ph.D.,trust_post,48.4,33.762,63.038
Interview Prof. Maraun,education,Less than high school,behavior_mean,54.611,49.838,59.385
Interview Prof. Maraun,education,Less than high school,belief_post,58.867,46.962,70.772
Interview Prof. Maraun,education,Less than high school,concern_mean,51.422,43.432,59.413
Interview Prof. Maraun,education,Less than high school,distrust_post,49.533,36.847,62.22
Interview Prof. Maraun,education,Less than high school,donation_ams,6.133,4.691,7.576
Interview Prof. Maraun,education,Less than high school,funding_perceptions,45.6,31.732,59.468
Interview Prof. Maraun,education,Less than high school,inst_trust_mean,47.44,41.142,53.738
Interview Prof. Maraun,education,Less than high school,newsletter_signup,0.2,-0.002,0.402
Interview Prof. Maraun,education,Less than high school,policy_general,55.867,42.288,69.446
Interview Prof. Maraun,education,Less than high school,policy_role_mean,51.15,46.406,55.894
Interview Prof. Maraun,education,Less than high school,policy_specific_mean,47.619,42.263,52.975
Interview Prof. Maraun,education,Less than high school,trust_multidimensional,53.594,50.842,56.347
Interview Prof. Maraun,education,Less than high school,trust_post,47.4,32.632,62.168
Interview Prof. Maraun,education,High school diploma / GED,behavior_mean,48.733,43.829,53.638
Interview Prof. Maraun,education,High school diploma / GED,belief_post,51.267,35.399,67.134
Interview Prof. Maraun,education,High school diploma / GED,concern_mean,43.578,38.514,48.641
Interview Prof. Maraun,education,High school diploma / GED,distrust_post,42.533,30.049,55.017
Interview Prof. Maraun,education,High school diploma / GED,donation_ams,3.667,1.992,5.341
Interview Prof. Maraun,education,High school diploma / GED,funding_perceptions,47.067,31.839,62.294
Interview Prof. Maraun,education,High school diploma / GED,inst_trust_mean,53.173,48.547,57.8
Interview Prof. Maraun,education,High school diploma / GED,newsletter_signup,0,0,0
Interview Prof. Maraun,education,High school diploma / GED,policy_general,43.733,29.28,58.186
Interview Prof. Maraun,education,High school diploma / GED,policy_role_mean,56.967,50.567,63.367
Interview Prof. Maraun,education,High school diploma / GED,policy_specific_mean,50.457,46.725,54.189
Interview Prof. Maraun,education,High school diploma / GED,trust_multidimensional,49.856,45.815,53.896
Interview Prof. Maraun,education,High school diploma / GED,trust_post,51.667,38.153,65.181
Interview Prof. Maraun,education,Some college or Associate's degree,behavior_mean,39.722,26.911,52.534
Interview Prof. Maraun,education,Some college or Associate's degree,belief_post,54,13.53,94.47
Interview Prof. Maraun,education,Some college or Associate's degree,concern_mean,50.444,24.518,76.371
Interview Prof. Maraun,education,Some college or Associate's degree,distrust_post,86,62.371,109.629
Interview Prof. Maraun,education,Some college or Associate's degree,donation_ams,7,3.08,10.92
Interview Prof. Maraun,education,Some college or Associate's degree,funding_perceptions,71,44.317,97.683
Interview Prof. Maraun,education,Some college or Associate's degree,inst_trust_mean,53.067,31.262,74.872
Interview Prof. Maraun,education,Some college or Associate's degree,newsletter_signup,0,0,0
Interview Prof. Maraun,education,Some college or Associate's degree,policy_general,61,44.957,77.043
Interview Prof. Maraun,education,Some college or Associate's degree,policy_role_mean,44.5,39.261,49.739
Interview Prof. Maraun,education,Some college or Associate's degree,policy_specific_mean,57.476,51.444,63.508
Interview Prof. Maraun,education,Some college or Associate's degree,trust_multidimensional,50.75,47.896,53.604
Interview Prof. Maraun,education,Some college or Associate's degree,trust_post,58.667,16.853,100.48
Interview Prof. Maraun,education,Bachelor's degree,behavior_mean,49.5,43.682,55.318
Interview Prof. Maraun,education,Bachelor's degree,belief_post,53.143,39.395,66.89
Interview Prof. Maraun,education,Bachelor's degree,concern_mean,50.595,42.698,58.493
Interview Prof. Maraun,education,Bachelor's degree,distrust_post,54.429,40.504,68.353
Interview Prof. Maraun,education,Bachelor's degree,donation_ams,5.143,3.228,7.058
Interview Prof. Maraun,education,Bachelor's degree,funding_perceptions,56.857,39.853,73.861
Interview Prof. Maraun,education,Bachelor's degree,inst_trust_mean,57.7,49.62,65.78
Interview Prof. Maraun,education,Bachelor's degree,newsletter_signup,0.214,-0.001,0.429
Interview Prof. Maraun,education,Bachelor's degree,policy_general,48.714,35.04,62.389
Interview Prof. Maraun,education,Bachelor's degree,policy_role_mean,47.554,41.441,53.667
Interview Prof. Maraun,education,Bachelor's degree,policy_specific_mean,47.816,42.122,53.511
Interview Prof. Maraun,education,Bachelor's degree,trust_multidimensional,49.06,44.718,53.401
Interview Prof. Maraun,education,Bachelor's degree,trust_post,50.143,36.323,63.962
Interview Prof. Maraun,education,Master's degree / Professional degree,behavior_mean,57.8,51.122,64.478
Interview Prof. Maraun,education,Master's degree / Professional degree,belief_post,43.2,37.406,48.994
Interview Prof. Maraun,education,Master's degree / Professional degree,concern_mean,52.867,34.89,70.843
Interview Prof. Maraun,education,Master's degree / Professional degree,distrust_post,46,17.971,74.029
Interview Prof. Maraun,education,Master's degree / Professional degree,donation_ams,2.8,1.5,4.1
Interview Prof. Maraun,education,Master's degree / Professional degree,funding_perceptions,45.6,28.551,62.649
Interview Prof. Maraun,education,Master's degree / Professional degree,inst_trust_mean,57.48,54.797,60.163
Interview Prof. Maraun,education,Master's degree / Professional degree,newsletter_signup,0,0,0
Interview Prof. Maraun,education,Master's degree / Professional degree,policy_general,55.2,22.202,88.198
Interview Prof. Maraun,education,Master's degree / Professional degree,policy_role_mean,43.35,33.238,53.462
Interview Prof. Maraun,education,Master's degree / Professional degree,policy_specific_mean,53.971,49.671,58.271
Interview Prof. Maraun,education,Master's degree / Professional degree,trust_multidimensional,47.8,42.295,53.305
Interview Prof. Maraun,education,Master's degree / Professional degree,trust_post,34.2,11.348,57.052
Interview Prof. Maraun,education,Doctorate degree / Ph.D.,behavior_mean,52.833,42.834,62.833
Interview Prof. Maraun,education,Doctorate degree / Ph.D.,belief_post,41.625,25.591,57.659
Interview Prof. Maraun,education,Doctorate degree / Ph.D.,concern_mean,53.708,45.677,61.74
Interview Prof. Maraun,education,Doctorate degree / Ph.D.,distrust_post,55.125,31.424,78.826
Interview Prof. Maraun,education,Doctorate degree / Ph.D.,donation_ams,6.125,4.37,7.88
Interview Prof. Maraun,education,Doctorate degree / Ph.D.,funding_perceptions,50.25,31.876,68.624
Interview Prof. Maraun,education,Doctorate degree / Ph.D.,inst_trust_mean,49.1,44.576,53.624
Interview Prof. Maraun,education,Doctorate degree / Ph.D.,newsletter_signup,0.5,0.154,0.846
Interview Prof. Maraun,education,Doctorate degree / Ph.D.,policy_general,50.75,28.005,73.495
Interview Prof. Maraun,education,Doctorate degree / Ph.D.,policy_role_mean,49.719,41.343,58.094
Interview Prof. Maraun,education,Doctorate degree / Ph.D.,policy_specific_mean,51.393,43.355,59.431
Interview Prof. Maraun,education,Doctorate degree / Ph.D.,trust_multidimensional,50.458,45.194,55.722
Interview Prof. Maraun,education,Doctorate degree / Ph.D.,trust_post,38.75,25.223,52.277
Funding,education,Less than high school,behavior_mean,48.375,42.314,54.436
Funding,education,Less than high school,belief_post,36.875,17.903,55.847
Funding,education,Less than high school,concern_mean,55.958,47.459,64.457
Funding,education,Less than high school,distrust_post,69.125,55.234,83.016
Funding,education,Less than high school,donation_ams,7.625,6.4,8.85
Funding,education,Less than high school,funding_perceptions,63.625,48.62,78.63
Funding,education,Less than high school,inst_trust_mean,46.55,39.036,54.064
Funding,education,Less than high school,newsletter_signup,0.375,0.04,0.71
Funding,education,Less than high school,policy_general,44.875,25.492,64.258
Funding,education,Less than high school,policy_role_mean,45.781,34.618,56.944
Funding,education,Less than high school,policy_specific_mean,50.589,43.571,57.608
Funding,education,Less than high school,trust_multidimensional,49.688,44.686,54.689
Funding,education,Less than high school,trust_post,27.875,8.563,47.187
Funding,education,High school diploma / GED,behavior_mean,52.353,48.536,56.17
Funding,education,High school diploma / GED,belief_post,60.353,48.814,71.892
Funding,education,High school diploma / GED,concern_mean,50.176,42.05,58.303
Funding,education,High school diploma / GED,distrust_post,48,38.457,57.543
Funding,education,High school diploma / GED,donation_ams,5.471,3.806,7.135
Funding,education,High school diploma / GED,funding_perceptions,48.706,33.605,63.807
Funding,education,High school diploma / GED,inst_trust_mean,45.4,39.016,51.784
Funding,education,High school diploma / GED,newsletter_signup,0.176,-0.005,0.358
Funding,education,High school diploma / GED,policy_general,48.059,32.465,63.653
Funding,education,High school diploma / GED,policy_role_mean,47.279,42.001,52.558
Funding,education,High school diploma / GED,policy_specific_mean,50.05,46.032,54.068
Funding,education,High school diploma / GED,trust_multidimensional,55.922,53.033,58.811
Funding,education,High school diploma / GED,trust_post,56.412,41.796,71.028
Funding,education,Some college or Associate's degree,behavior_mean,52.63,47.689,57.57
Funding,education,Some college or Associate's degree,belief_post,52.222,37.943,66.502
Funding,education,Some college or Associate's degree,concern_mean,41.815,31.514,52.116
Funding,education,Some college or Associate's degree,distrust_post,60.222,47.555,72.89
Funding,education,Some college or Associate's degree,donation_ams,4.556,2.337,6.774
Funding,education,Some college or Associate's degree,funding_perceptions,52.333,36.828,67.839
Funding,education,Some college or Associate's degree,inst_trust_mean,48.356,42.13,54.581
Funding,education,Some college or Associate's degree,newsletter_signup,0.111,-0.094,0.316
Funding,education,Some college or Associate's degree,policy_general,49.333,28.686,69.981
Funding,education,Some college or Associate's degree,policy_role_mean,52.417,43.085,61.748
Funding,education,Some college or Associate's degree,policy_specific_mean,49.238,41.565,56.911
Funding,education,Some college or Associate's degree,trust_multidimensional,52.648,46.275,59.022
Funding,education,Some college or Associate's degree,trust_post,57,45.418,68.582
Funding,education,Bachelor's degree,behavior_mean,47.833,41.537,54.13
Funding,education,Bachelor's degree,belief_post,61,44.124,77.876
Funding,education,Bachelor's degree,concern_mean,56.963,49.758,64.168
Funding,education,Bachelor's degree,distrust_post,52,29.765,74.235
Funding,education,Bachelor's degree,donation_ams,5.333,3.07,7.597
Funding,education,Bachelor's degree,funding_perceptions,61.667,44.689,78.644
Funding,education,Bachelor's degree,inst_trust_mean,52.511,43.635,61.387
Funding,education,Bachelor's degree,newsletter_signup,0.111,-0.094,0.316
Funding,education,Bachelor's degree,policy_general,52.778,37.78,67.775
Funding,education,Bachelor's degree,policy_role_mean,49.75,42.156,57.344
Funding,education,Bachelor's degree,policy_specific_mean,50.333,43.765,56.902
Funding,education,Bachelor's degree,trust_multidimensional,47.704,42.164,53.244
Funding,education,Bachelor's degree,trust_post,57.111,35.432,78.791
Funding,education,Master's degree / Professional degree,behavior_mean,46.389,35.66,57.118
Funding,education,Master's degree / Professional degree,belief_post,26,11.642,40.358
Funding,education,Master's degree / Professional degree,concern_mean,41.333,32.309,50.358
Funding,education,Master's degree / Professional degree,distrust_post,43.667,27.932,59.401
Funding,education,Master's degree / Professional degree,donation_ams,4.333,2.147,6.52
Funding,education,Master's degree / Professional degree,funding_perceptions,47,20.845,73.155
Funding,education,Master's degree / Professional degree,inst_trust_mean,44.6,34.263,54.937
Funding,education,Master's degree / Professional degree,newsletter_signup,0.167,-0.132,0.465
Funding,education,Master's degree / Professional degree,policy_general,51,30.214,71.786
Funding,education,Master's degree / Professional degree,policy_role_mean,55.833,41.604,70.062
Funding,education,Master's degree / Professional degree,policy_specific_mean,50.714,43.114,58.314
Funding,education,Master's degree / Professional degree,trust_multidimensional,56.194,48.83,63.559
Funding,education,Master's degree / Professional degree,trust_post,37,11.879,62.121
Funding,education,Doctorate degree / Ph.D.,behavior_mean,50.076,44.728,55.424
Funding,education,Doctorate degree / Ph.D.,belief_post,68.091,52.18,84.002
Funding,education,Doctorate degree / Ph.D.,concern_mean,45.879,39.03,52.728
Funding,education,Doctorate degree / Ph.D.,distrust_post,53.636,37.807,69.465
Funding,education,Doctorate degree / Ph.D.,donation_ams,4.818,2.342,7.295
Funding,education,Doctorate degree / Ph.D.,funding_perceptions,47.909,35.272,60.546
Funding,education,Doctorate degree / Ph.D.,inst_trust_mean,53.618,46.658,60.578
Funding,education,Doctorate degree / Ph.D.,newsletter_signup,0.273,0.01,0.536
Funding,education,Doctorate degree / Ph.D.,policy_general,44.455,25.228,63.681
Funding,education,Doctorate degree / Ph.D.,policy_role_mean,55.614,47.668,63.56
Funding,education,Doctorate degree / Ph.D.,policy_specific_mean,54.338,48.37,60.305
Funding,education,Doctorate degree / Ph.D.,trust_multidimensional,48.955,44.332,53.577
Funding,education,Doctorate degree / Ph.D.,trust_post,42.909,31.041,54.777
Oil industry misinformation,education,Less than high school,behavior_mean,49.986,44.519,55.453
Oil industry misinformation,education,Less than high school,belief_post,44.667,29.282,60.051
Oil industry misinformation,education,Less than high school,concern_mean,46.778,36.41,57.145
Oil industry misinformation,education,Less than high school,distrust_post,57.5,39.489,75.511
Oil industry misinformation,education,Less than high school,donation_ams,3.5,2.042,4.958
Oil industry misinformation,education,Less than high school,funding_perceptions,45.5,31.206,59.794
Oil industry misinformation,education,Less than high school,inst_trust_mean,49.017,43.194,54.839
Oil industry misinformation,education,Less than high school,newsletter_signup,0.167,-0.044,0.378
Oil industry misinformation,education,Less than high school,policy_general,49.583,33.851,65.316
Oil industry misinformation,education,Less than high school,policy_role_mean,40.854,35.329,46.379
Oil industry misinformation,education,Less than high school,policy_specific_mean,48.5,43.235,53.765
Oil industry misinformation,education,Less than high school,trust_multidimensional,45.979,42.712,49.247
Oil industry misinformation,education,Less than high school,trust_post,59.5,43.51,75.49
Oil industry misinformation,education,High school diploma / GED,behavior_mean,46.217,40.431,52.002
Oil industry misinformation,education,High school diploma / GED,belief_post,54.5,30.828,78.172
Oil industry misinformation,education,High school diploma / GED,concern_mean,58.4,50.285,66.515
Oil industry misinformation,education,High school diploma / GED,distrust_post,58.7,39.85,77.55
Oil industry misinformation,education,High school diploma / GED,donation_ams,5.8,3.78,7.82
Oil industry misinformation,education,High school diploma / GED,funding_perceptions,55.6,41.182,70.018
Oil industry misinformation,education,High school diploma / GED,inst_trust_mean,48.1,43.113,53.087
Oil industry misinformation,education,High school diploma / GED,newsletter_signup,0.2,-0.048,0.448
Oil industry misinformation,education,High school diploma / GED,policy_general,58.2,42.149,74.251
Oil industry misinformation,education,High school diploma / GED,policy_role_mean,45.3,36.348,54.252
Oil industry misinformation,education,High school diploma / GED,policy_specific_mean,52.357,43.134,61.58
Oil industry misinformation,education,High school diploma / GED,trust_multidimensional,48.642,46.298,50.985
Oil industry misinformation,education,High school diploma / GED,trust_post,42.9,27.342,58.458
Oil industry misinformation,education,Some college or Associate's degree,behavior_mean,48.095,39.984,56.206
Oil industry misinformation,education,Some college or Associate's degree,belief_post,54.143,28.058,80.227
Oil industry misinformation,education,Some college or Associate's degree,concern_mean,40.571,28.77,52.373
Oil industry misinformation,education,Some college or Associate's degree,distrust_post,64.286,56.062,72.51
Oil industry misinformation,education,Some college or Associate's degree,donation_ams,6,3.619,8.381
Oil industry misinformation,education,Some college or Associate's degree,funding_perceptions,48,32.981,63.019
Oil industry misinformation,education,Some college or Associate's degree,inst_trust_mean,44.086,32.804,55.367
Oil industry misinformation,education,Some college or Associate's degree,newsletter_signup,0.143,-0.116,0.402
Oil industry misinformation,education,Some college or Associate's degree,policy_general,51,35.692,66.308
Oil industry misinformation,education,Some college or Associate's degree,policy_role_mean,46.464,37.457,55.471
Oil industry misinformation,education,Some college or Associate's degree,policy_specific_mean,50.061,46.042,54.08
Oil industry misinformation,education,Some college or Associate's degree,trust_multidimensional,44.369,42.338,46.4
Oil industry misinformation,education,Some college or Associate's degree,trust_post,40.143,21.365,58.92
Oil industry misinformation,education,Bachelor's degree,behavior_mean,48.176,43.82,52.533
Oil industry misinformation,education,Bachelor's degree,belief_post,39.706,28.052,51.359
Oil industry misinformation,education,Bachelor's degree,concern_mean,52.588,45.437,59.74
Oil industry misinformation,education,Bachelor's degree,distrust_post,51.588,41.875,61.301
Oil industry misinformation,education,Bachelor's degree,donation_ams,3.765,2.384,5.146
Oil industry misinformation,education,Bachelor's degree,funding_perceptions,52.647,37.314,67.98
Oil industry misinformation,education,Bachelor's degree,inst_trust_mean,47.059,42.314,51.804
Oil industry misinformation,education,Bachelor's degree,newsletter_signup,0.235,0.034,0.437
Oil industry misinformation,education,Bachelor's degree,policy_general,37.353,24.132,50.574
Oil industry misinformation,education,Bachelor's degree,policy_role_mean,49.721,44.474,54.967
Oil industry misinformation,education,Bachelor's degree,policy_specific_mean,51.756,47.433,56.08
Oil industry misinformation,education,Bachelor's degree,trust_multidimensional,48.779,44.638,52.921
Oil industry misinformation,education,Bachelor's degree,trust_post,51.706,40.654,62.757
Oil industry misinformation,education,Master's degree / Professional degree,behavior_mean,52.8,38.99,66.61
Oil industry misinformation,education,Master's degree / Professional degree,belief_post,67,45.936,88.064
Oil industry misinformation,education,Master's degree / Professional degree,concern_mean,42,26.319,57.681
Oil industry misinformation,education,Master's degree / Professional degree,distrust_post,49,29.234,68.766
Oil industry misinformation,education,Master's degree / Professional degree,donation_ams,6.6,4,9.2
Oil industry misinformation,education,Master's degree / Professional degree,funding_perceptions,37.8,16.668,58.932
Oil industry misinformation,education,Master's degree / Professional degree,inst_trust_mean,39.32,27.117,51.523
Oil industry misinformation,education,Master's degree / Professional degree,newsletter_signup,0,0,0
Oil industry misinformation,education,Master's degree / Professional degree,policy_general,59.8,42.232,77.368
Oil industry misinformation,education,Master's degree / Professional degree,policy_role_mean,48,36.894,59.106
Oil industry misinformation,education,Master's degree / Professional degree,policy_specific_mean,50.457,46.46,54.454
Oil industry misinformation,education,Master's degree / Professional degree,trust_multidimensional,44.85,36.228,53.472
Oil industry misinformation,education,Master's degree / Professional degree,trust_post,41,29.404,52.596
Oil industry misinformation,education,Doctorate degree / Ph.D.,behavior_mean,45.315,40.043,50.587
Oil industry misinformation,education,Doctorate degree / Ph.D.,belief_post,41.889,23.868,59.91
Oil industry misinformation,education,Doctorate degree / Ph.D.,concern_mean,54.333,46.79,61.877
Oil industry misinformation,education,Doctorate degree / Ph.D.,distrust_post,64.778,41.673,87.883
Oil industry misinformation,education,Doctorate degree / Ph.D.,donation_ams,3.889,2.209,5.569
Oil industry misinformation,education,Doctorate degree / Ph.D.,funding_perceptions,50.111,38.062,62.16
Oil industry misinformation,education,Doctorate degree / Ph.D.,inst_trust_mean,47.756,40.213,55.298
Oil industry misinformation,education,Doctorate degree / Ph.D.,newsletter_signup,0,0,0
Oil industry misinformation,education,Doctorate degree / Ph.D.,policy_general,50.889,24.968,76.81
Oil industry misinformation,education,Doctorate degree / Ph.D.,policy_role_mean,55.528,45.569,65.487
Oil industry misinformation,education,Doctorate degree / Ph.D.,policy_specific_mean,46.762,40.525,52.998
Oil industry misinformation,education,Doctorate degree / Ph.D.,trust_multidimensional,53.315,49.145,57.485
Oil industry misinformation,education,Doctorate degree / Ph.D.,trust_post,48.778,32.99,64.566
Measurement & modeling (1),education,Less than high school,behavior_mean,48.988,44.876,53.1
Measurement & modeling (1),education,Less than high school,belief_post,46.286,37.289,55.283
Measurement & modeling (1),education,Less than high school,concern_mean,47.81,39.576,56.043
Measurement & modeling (1),education,Less than high school,distrust_post,51.786,37.661,65.911
Measurement & modeling (1),education,Less than high school,donation_ams,6.643,4.892,8.394
Measurement & modeling (1),education,Less than high school,funding_perceptions,39.714,26.517,52.911
Measurement & modeling (1),education,Less than high school,inst_trust_mean,51.486,45.341,57.63
Measurement & modeling (1),education,Less than high school,newsletter_signup,0.071,-0.063,0.206
Measurement & modeling (1),education,Less than high school,policy_general,55,38.681,71.319
Measurement & modeling (1),education,Less than high school,policy_role_mean,49.857,42.214,57.5
Measurement & modeling (1),education,Less than high school,policy_specific_mean,48.459,43.312,53.606
Measurement & modeling (1),education,Less than high school,trust_multidimensional,47.893,45.079,50.706
Measurement & modeling (1),education,Less than high school,trust_post,53.429,43.318,63.54
Measurement & modeling (1),education,High school diploma / GED,behavior_mean,49.591,42.261,56.92
Measurement & modeling (1),education,High school diploma / GED,belief_post,40.909,29.59,52.229
Measurement & modeling (1),education,High school diploma / GED,concern_mean,46.03,41.472,50.589
Measurement & modeling (1),education,High school diploma / GED,distrust_post,53.091,34.365,71.817
Measurement & modeling (1),education,High school diploma / GED,donation_ams,6.182,4.535,7.828
Measurement & modeling (1),education,High school diploma / GED,funding_perceptions,43.273,31.985,54.56
Measurement & modeling (1),education,High school diploma / GED,inst_trust_mean,42.727,37.43,48.025
Measurement & modeling (1),education,High school diploma / GED,newsletter_signup,0.273,0.01,0.536
Measurement & modeling (1),education,High school diploma / GED,policy_general,54.545,37.36,71.731
Measurement & modeling (1),education,High school diploma / GED,policy_role_mean,48.591,37.593,59.588
Measurement & modeling (1),education,High school diploma / GED,policy_specific_mean,50.104,44.2,56.008
Measurement & modeling (1),education,High school diploma / GED,trust_multidimensional,44.561,39.837,49.284
Measurement & modeling (1),education,High school diploma / GED,trust_post,51.909,37.219,66.599
Measurement & modeling (1),education,Some college or Associate's degree,behavior_mean,43.476,36.362,50.591
Measurement & modeling (1),education,Some college or Associate's degree,belief_post,62.143,53.446,70.839
Measurement & modeling (1),education,Some college or Associate's degree,concern_mean,57.81,51.971,63.648
Measurement & modeling (1),education,Some college or Associate's degree,distrust_post,47.714,33.199,62.229
Measurement & modeling (1),education,Some college or Associate's degree,donation_ams,5.714,3.422,8.006
Measurement & modeling (1),education,Some college or Associate's degree,funding_perceptions,49,26.962,71.038
Measurement & modeling (1),education,Some college or Associate's degree,inst_trust_mean,46.971,37.673,56.27
Measurement & modeling (1),education,Some college or Associate's degree,newsletter_signup,0.429,0.062,0.795
Measurement & modeling (1),education,Some college or Associate's degree,policy_general,44.571,26.767,62.376
Measurement & modeling (1),education,Some college or Associate's degree,policy_role_mean,45,38.102,51.898
Measurement & modeling (1),education,Some college or Associate's degree,policy_specific_mean,49.959,42.463,57.455
Measurement & modeling (1),education,Some college or Associate's degree,trust_multidimensional,53.405,49.528,57.282
Measurement & modeling (1),education,Some college or Associate's degree,trust_post,40,8.208,71.792
Measurement & modeling (1),education,Bachelor's degree,behavior_mean,47.019,40.278,53.759
Measurement & modeling (1),education,Bachelor's degree,belief_post,51.333,37.746,64.92
Measurement & modeling (1),education,Bachelor's degree,concern_mean,43.37,32.612,54.129
Measurement & modeling (1),education,Bachelor's degree,distrust_post,57.111,43.335,70.887
Measurement & modeling (1),education,Bachelor's degree,donation_ams,5.667,3.427,7.906
Measurement & modeling (1),education,Bachelor's degree,funding_perceptions,55.889,41.898,69.88
Measurement & modeling (1),education,Bachelor's degree,inst_trust_mean,51.867,42.581,61.153
Measurement & modeling (1),education,Bachelor's degree,newsletter_signup,0.111,-0.094,0.316
Measurement & modeling (1),education,Bachelor's degree,policy_general,47.222,25.091,69.353
Measurement & modeling (1),education,Bachelor's degree,policy_role_mean,52.139,41.686,62.592
Measurement & modeling (1),education,Bachelor's degree,policy_specific_mean,53.254,45.942,60.566
Measurement & modeling (1),education,Bachelor's degree,trust_multidimensional,51.324,47.411,55.237
Measurement & modeling (1),education,Bachelor's degree,trust_post,56.556,36.365,76.746
Measurement & modeling (1),education,Master's degree / Professional degree,behavior_mean,46.417,41.622,51.211
Measurement & modeling (1),education,Master's degree / Professional degree,belief_post,46.3,29.959,62.641
Measurement & modeling (1),education,Master's degree / Professional degree,concern_mean,54.967,46.969,62.964
Measurement & modeling (1),education,Master's degree / Professional degree,distrust_post,51.1,34.506,67.694
Measurement & modeling (1),education,Master's degree / Professional degree,donation_ams,5.8,3.759,7.841
Measurement & modeling (1),education,Master's degree / Professional degree,funding_perceptions,59.7,42.464,76.936
Measurement & modeling (1),education,Master's degree / Professional degree,inst_trust_mean,54.88,47.978,61.782
Measurement & modeling (1),education,Master's degree / Professional degree,newsletter_signup,0.4,0.096,0.704
Measurement & modeling (1),education,Master's degree / Professional degree,policy_general,55.5,45.252,65.748
Measurement & modeling (1),education,Master's degree / Professional degree,policy_role_mean,48,35.758,60.242
Measurement & modeling (1),education,Master's degree / Professional degree,policy_specific_mean,52.6,46.463,58.737
Measurement & modeling (1),education,Master's degree / Professional degree,trust_multidimensional,48.558,42.167,54.95
Measurement & modeling (1),education,Master's degree / Professional degree,trust_post,34.6,19.28,49.92
Measurement & modeling (1),education,Doctorate degree / Ph.D.,behavior_mean,49.185,43.525,54.845
Measurement & modeling (1),education,Doctorate degree / Ph.D.,belief_post,55.111,41.852,68.37
Measurement & modeling (1),education,Doctorate degree / Ph.D.,concern_mean,47.852,36.404,59.299
Measurement & modeling (1),education,Doctorate degree / Ph.D.,distrust_post,45.333,30.583,60.084
Measurement & modeling (1),education,Doctorate degree / Ph.D.,donation_ams,5.444,3.086,7.803
Measurement & modeling (1),education,Doctorate degree / Ph.D.,funding_perceptions,34.667,11.623,57.71
Measurement & modeling (1),education,Doctorate degree / Ph.D.,inst_trust_mean,48.333,39.854,56.813
Measurement & modeling (1),education,Doctorate degree / Ph.D.,newsletter_signup,0.556,0.231,0.88
Measurement & modeling (1),education,Doctorate degree / Ph.D.,policy_general,46.556,29.863,63.248
Measurement & modeling (1),education,Doctorate degree / Ph.D.,policy_role_mean,45.694,39.262,52.127
Measurement & modeling (1),education,Doctorate degree / Ph.D.,policy_specific_mean,56.778,49.147,64.408
Measurement & modeling (1),education,Doctorate degree / Ph.D.,trust_multidimensional,47.769,42.808,52.729
Measurement & modeling (1),education,Doctorate degree / Ph.D.,trust_post,41.444,21.863,61.026
Former skeptics,education,Less than high school,behavior_mean,48.426,38.731,58.121
Former skeptics,education,Less than high school,belief_post,51,39.235,62.765
Former skeptics,education,Less than high school,concern_mean,50.444,43.502,57.387
Former skeptics,education,Less than high school,distrust_post,56.444,34.82,78.069
Former skeptics,education,Less than high school,donation_ams,5.333,2.761,7.906
Former skeptics,education,Less than high school,funding_perceptions,53,33.841,72.159
Former skeptics,education,Less than high school,inst_trust_mean,49.333,43.691,54.976
Former skeptics,education,Less than high school,newsletter_signup,0.333,0.025,0.641
Former skeptics,education,Less than high school,policy_general,35.333,19.715,50.952
Former skeptics,education,Less than high school,policy_role_mean,45.361,39.03,51.692
Former skeptics,education,Less than high school,policy_specific_mean,48.397,44.852,51.942
Former skeptics,education,Less than high school,trust_multidimensional,53.213,49.342,57.084
Former skeptics,education,Less than high school,trust_post,63.333,43.351,83.316
Former skeptics,education,High school diploma / GED,behavior_mean,46.967,39.654,54.28
Former skeptics,education,High school diploma / GED,belief_post,50.7,34.262,67.138
Former skeptics,education,High school diploma / GED,concern_mean,53.433,45.295,61.571
Former skeptics,education,High school diploma / GED,distrust_post,39.3,22.754,55.846
Former skeptics,education,High school diploma / GED,donation_ams,5.3,3.595,7.005
Former skeptics,education,High school diploma / GED,funding_perceptions,58.8,43.233,74.367
Former skeptics,education,High school diploma / GED,inst_trust_mean,55.4,50.626,60.174
Former skeptics,education,High school diploma / GED,newsletter_signup,0.1,-0.086,0.286
Former skeptics,education,High school diploma / GED,policy_general,50.4,31.698,69.102
Former skeptics,education,High school diploma / GED,policy_role_mean,43.075,35.805,50.345
Former skeptics,education,High school diploma / GED,policy_specific_mean,44.643,39.894,49.392
Former skeptics,education,High school diploma / GED,trust_multidimensional,48.933,44.739,53.128
Former skeptics,education,High school diploma / GED,trust_post,46.8,32.947,60.653
Former skeptics,education,Some college or Associate's degree,behavior_mean,49.181,43.54,54.821
Former skeptics,education,Some college or Associate's degree,belief_post,53.5,36.767,70.233
Former skeptics,education,Some college or Associate's degree,concern_mean,46.5,40.335,52.665
Former skeptics,education,Some college or Associate's degree,distrust_post,55.167,43.054,67.28
Former skeptics,education,Some college or Associate's degree,donation_ams,6.167,4.588,7.746
Former skeptics,education,Some college or Associate's degree,funding_perceptions,38.5,22.734,54.266
Former skeptics,education,Some college or Associate's degree,inst_trust_mean,46.267,42.274,50.259
Former skeptics,education,Some college or Associate's degree,newsletter_signup,0.25,0.005,0.495
Former skeptics,education,Some college or Associate's degree,policy_general,54,37.935,70.065
Former skeptics,education,Some college or Associate's degree,policy_role_mean,42.708,36.624,48.793
Former skeptics,education,Some college or Associate's degree,policy_specific_mean,50.381,44.813,55.949
Former skeptics,education,Some college or Associate's degree,trust_multidimensional,47.931,42.987,52.874
Former skeptics,education,Some college or Associate's degree,trust_post,68.833,57.505,80.162
Former skeptics,education,Bachelor's degree,behavior_mean,52.381,47.254,57.508
Former skeptics,education,Bachelor's degree,belief_post,48.571,32.9,64.243
Former skeptics,education,Bachelor's degree,concern_mean,42.095,32.936,51.254
Former skeptics,education,Bachelor's degree,distrust_post,50.571,34.691,66.452
Former skeptics,education,Bachelor's degree,donation_ams,3.929,1.9,5.957
Former skeptics,education,Bachelor's degree,funding_perceptions,44.429,31.819,57.039
Former skeptics,education,Bachelor's degree,inst_trust_mean,49.329,41.837,56.82
Former skeptics,education,Bachelor's degree,newsletter_signup,0.143,-0.04,0.326
Former skeptics,education,Bachelor's degree,policy_general,46.571,32.472,60.67
Former skeptics,education,Bachelor's degree,policy_role_mean,54.75,47.226,62.274
Former skeptics,education,Bachelor's degree,policy_specific_mean,53.122,48.129,58.116
Former skeptics,education,Bachelor's degree,trust_multidimensional,50.554,46.933,54.174
Former skeptics,education,Bachelor's degree,trust_post,41.286,26.034,56.538
Former skeptics,education,Master's degree / Professional degree,behavior_mean,51.296,44.813,57.779
Former skeptics,education,Master's degree / Professional degree,belief_post,44.556,28.085,61.026
Former skeptics,education,Master's degree / Professional degree,concern_mean,58.593,45.959,71.226
Former skeptics,education,Master's degree / Professional degree,distrust_post,41.222,27.719,54.726
Former skeptics,education,Master's degree / Professional degree,donation_ams,5.556,3.539,7.572
Former skeptics,education,Master's degree / Professional degree,funding_perceptions,36.333,20.657,52.01
Former skeptics,education,Master's degree / Professional degree,inst_trust_mean,51.156,41.827,60.484
Former skeptics,education,Master's degree / Professional degree,newsletter_signup,0.333,0.025,0.641
Former skeptics,education,Master's degree / Professional degree,policy_general,65.444,49.581,81.308
Former skeptics,education,Master's degree / Professional degree,policy_role_mean,53.5,48.054,58.946
Former skeptics,education,Master's degree / Professional degree,policy_specific_mean,44.683,39.527,49.838
Former skeptics,education,Master's degree / Professional degree,trust_multidimensional,45.296,41.225,49.368
Former skeptics,education,Master's degree / Professional degree,trust_post,56.444,41.357,71.532
Former skeptics,education,Doctorate degree / Ph.D.,behavior_mean,52.806,41.72,63.892
Former skeptics,education,Doctorate degree / Ph.D.,belief_post,46.5,24.206,68.794
Former skeptics,education,Doctorate degree / Ph.D.,concern_mean,39.333,30.388,48.279
Former skeptics,education,Doctorate degree / Ph.D.,distrust_post,39,20.873,57.127
Former skeptics,education,Doctorate degree / Ph.D.,donation_ams,5.667,2.479,8.854
Former skeptics,education,Doctorate degree / Ph.D.,funding_perceptions,31.833,1.991,61.676
Former skeptics,education,Doctorate degree / Ph.D.,inst_trust_mean,59.7,47.769,71.631
Former skeptics,education,Doctorate degree / Ph.D.,newsletter_signup,0.333,-0.044,0.711
Former skeptics,education,Doctorate degree / Ph.D.,policy_general,73.167,50.045,96.288
Former skeptics,education,Doctorate degree / Ph.D.,policy_role_mean,56.625,46.371,66.879
Former skeptics,education,Doctorate degree / Ph.D.,policy_specific_mean,52.333,43.633,61.034
Former skeptics,education,Doctorate degree / Ph.D.,trust_multidimensional,50.569,46.763,54.376
Former skeptics,education,Doctorate degree / Ph.D.,trust_post,39.833,28.753,50.914
High public trust,education,Less than high school,behavior_mean,53.479,49.104,57.855
High public trust,education,Less than high school,belief_post,54.875,37.144,72.606
High public trust,education,Less than high school,concern_mean,47.5,38.095,56.905
High public trust,education,Less than high school,distrust_post,48.125,25.191,71.059
High public trust,education,Less than high school,donation_ams,4.625,1.93,7.32
High public trust,education,Less than high school,funding_perceptions,62.5,39.766,85.234
High public trust,education,Less than high school,inst_trust_mean,42.725,34.525,50.925
High public trust,education,Less than high school,newsletter_signup,0.25,-0.05,0.55
High public trust,education,Less than high school,policy_general,61.25,44.79,77.71
High public trust,education,Less than high school,policy_role_mean,46.5,39.56,53.44
High public trust,education,Less than high school,policy_specific_mean,53.786,47.913,59.658
High public trust,education,Less than high school,trust_multidimensional,48.021,44.412,51.63
High public trust,education,Less than high school,trust_post,62.25,48.917,75.583
High public trust,education,High school diploma / GED,behavior_mean,51.593,44.221,58.964
High public trust,education,High school diploma / GED,belief_post,60.667,45.718,75.615
High public trust,education,High school diploma / GED,concern_mean,57.519,46.819,68.218
High public trust,education,High school diploma / GED,distrust_post,64.667,51.365,77.968
High public trust,education,High school diploma / GED,donation_ams,4.444,2.622,6.267
High public trust,education,High school diploma / GED,funding_perceptions,50.778,33.084,68.471
High public trust,education,High school diploma / GED,inst_trust_mean,58.133,50.11,66.157
High public trust,education,High school diploma / GED,newsletter_signup,0.333,0.025,0.641
High public trust,education,High school diploma / GED,policy_general,41.667,20.527,62.807
High public trust,education,High school diploma / GED,policy_role_mean,49.778,40.837,58.718
High public trust,education,High school diploma / GED,policy_specific_mean,49.825,42.744,56.907
High public trust,education,High school diploma / GED,trust_multidimensional,50.537,42.408,58.666
High public trust,education,High school diploma / GED,trust_post,50.333,34.935,65.732
High public trust,education,Some college or Associate's degree,behavior_mean,49.536,43.121,55.95
High public trust,education,Some college or Associate's degree,belief_post,57.071,46.969,67.174
High public trust,education,Some college or Associate's degree,concern_mean,49.238,41.117,57.359
High public trust,education,Some college or Associate's degree,distrust_post,50.357,40.798,59.916
High public trust,education,Some college or Associate's degree,donation_ams,5.214,3.849,6.58
High public trust,education,Some college or Associate's degree,funding_perceptions,47.571,34.848,60.295
High public trust,education,Some college or Associate's degree,inst_trust_mean,52.7,46.601,58.799
High public trust,education,Some college or Associate's degree,newsletter_signup,0.214,-0.001,0.429
High public trust,education,Some college or Associate's degree,policy_general,60.357,47.355,73.359
High public trust,education,Some college or Associate's degree,policy_role_mean,50.464,42.352,58.577
High public trust,education,Some college or Associate's degree,policy_specific_mean,51.214,46.958,55.471
High public trust,education,Some college or Associate's degree,trust_multidimensional,47.673,43.041,52.304
High public trust,education,Some college or Associate's degree,trust_post,51.5,35.248,67.752
High public trust,education,Bachelor's degree,behavior_mean,46.405,39.766,53.044
High public trust,education,Bachelor's degree,belief_post,51.429,39.651,63.206
High public trust,education,Bachelor's degree,concern_mean,49.714,42.881,56.548
High public trust,education,Bachelor's degree,distrust_post,39.714,24.666,54.763
High public trust,education,Bachelor's degree,donation_ams,4.714,2.906,6.522
High public trust,education,Bachelor's degree,funding_perceptions,40.357,25.927,54.787
High public trust,education,Bachelor's degree,inst_trust_mean,48.457,43.318,53.596
High public trust,education,Bachelor's degree,newsletter_signup,0.286,0.049,0.522
High public trust,education,Bachelor's degree,policy_general,55.214,40.805,69.623
High public trust,education,Bachelor's degree,policy_role_mean,44.393,38.84,49.946
High public trust,education,Bachelor's degree,policy_specific_mean,51.031,44.542,57.519
High public trust,education,Bachelor's degree,trust_multidimensional,51.655,48.49,54.82
High public trust,education,Bachelor's degree,trust_post,51.857,39.744,63.971
High public trust,education,Master's degree / Professional degree,behavior_mean,49.375,43.314,55.436
High public trust,education,Master's degree / Professional degree,belief_post,53.125,33.146,73.104
High public trust,education,Master's degree / Professional degree,concern_mean,47.75,34.751,60.749
High public trust,education,Master's degree / Professional degree,distrust_post,69.375,52.613,86.137
High public trust,education,Master's degree / Professional degree,donation_ams,4.125,2.22,6.03
High public trust,education,Master's degree / Professional degree,funding_perceptions,49.875,39.56,60.19
High public trust,education,Master's degree / Professional degree,inst_trust_mean,52.525,42.576,62.474
High public trust,education,Master's degree / Professional degree,newsletter_signup,0.5,0.154,0.846
High public trust,education,Master's degree / Professional degree,policy_general,53.375,37.006,69.744
High public trust,education,Master's degree / Professional degree,policy_role_mean,50.812,39.717,61.908
High public trust,education,Master's degree / Professional degree,policy_specific_mean,51.929,45.021,58.836
High public trust,education,Master's degree / Professional degree,trust_multidimensional,46.302,41.637,50.967
High public trust,education,Master's degree / Professional degree,trust_post,46,24.703,67.297
High public trust,education,Doctorate degree / Ph.D.,behavior_mean,43.976,34.776,53.176
High public trust,education,Doctorate degree / Ph.D.,belief_post,63,41.899,84.101
High public trust,education,Doctorate degree / Ph.D.,concern_mean,67.286,54.679,79.893
High public trust,education,Doctorate degree / Ph.D.,distrust_post,54.714,35.407,74.021
High public trust,education,Doctorate degree / Ph.D.,donation_ams,6.429,5.589,7.269
High public trust,education,Doctorate degree / Ph.D.,funding_perceptions,58.571,37.851,79.291
High public trust,education,Doctorate degree / Ph.D.,inst_trust_mean,50.429,40.873,59.984
High public trust,education,Doctorate degree / Ph.D.,newsletter_signup,0.143,-0.116,0.402
High public trust,education,Doctorate degree / Ph.D.,policy_general,50.714,28.915,72.514
High public trust,education,Doctorate degree / Ph.D.,policy_role_mean,50.429,37.268,63.59
High public trust,education,Doctorate degree / Ph.D.,policy_specific_mean,51.408,47.304,55.512
High public trust,education,Doctorate degree / Ph.D.,trust_multidimensional,51.798,46.048,57.547
High public trust,education,Doctorate degree / Ph.D.,trust_post,56.429,35.082,77.775
Measurement & modeling (2),education,Less than high school,behavior_mean,52.354,45.109,59.6
Measurement & modeling (2),education,Less than high school,belief_post,52.125,37.196,67.054
Measurement & modeling (2),education,Less than high school,concern_mean,50.292,43.344,57.239
Measurement & modeling (2),education,Less than high school,distrust_post,62,45.91,78.09
Measurement & modeling (2),education,Less than high school,donation_ams,5.375,2.531,8.219
Measurement & modeling (2),education,Less than high school,funding_perceptions,47.75,29.432,66.068
Measurement & modeling (2),education,Less than high school,inst_trust_mean,59.05,53.146,64.954
Measurement & modeling (2),education,Less than high school,newsletter_signup,0.375,0.04,0.71
Measurement & modeling (2),education,Less than high school,policy_general,61.875,44.79,78.96
Measurement & modeling (2),education,Less than high school,policy_role_mean,50.062,41.704,58.421
Measurement & modeling (2),education,Less than high school,policy_specific_mean,47.518,42.006,53.029
Measurement & modeling (2),education,Less than high school,trust_multidimensional,49.896,46.995,52.797
Measurement & modeling (2),education,Less than high school,trust_post,54.625,25.814,83.436
Measurement & modeling (2),education,High school diploma / GED,behavior_mean,45.741,38.335,53.146
Measurement & modeling (2),education,High school diploma / GED,belief_post,51,32.912,69.088
Measurement & modeling (2),education,High school diploma / GED,concern_mean,42.556,31.349,53.762
Measurement & modeling (2),education,High school diploma / GED,distrust_post,50,32.761,67.239
Measurement & modeling (2),education,High school diploma / GED,donation_ams,5.333,2.933,7.734
Measurement & modeling (2),education,High school diploma / GED,funding_perceptions,32.444,11.986,52.903
Measurement & modeling (2),education,High school diploma / GED,inst_trust_mean,46.244,36.753,55.736
Measurement & modeling (2),education,High school diploma / GED,newsletter_signup,0,0,0
Measurement & modeling (2),education,High school diploma / GED,policy_general,55.556,41.279,69.832
Measurement & modeling (2),education,High school diploma / GED,policy_role_mean,52.611,39.186,66.036
Measurement & modeling (2),education,High school diploma / GED,policy_specific_mean,47.381,41.635,53.127
Measurement & modeling (2),education,High school diploma / GED,trust_multidimensional,51.333,45.965,56.702
Measurement & modeling (2),education,High school diploma / GED,trust_post,46.556,25.519,67.592
Measurement & modeling (2),education,Some college or Associate's degree,behavior_mean,47,42.761,51.239
Measurement & modeling (2),education,Some college or Associate's degree,belief_post,54.3,33.885,74.715
Measurement & modeling (2),education,Some college or Associate's degree,concern_mean,40.133,31.498,48.769
Measurement & modeling (2),education,Some college or Associate's degree,distrust_post,47.3,27.626,66.974
Measurement & modeling (2),education,Some college or Associate's degree,donation_ams,4.4,2.618,6.182
Measurement & modeling (2),education,Some college or Associate's degree,funding_perceptions,51,31.805,70.195
Measurement & modeling (2),education,Some college or Associate's degree,inst_trust_mean,55.68,47.941,63.419
Measurement & modeling (2),education,Some college or Associate's degree,newsletter_signup,0,0,0
Measurement & modeling (2),education,Some college or Associate's degree,policy_general,46,29.226,62.774
Measurement & modeling (2),education,Some college or Associate's degree,policy_role_mean,45.275,36.154,54.396
Measurement & modeling (2),education,Some college or Associate's degree,policy_specific_mean,51.957,44.916,58.998
Measurement & modeling (2),education,Some college or Associate's degree,trust_multidimensional,43.683,38.941,48.425
Measurement & modeling (2),education,Some college or Associate's degree,trust_post,56,38.841,73.159
Measurement & modeling (2),education,Bachelor's degree,behavior_mean,55.597,48.382,62.812
Measurement & modeling (2),education,Bachelor's degree,belief_post,50.083,36.439,63.728
Measurement & modeling (2),education,Bachelor's degree,concern_mean,54,46.566,61.434
Measurement & modeling (2),education,Bachelor's degree,distrust_post,49.167,35.874,62.46
Measurement & modeling (2),education,Bachelor's degree,donation_ams,5.167,3.413,6.92
Measurement & modeling (2),education,Bachelor's degree,funding_perceptions,55.083,40.195,69.972
Measurement & modeling (2),education,Bachelor's degree,inst_trust_mean,56.967,50.563,63.371
Measurement & modeling (2),education,Bachelor's degree,newsletter_signup,0.167,-0.044,0.378
Measurement & modeling (2),education,Bachelor's degree,policy_general,51.583,38.091,65.075
Measurement & modeling (2),education,Bachelor's degree,policy_role_mean,54.354,45.107,63.601
Measurement & modeling (2),education,Bachelor's degree,policy_specific_mean,56.893,48.606,65.18
Measurement & modeling (2),education,Bachelor's degree,trust_multidimensional,50.729,46.504,54.954
Measurement & modeling (2),education,Bachelor's degree,trust_post,56.25,39.443,73.057
Measurement & modeling (2),education,Master's degree / Professional degree,behavior_mean,53.533,46.851,60.216
Measurement & modeling (2),education,Master's degree / Professional degree,belief_post,43.6,28.482,58.718
Measurement & modeling (2),education,Master's degree / Professional degree,concern_mean,44.533,36.048,53.018
Measurement & modeling (2),education,Master's degree / Professional degree,distrust_post,61.3,48.019,74.581
Measurement & modeling (2),education,Master's degree / Professional degree,donation_ams,5.8,4.052,7.548
Measurement & modeling (2),education,Master's degree / Professional degree,funding_perceptions,52.1,36.785,67.415
Measurement & modeling (2),education,Master's degree / Professional degree,inst_trust_mean,55.54,50.007,61.073
Measurement & modeling (2),education,Master's degree / Professional degree,newsletter_signup,0.1,-0.086,0.286
Measurement & modeling (2),education,Master's degree / Professional degree,policy_general,56.5,42.848,70.152
Measurement & modeling (2),education,Master's degree / Professional degree,policy_role_mean,43.75,34.462,53.038
Measurement & modeling (2),education,Master's degree / Professional degree,policy_specific_mean,44.514,38.345,50.683
Measurement & modeling (2),education,Master's degree / Professional degree,trust_multidimensional,49.558,44.646,54.471
Measurement & modeling (2),education,Master's degree / Professional degree,trust_post,44.4,26.603,62.197
Measurement & modeling (2),education,Doctorate degree / Ph.D.,behavior_mean,51.485,43.331,59.639
Measurement & modeling (2),education,Doctorate degree / Ph.D.,belief_post,43,26.67,59.33
Measurement & modeling (2),education,Doctorate degree / Ph.D.,concern_mean,53.212,45.942,60.482
Measurement & modeling (2),education,Doctorate degree / Ph.D.,distrust_post,41.364,30.742,51.985
Measurement & modeling (2),education,Doctorate degree / Ph.D.,donation_ams,3.909,2.088,5.73
Measurement & modeling (2),education,Doctorate degree / Ph.D.,funding_perceptions,56.818,41.298,72.339
Measurement & modeling (2),education,Doctorate degree / Ph.D.,inst_trust_mean,47.655,37.432,57.877
Measurement & modeling (2),education,Doctorate degree / Ph.D.,newsletter_signup,0.545,0.251,0.84
Measurement & modeling (2),education,Doctorate degree / Ph.D.,policy_general,43.364,32.069,54.658
Measurement & modeling (2),education,Doctorate degree / Ph.D.,policy_role_mean,52.364,45.229,59.499
Measurement & modeling (2),education,Doctorate degree / Ph.D.,policy_specific_mean,51.74,45.514,57.967
Measurement & modeling (2),education,Doctorate degree / Ph.D.,trust_multidimensional,51.432,47.526,55.338
Measurement & modeling (2),education,Doctorate degree / Ph.D.,trust_post,75.182,62.114,88.249
Peer-review,education,Less than high school,behavior_mean,48.722,43.249,54.195
Peer-review,education,Less than high school,belief_post,42.25,30.554,53.946
Peer-review,education,Less than high school,concern_mean,47.306,38.319,56.292
Peer-review,education,Less than high school,distrust_post,49,32.418,65.582
Peer-review,education,Less than high school,donation_ams,4.833,2.638,7.029
Peer-review,education,Less than high school,funding_perceptions,48.583,37.174,59.993
Peer-review,education,Less than high school,inst_trust_mean,44.467,39.489,49.445
Peer-review,education,Less than high school,newsletter_signup,0.083,-0.073,0.24
Peer-review,education,Less than high school,policy_general,48.583,34.471,62.695
Peer-review,education,Less than high school,policy_role_mean,45.062,39.052,51.073
Peer-review,education,Less than high school,policy_specific_mean,50.298,42.886,57.709
Peer-review,education,Less than high school,trust_multidimensional,50.5,47.28,53.72
Peer-review,education,Less than high school,trust_post,54.75,36.427,73.073
Peer-review,education,High school diploma / GED,behavior_mean,47.167,37.038,57.295
Peer-review,education,High school diploma / GED,belief_post,51,43.079,58.921
Peer-review,education,High school diploma / GED,concern_mean,40.111,35.188,45.034
Peer-review,education,High school diploma / GED,distrust_post,50.667,12.689,88.644
Peer-review,education,High school diploma / GED,donation_ams,3.333,-0.641,7.307
Peer-review,education,High school diploma / GED,funding_perceptions,51,36.159,65.841
Peer-review,education,High school diploma / GED,inst_trust_mean,48.667,31.909,65.424
Peer-review,education,High school diploma / GED,newsletter_signup,0.667,0.133,1.2
Peer-review,education,High school diploma / GED,policy_general,33.667,10.083,57.25
Peer-review,education,High school diploma / GED,policy_role_mean,36.083,26.597,45.569
Peer-review,education,High school diploma / GED,policy_specific_mean,43.286,33.585,52.987
Peer-review,education,High school diploma / GED,trust_multidimensional,51.722,34.505,68.94
Peer-review,education,High school diploma / GED,trust_post,53,21.134,84.866
Peer-review,education,Some college or Associate's degree,behavior_mean,51.819,45.908,57.731
Peer-review,education,Some college or Associate's degree,belief_post,56.5,40.625,72.375
Peer-review,education,Some college or Associate's degree,concern_mean,46.722,35.24,58.204
Peer-review,education,Some college or Associate's degree,distrust_post,47.75,33.312,62.188
Peer-review,education,Some college or Associate's degree,donation_ams,4.5,2.309,6.691
Peer-review,education,Some college or Associate's degree,funding_perceptions,44.667,27.46,61.873
Peer-review,education,Some college or Associate's degree,inst_trust_mean,53.533,48.631,58.436
Peer-review,education,Some college or Associate's degree,newsletter_signup,0.25,0.005,0.495
Peer-review,education,Some college or Associate's degree,policy_general,40.417,26.09,54.744
Peer-review,education,Some college or Associate's degree,policy_role_mean,45.688,38.322,53.053
Peer-review,education,Some college or Associate's degree,policy_specific_mean,41.881,35.72,48.041
Peer-review,education,Some college or Associate's degree,trust_multidimensional,51.354,48.204,54.504
Peer-review,education,Some college or Associate's degree,trust_post,55.333,40.632,70.035
Peer-review,education,Bachelor's degree,behavior_mean,50.625,43.85,57.4
Peer-review,education,Bachelor's degree,belief_post,57.5,36.18,78.82
Peer-review,education,Bachelor's degree,concern_mean,54.375,39.142,69.608
Peer-review,education,Bachelor's degree,distrust_post,51.375,34.931,67.819
Peer-review,education,Bachelor's degree,donation_ams,4.375,2.094,6.656
Peer-review,education,Bachelor's degree,funding_perceptions,42.125,18.688,65.562
Peer-review,education,Bachelor's degree,inst_trust_mean,50.75,43.939,57.561
Peer-review,education,Bachelor's degree,newsletter_signup,0.375,0.04,0.71
Peer-review,education,Bachelor's degree,policy_general,49.625,28.037,71.213
Peer-review,education,Bachelor's degree,policy_role_mean,54.531,47.598,61.465
Peer-review,education,Bachelor's degree,policy_specific_mean,57.125,52.205,62.045
Peer-review,education,Bachelor's degree,trust_multidimensional,49.135,42.558,55.712
Peer-review,education,Bachelor's degree,trust_post,38.5,26.226,50.774
Peer-review,education,Master's degree / Professional degree,behavior_mean,50.2,44.296,56.104
Peer-review,education,Master's degree / Professional degree,belief_post,42.2,26.705,57.695
Peer-review,education,Master's degree / Professional degree,concern_mean,44.111,36.325,51.897
Peer-review,education,Master's degree / Professional degree,distrust_post,44.6,32.296,56.904
Peer-review,education,Master's degree / Professional degree,donation_ams,5.133,3.175,7.092
Peer-review,education,Master's degree / Professional degree,funding_perceptions,50.333,39.565,61.102
Peer-review,education,Master's degree / Professional degree,inst_trust_mean,46.427,41.771,51.082
Peer-review,education,Master's degree / Professional degree,newsletter_signup,0.133,-0.039,0.305
Peer-review,education,Master's degree / Professional degree,policy_general,46.267,35.095,57.439
Peer-review,education,Master's degree / Professional degree,policy_role_mean,51.65,44.432,58.868
Peer-review,education,Master's degree / Professional degree,policy_specific_mean,47.362,42.99,51.734
Peer-review,education,Master's degree / Professional degree,trust_multidimensional,50.422,47.757,53.087
Peer-review,education,Master's degree / Professional degree,trust_post,39.067,30.391,47.743
Peer-review,education,Doctorate degree / Ph.D.,behavior_mean,47.3,37.359,57.241
Peer-review,education,Doctorate degree / Ph.D.,belief_post,59.7,44.462,74.938
Peer-review,education,Doctorate degree / Ph.D.,concern_mean,42.367,29.279,55.455
Peer-review,education,Doctorate degree / Ph.D.,distrust_post,46.9,27.091,66.709
Peer-review,education,Doctorate degree / Ph.D.,donation_ams,5.3,2.82,7.78
Peer-review,education,Doctorate degree / Ph.D.,funding_perceptions,46.7,25.906,67.494
Peer-review,education,Doctorate degree / Ph.D.,inst_trust_mean,52.5,45.794,59.206
Peer-review,education,Doctorate degree / Ph.D.,newsletter_signup,0.3,0.016,0.584
Peer-review,education,Doctorate degree / Ph.D.,policy_general,48.7,33.928,63.472
Peer-review,education,Doctorate degree / Ph.D.,policy_role_mean,49.25,41.849,56.651
Peer-review,education,Doctorate degree / Ph.D.,policy_specific_mean,48.571,42.672,54.471
Peer-review,education,Doctorate degree / Ph.D.,trust_multidimensional,51.983,48.714,55.253
Peer-review,education,Doctorate degree / Ph.D.,trust_post,42.7,23.494,61.906
Scientist community helpers,education,Less than high school,behavior_mean,52.551,48.641,56.461
Scientist community helpers,education,Less than high school,belief_post,45.077,27.11,63.044
Scientist community helpers,education,Less than high school,concern_mean,39.59,28.758,50.422
Scientist community helpers,education,Less than high school,distrust_post,37.692,24.363,51.022
Scientist community helpers,education,Less than high school,donation_ams,4.615,3.022,6.209
Scientist community helpers,education,Less than high school,funding_perceptions,51.385,37.198,65.571
Scientist community helpers,education,Less than high school,inst_trust_mean,50.169,43.189,57.15
Scientist community helpers,education,Less than high school,newsletter_signup,0.308,0.057,0.559
Scientist community helpers,education,Less than high school,policy_general,51.769,40.481,63.057
Scientist community helpers,education,Less than high school,policy_role_mean,50.308,42.195,58.42
Scientist community helpers,education,Less than high school,policy_specific_mean,49.286,43.904,54.667
Scientist community helpers,education,Less than high school,trust_multidimensional,51.186,45.751,56.621
Scientist community helpers,education,Less than high school,trust_post,41.154,27.005,55.303
Scientist community helpers,education,High school diploma / GED,behavior_mean,54.417,49.906,58.927
Scientist community helpers,education,High school diploma / GED,belief_post,44.7,24.866,64.534
Scientist community helpers,education,High school diploma / GED,concern_mean,49.2,39.201,59.199
Scientist community helpers,education,High school diploma / GED,distrust_post,48.1,32.018,64.182
Scientist community helpers,education,High school diploma / GED,donation_ams,6.5,4.328,8.672
Scientist community helpers,education,High school diploma / GED,funding_perceptions,43.4,27.056,59.744
Scientist community helpers,education,High school diploma / GED,inst_trust_mean,47.18,41.629,52.731
Scientist community helpers,education,High school diploma / GED,newsletter_signup,0.2,-0.048,0.448
Scientist community helpers,education,High school diploma / GED,policy_general,43.4,29.202,57.598
Scientist community helpers,education,High school diploma / GED,policy_role_mean,48.1,43.372,52.828
Scientist community helpers,education,High school diploma / GED,policy_specific_mean,50.286,40.962,59.61
Scientist community helpers,education,High school diploma / GED,trust_multidimensional,50.683,44.439,56.928
Scientist community helpers,education,High school diploma / GED,trust_post,57.5,39.45,75.55
Scientist community helpers,education,Some college or Associate's degree,behavior_mean,52.875,44.792,60.958
Scientist community helpers,education,Some college or Associate's degree,belief_post,45.75,30.309,61.191
Scientist community helpers,education,Some college or Associate's degree,concern_mean,43.708,37.715,49.702
Scientist community helpers,education,Some college or Associate's degree,distrust_post,62.875,42.755,82.995
Scientist community helpers,education,Some college or Associate's degree,donation_ams,5.375,3.601,7.149
Scientist community helpers,education,Some college or Associate's degree,funding_perceptions,46,24.968,67.032
Scientist community helpers,education,Some college or Associate's degree,inst_trust_mean,46.55,39.96,53.14
Scientist community helpers,education,Some college or Associate's degree,newsletter_signup,0.125,-0.104,0.354
Scientist community helpers,education,Some college or Associate's degree,policy_general,37.125,23.907,50.343
Scientist community helpers,education,Some college or Associate's degree,policy_role_mean,48.094,37.83,58.357
Scientist community helpers,education,Some college or Associate's degree,policy_specific_mean,47.429,37.292,57.565
Scientist community helpers,education,Some college or Associate's degree,trust_multidimensional,45.271,37.883,52.658
Scientist community helpers,education,Some college or Associate's degree,trust_post,56.75,43.942,69.558
Scientist community helpers,education,Bachelor's degree,behavior_mean,48.014,42.279,53.749
Scientist community helpers,education,Bachelor's degree,belief_post,60.667,51.558,69.775
Scientist community helpers,education,Bachelor's degree,concern_mean,52.944,43.614,62.275
Scientist community helpers,education,Bachelor's degree,distrust_post,55.667,44.788,66.546
Scientist community helpers,education,Bachelor's degree,donation_ams,5.917,4.01,7.823
Scientist community helpers,education,Bachelor's degree,funding_perceptions,60.833,44.127,77.539
Scientist community helpers,education,Bachelor's degree,inst_trust_mean,53.967,46.304,61.629
Scientist community helpers,education,Bachelor's degree,newsletter_signup,0.333,0.067,0.6
Scientist community helpers,education,Bachelor's degree,policy_general,59.833,48.738,70.928
Scientist community helpers,education,Bachelor's degree,policy_role_mean,51.479,44.81,58.149
Scientist community helpers,education,Bachelor's degree,policy_specific_mean,51.25,45.985,56.515
Scientist community helpers,education,Bachelor's degree,trust_multidimensional,51.569,45.947,57.192
Scientist community helpers,education,Bachelor's degree,trust_post,65.75,54.27,77.23
Scientist community helpers,education,Master's degree / Professional degree,behavior_mean,50.833,45.177,56.49
Scientist community helpers,education,Master's degree / Professional degree,belief_post,47.833,22.665,73.002
Scientist community helpers,education,Master's degree / Professional degree,concern_mean,46.722,31.672,61.773
Scientist community helpers,education,Master's degree / Professional degree,distrust_post,58,40.727,75.273
Scientist community helpers,education,Master's degree / Professional degree,donation_ams,3.5,0.787,6.213
Scientist community helpers,education,Master's degree / Professional degree,funding_perceptions,53.167,24.01,82.324
Scientist community helpers,education,Master's degree / Professional degree,inst_trust_mean,46.5,34.526,58.474
Scientist community helpers,education,Master's degree / Professional degree,newsletter_signup,0,0,0
Scientist community helpers,education,Master's degree / Professional degree,policy_general,47,18.755,75.245
Scientist community helpers,education,Master's degree / Professional degree,policy_role_mean,52.625,33.394,71.856
Scientist community helpers,education,Master's degree / Professional degree,policy_specific_mean,43.643,40.443,46.843
Scientist community helpers,education,Master's degree / Professional degree,trust_multidimensional,47.875,43.486,52.264
Scientist community helpers,education,Master's degree / Professional degree,trust_post,36,24.924,47.076
Scientist community helpers,education,Doctorate degree / Ph.D.,behavior_mean,51.515,44.144,58.886
Scientist community helpers,education,Doctorate degree / Ph.D.,belief_post,33.091,19.66,46.521
Scientist community helpers,education,Doctorate degree / Ph.D.,concern_mean,51,46.483,55.517
Scientist community helpers,education,Doctorate degree / Ph.D.,distrust_post,44.364,29.091,59.636
Scientist community helpers,education,Doctorate degree / Ph.D.,donation_ams,5.091,2.75,7.432
Scientist community helpers,education,Doctorate degree / Ph.D.,funding_perceptions,54.455,39.822,69.087
Scientist community helpers,education,Doctorate degree / Ph.D.,inst_trust_mean,50.618,45.191,56.045
Scientist community helpers,education,Doctorate degree / Ph.D.,newsletter_signup,0.091,-0.079,0.261
Scientist community helpers,education,Doctorate degree / Ph.D.,policy_general,54.636,33.915,75.358
Scientist community helpers,education,Doctorate degree / Ph.D.,policy_role_mean,54.432,45.567,63.297
Scientist community helpers,education,Doctorate degree / Ph.D.,policy_specific_mean,52.948,49.165,56.731
Scientist community helpers,education,Doctorate degree / Ph.D.,trust_multidimensional,50.765,45.556,55.974
Scientist community helpers,education,Doctorate degree / Ph.D.,trust_post,60.364,46.363,74.364
Consensus,education,Less than high school,behavior_mean,50,43.905,56.095
Consensus,education,Less than high school,belief_post,54.545,38.615,70.476
Consensus,education,Less than high school,concern_mean,42.545,36.464,48.627
Consensus,education,Less than high school,distrust_post,43.818,30.091,57.545
Consensus,education,Less than high school,donation_ams,5,3.552,6.448
Consensus,education,Less than high school,funding_perceptions,51.455,38.793,64.116
Consensus,education,Less than high school,inst_trust_mean,47.582,42.185,52.979
Consensus,education,Less than high school,newsletter_signup,0.182,-0.046,0.41
Consensus,education,Less than high school,policy_general,48.273,32.923,63.622
Consensus,education,Less than high school,policy_role_mean,44.091,37.348,50.834
Consensus,education,Less than high school,policy_specific_mean,48.584,45.401,51.767
Consensus,education,Less than high school,trust_multidimensional,49.955,44.065,55.844
Consensus,education,Less than high school,trust_post,49.091,35.976,62.206
Consensus,education,High school diploma / GED,behavior_mean,53.348,44.974,61.723
Consensus,education,High school diploma / GED,belief_post,51.364,37.17,65.557
Consensus,education,High school diploma / GED,concern_mean,46.636,36.95,56.323
Consensus,education,High school diploma / GED,distrust_post,42.455,25.678,59.231
Consensus,education,High school diploma / GED,donation_ams,6,4.529,7.471
Consensus,education,High school diploma / GED,funding_perceptions,28.455,15.471,41.438
Consensus,education,High school diploma / GED,inst_trust_mean,44.964,37.246,52.681
Consensus,education,High school diploma / GED,newsletter_signup,0.273,0.01,0.536
Consensus,education,High school diploma / GED,policy_general,48.455,35.815,61.094
Consensus,education,High school diploma / GED,policy_role_mean,49.591,39.471,59.711
Consensus,education,High school diploma / GED,policy_specific_mean,50.61,45.039,56.182
Consensus,education,High school diploma / GED,trust_multidimensional,49.348,43.897,54.8
Consensus,education,High school diploma / GED,trust_post,51.182,36.683,65.681
Consensus,education,Some college or Associate's degree,behavior_mean,55.767,48.509,63.025
Consensus,education,Some college or Associate's degree,belief_post,61.5,42.677,80.323
Consensus,education,Some college or Associate's degree,concern_mean,46.4,35.503,57.297
Consensus,education,Some college or Associate's degree,distrust_post,49,31.675,66.325
Consensus,education,Some college or Associate's degree,donation_ams,6.5,4.693,8.307
Consensus,education,Some college or Associate's degree,funding_perceptions,39.4,21.123,57.677
Consensus,education,Some college or Associate's degree,inst_trust_mean,51.28,42.261,60.299
Consensus,education,Some college or Associate's degree,newsletter_signup,0.2,-0.048,0.448
Consensus,education,Some college or Associate's degree,policy_general,33.6,18.219,48.981
Consensus,education,Some college or Associate's degree,policy_role_mean,46.15,35.94,56.36
Consensus,education,Some college or Associate's degree,policy_specific_mean,52.957,47.957,57.958
Consensus,education,Some college or Associate's degree,trust_multidimensional,49.9,46.713,53.087
Consensus,education,Some college or Associate's degree,trust_post,47.2,29.33,65.07
Consensus,education,Bachelor's degree,behavior_mean,46.905,41.051,52.759
Consensus,education,Bachelor's degree,belief_post,49.571,39.451,59.692
Consensus,education,Bachelor's degree,concern_mean,60.524,54.922,66.126
Consensus,education,Bachelor's degree,distrust_post,27,14.82,39.18
Consensus,education,Bachelor's degree,donation_ams,4.143,1.903,6.383
Consensus,education,Bachelor's degree,funding_perceptions,59,44.128,73.872
Consensus,education,Bachelor's degree,inst_trust_mean,50.771,41.83,59.713
Consensus,education,Bachelor's degree,newsletter_signup,0.286,-0.049,0.62
Consensus,education,Bachelor's degree,policy_general,44.857,17.509,72.205
Consensus,education,Bachelor's degree,policy_role_mean,46.929,37.422,56.435
Consensus,education,Bachelor's degree,policy_specific_mean,53.286,46.641,59.931
Consensus,education,Bachelor's degree,trust_multidimensional,55.083,52.188,57.978
Consensus,education,Bachelor's degree,trust_post,46.286,32.232,60.34
Consensus,education,Master's degree / Professional degree,behavior_mean,47.455,43.295,51.614
Consensus,education,Master's degree / Professional degree,belief_post,61.909,53.865,69.953
Consensus,education,Master's degree / Professional degree,concern_mean,44.273,35.596,52.949
Consensus,education,Master's degree / Professional degree,distrust_post,40.091,25.196,54.986
Consensus,education,Master's degree / Professional degree,donation_ams,4.636,2.602,6.671
Consensus,education,Master's degree / Professional degree,funding_perceptions,48.455,31.383,65.526
Consensus,education,Master's degree / Professional degree,inst_trust_mean,52.091,42.734,61.447
Consensus,education,Master's degree / Professional degree,newsletter_signup,0.273,0.01,0.536
Consensus,education,Master's degree / Professional degree,policy_general,47,30.314,63.686
Consensus,education,Master's degree / Professional degree,policy_role_mean,49.636,43.091,56.181
Consensus,education,Master's degree / Professional degree,policy_specific_mean,46.896,42.295,51.497
Consensus,education,Master's degree / Professional degree,trust_multidimensional,55.902,51.742,60.061
Consensus,education,Master's degree / Professional degree,trust_post,69.364,57.879,80.848
Consensus,education,Doctorate degree / Ph.D.,behavior_mean,50.983,42.13,59.836
Consensus,education,Doctorate degree / Ph.D.,belief_post,47.7,34.669,60.731
Consensus,education,Doctorate degree / Ph.D.,concern_mean,52.467,42.836,62.097
Consensus,education,Doctorate degree / Ph.D.,distrust_post,59.8,45.136,74.464
Consensus,education,Doctorate degree / Ph.D.,donation_ams,4.2,2.38,6.02
Consensus,education,Doctorate degree / Ph.D.,funding_perceptions,44.3,29.262,59.338
Consensus,education,Doctorate degree / Ph.D.,inst_trust_mean,51.6,45.448,57.752
Consensus,education,Doctorate degree / Ph.D.,newsletter_signup,0.1,-0.086,0.286
Consensus,education,Doctorate degree / Ph.D.,policy_general,55.8,38.781,72.819
Consensus,education,Doctorate degree / Ph.D.,policy_role_mean,50.375,42.336,58.414
Consensus,education,Doctorate degree / Ph.D.,policy_specific_mean,56.9,50.13,63.67
Consensus,education,Doctorate degree / Ph.D.,trust_multidimensional,52.15,46.471,57.829
Consensus,education,Doctorate degree / Ph.D.,trust_post,46.2,28.883,63.517
Portrait Prof. Cherry,education,Less than high school,behavior_mean,48.556,41.026,56.085
Portrait Prof. Cherry,education,Less than high school,belief_post,62,46.529,77.471
Portrait Prof. Cherry,education,Less than high school,concern_mean,44.056,35.679,52.432
Portrait Prof. Cherry,education,Less than high school,distrust_post,33,22.202,43.798
Portrait Prof. Cherry,education,Less than high school,donation_ams,4.333,2.281,6.385
Portrait Prof. Cherry,education,Less than high school,funding_perceptions,39.75,25.505,53.995
Portrait Prof. Cherry,education,Less than high school,inst_trust_mean,49.4,43.331,55.469
Portrait Prof. Cherry,education,Less than high school,newsletter_signup,0.25,0.005,0.495
Portrait Prof. Cherry,education,Less than high school,policy_general,47.833,26.387,69.279
Portrait Prof. Cherry,education,Less than high school,policy_role_mean,55.979,47.337,64.621
Portrait Prof. Cherry,education,Less than high school,policy_specific_mean,53.131,47.004,59.258
Portrait Prof. Cherry,education,Less than high school,trust_multidimensional,46.646,44.606,48.685
Portrait Prof. Cherry,education,Less than high school,trust_post,47.083,32.643,61.524
Portrait Prof. Cherry,education,High school diploma / GED,behavior_mean,52.861,46.293,59.429
Portrait Prof. Cherry,education,High school diploma / GED,belief_post,55.5,41.144,69.856
Portrait Prof. Cherry,education,High school diploma / GED,concern_mean,58.611,45.282,71.94
Portrait Prof. Cherry,education,High school diploma / GED,distrust_post,35.667,16.7,54.634
Portrait Prof. Cherry,education,High school diploma / GED,donation_ams,5,2.093,7.907
Portrait Prof. Cherry,education,High school diploma / GED,funding_perceptions,54.667,40.792,68.541
Portrait Prof. Cherry,education,High school diploma / GED,inst_trust_mean,55.967,49.615,62.319
Portrait Prof. Cherry,education,High school diploma / GED,newsletter_signup,0.167,-0.132,0.465
Portrait Prof. Cherry,education,High school diploma / GED,policy_general,50.167,33.851,66.482
Portrait Prof. Cherry,education,High school diploma / GED,policy_role_mean,55.667,45.801,65.532
Portrait Prof. Cherry,education,High school diploma / GED,policy_specific_mean,54.929,49.455,60.402
Portrait Prof. Cherry,education,High school diploma / GED,trust_multidimensional,49.194,43.871,54.518
Portrait Prof. Cherry,education,High school diploma / GED,trust_post,44,22.098,65.902
Portrait Prof. Cherry,education,Some college or Associate's degree,behavior_mean,49.5,44.964,54.036
Portrait Prof. Cherry,education,Some college or Associate's degree,belief_post,59.75,49.42,70.08
Portrait Prof. Cherry,education,Some college or Associate's degree,concern_mean,54.542,47.769,61.314
Portrait Prof. Cherry,education,Some college or Associate's degree,distrust_post,47.438,37.211,57.664
Portrait Prof. Cherry,education,Some college or Associate's degree,donation_ams,6.062,4.843,7.282
Portrait Prof. Cherry,education,Some college or Associate's degree,funding_perceptions,40.5,28.694,52.306
Portrait Prof. Cherry,education,Some college or Associate's degree,inst_trust_mean,48.513,42.432,54.593
Portrait Prof. Cherry,education,Some college or Associate's degree,newsletter_signup,0.125,-0.037,0.287
Portrait Prof. Cherry,education,Some college or Associate's degree,policy_general,52.688,40.512,64.863
Portrait Prof. Cherry,education,Some college or Associate's degree,policy_role_mean,43.156,37.051,49.262
Portrait Prof. Cherry,education,Some college or Associate's degree,policy_specific_mean,47.482,42.66,52.304
Portrait Prof. Cherry,education,Some college or Associate's degree,trust_multidimensional,49.099,44.554,53.644
Portrait Prof. Cherry,education,Some college or Associate's degree,trust_post,40.375,25.286,55.464
Portrait Prof. Cherry,education,Bachelor's degree,behavior_mean,51.394,46.274,56.513
Portrait Prof. Cherry,education,Bachelor's degree,belief_post,47.636,33.549,61.724
Portrait Prof. Cherry,education,Bachelor's degree,concern_mean,47.212,38.72,55.704
Portrait Prof. Cherry,education,Bachelor's degree,distrust_post,57.182,37.646,76.717
Portrait Prof. Cherry,education,Bachelor's degree,donation_ams,5.364,3.101,7.626
Portrait Prof. Cherry,education,Bachelor's degree,funding_perceptions,56.636,47.755,65.518
Portrait Prof. Cherry,education,Bachelor's degree,inst_trust_mean,45.673,36.304,55.041
Portrait Prof. Cherry,education,Bachelor's degree,newsletter_signup,0.455,0.16,0.749
Portrait Prof. Cherry,education,Bachelor's degree,policy_general,61.364,43.717,79.01
Portrait Prof. Cherry,education,Bachelor's degree,policy_role_mean,46.205,38.005,54.405
Portrait Prof. Cherry,education,Bachelor's degree,policy_specific_mean,43.883,39.863,47.903
Portrait Prof. Cherry,education,Bachelor's degree,trust_multidimensional,51.409,46.949,55.869
Portrait Prof. Cherry,education,Bachelor's degree,trust_post,53.545,39.251,67.84
Portrait Prof. Cherry,education,Master's degree / Professional degree,behavior_mean,49.854,44.438,55.27
Portrait Prof. Cherry,education,Master's degree / Professional degree,belief_post,52.25,39.955,64.545
Portrait Prof. Cherry,education,Master's degree / Professional degree,concern_mean,47.25,39.117,55.383
Portrait Prof. Cherry,education,Master's degree / Professional degree,distrust_post,53.125,32.597,73.653
Portrait Prof. Cherry,education,Master's degree / Professional degree,donation_ams,6,2.923,9.077
Portrait Prof. Cherry,education,Master's degree / Professional degree,funding_perceptions,41.5,19.962,63.038
Portrait Prof. Cherry,education,Master's degree / Professional degree,inst_trust_mean,46.575,37.142,56.008
Portrait Prof. Cherry,education,Master's degree / Professional degree,newsletter_signup,0.125,-0.104,0.354
Portrait Prof. Cherry,education,Master's degree / Professional degree,policy_general,43.75,25.068,62.432
Portrait Prof. Cherry,education,Master's degree / Professional degree,policy_role_mean,47.656,34.188,61.125
Portrait Prof. Cherry,education,Master's degree / Professional degree,policy_specific_mean,58.536,51.186,65.885
Portrait Prof. Cherry,education,Master's degree / Professional degree,trust_multidimensional,51.271,45.089,57.453
Portrait Prof. Cherry,education,Master's degree / Professional degree,trust_post,46.25,28.037,64.463
Portrait Prof. Cherry,education,Doctorate degree / Ph.D.,behavior_mean,45.905,37.959,53.851
Portrait Prof. Cherry,education,Doctorate degree / Ph.D.,belief_post,44,21.155,66.845
Portrait Prof. Cherry,education,Doctorate degree / Ph.D.,concern_mean,48.571,40.321,56.822
Portrait Prof. Cherry,education,Doctorate degree / Ph.D.,distrust_post,57.429,44.598,70.259
Portrait Prof. Cherry,education,Doctorate degree / Ph.D.,donation_ams,5,2.819,7.181
Portrait Prof. Cherry,education,Doctorate degree / Ph.D.,funding_perceptions,51.143,34.581,67.705
Portrait Prof. Cherry,education,Doctorate degree / Ph.D.,inst_trust_mean,46.4,39.498,53.302
Portrait Prof. Cherry,education,Doctorate degree / Ph.D.,newsletter_signup,0.143,-0.116,0.402
Portrait Prof. Cherry,education,Doctorate degree / Ph.D.,policy_general,61.714,45.593,77.836
Portrait Prof. Cherry,education,Doctorate degree / Ph.D.,policy_role_mean,38.607,31.813,45.402
Portrait Prof. Cherry,education,Doctorate degree / Ph.D.,policy_specific_mean,45.735,36.625,54.844
Portrait Prof. Cherry,education,Doctorate degree / Ph.D.,trust_multidimensional,46.31,43.029,49.59
Portrait Prof. Cherry,education,Doctorate degree / Ph.D.,trust_post,42.714,34.369,51.06
Model accuracy,education,Less than high school,behavior_mean,46.515,39.133,53.898
Model accuracy,education,Less than high school,belief_post,52.182,30.032,74.331
Model accuracy,education,Less than high school,concern_mean,46.848,38.974,54.723
Model accuracy,education,Less than high school,distrust_post,51.182,31.831,70.532
Model accuracy,education,Less than high school,donation_ams,3,1.076,4.924
Model accuracy,education,Less than high school,funding_perceptions,41.909,24.932,58.886
Model accuracy,education,Less than high school,inst_trust_mean,50.727,44.98,56.475
Model accuracy,education,Less than high school,newsletter_signup,0.182,-0.046,0.41
Model accuracy,education,Less than high school,policy_general,50.091,35.494,64.688
Model accuracy,education,Less than high school,policy_role_mean,46.068,36.516,55.621
Model accuracy,education,Less than high school,policy_specific_mean,51.078,45.458,56.698
Model accuracy,education,Less than high school,trust_multidimensional,48.992,45.17,52.815
Model accuracy,education,Less than high school,trust_post,39.727,26.619,52.836
Model accuracy,education,High school diploma / GED,behavior_mean,57.019,51.097,62.94
Model accuracy,education,High school diploma / GED,belief_post,47.556,36.864,58.247
Model accuracy,education,High school diploma / GED,concern_mean,48.889,41.433,56.344
Model accuracy,education,High school diploma / GED,distrust_post,55.222,33.424,77.02
Model accuracy,education,High school diploma / GED,donation_ams,4.111,2.112,6.11
Model accuracy,education,High school diploma / GED,funding_perceptions,54,34.151,73.849
Model accuracy,education,High school diploma / GED,inst_trust_mean,47.333,39.411,55.255
Model accuracy,education,High school diploma / GED,newsletter_signup,0.444,0.12,0.769
Model accuracy,education,High school diploma / GED,policy_general,46.333,28.772,63.895
Model accuracy,education,High school diploma / GED,policy_role_mean,42.222,31.956,52.488
Model accuracy,education,High school diploma / GED,policy_specific_mean,54.381,47.316,61.446
Model accuracy,education,High school diploma / GED,trust_multidimensional,51.352,47.792,54.912
Model accuracy,education,High school diploma / GED,trust_post,55.222,31.376,79.068
Model accuracy,education,Some college or Associate's degree,behavior_mean,51.811,45.657,57.965
Model accuracy,education,Some college or Associate's degree,belief_post,40.8,32.028,49.572
Model accuracy,education,Some college or Associate's degree,concern_mean,51.111,44.104,58.118
Model accuracy,education,Some college or Associate's degree,distrust_post,46.667,34.5,58.833
Model accuracy,education,Some college or Associate's degree,donation_ams,4.667,3.189,6.144
Model accuracy,education,Some college or Associate's degree,funding_perceptions,45.267,31.061,59.472
Model accuracy,education,Some college or Associate's degree,inst_trust_mean,47.533,42.744,52.323
Model accuracy,education,Some college or Associate's degree,newsletter_signup,0.067,-0.06,0.193
Model accuracy,education,Some college or Associate's degree,policy_general,50.8,35.087,66.513
Model accuracy,education,Some college or Associate's degree,policy_role_mean,47.867,39.345,56.388
Model accuracy,education,Some college or Associate's degree,policy_specific_mean,48.619,44.963,52.275
Model accuracy,education,Some college or Associate's degree,trust_multidimensional,49.806,46.76,52.851
Model accuracy,education,Some college or Associate's degree,trust_post,49.2,36.235,62.165
Model accuracy,education,Bachelor's degree,behavior_mean,53.361,41.45,65.272
Model accuracy,education,Bachelor's degree,belief_post,40.167,20.234,60.1
Model accuracy,education,Bachelor's degree,concern_mean,67.222,55.399,79.046
Model accuracy,education,Bachelor's degree,distrust_post,65.167,49.048,81.285
Model accuracy,education,Bachelor's degree,donation_ams,5,1.799,8.201
Model accuracy,education,Bachelor's degree,funding_perceptions,47.833,21.196,74.47
Model accuracy,education,Bachelor's degree,inst_trust_mean,48.467,36.448,60.485
Model accuracy,education,Bachelor's degree,newsletter_signup,0.333,-0.044,0.711
Model accuracy,education,Bachelor's degree,policy_general,47,22.166,71.834
Model accuracy,education,Bachelor's degree,policy_role_mean,45.958,40.056,51.861
Model accuracy,education,Bachelor's degree,policy_specific_mean,47.571,39.563,55.58
Model accuracy,education,Bachelor's degree,trust_multidimensional,45.931,37.111,54.75
Model accuracy,education,Bachelor's degree,trust_post,41.667,30.548,52.785
Model accuracy,education,Master's degree / Professional degree,behavior_mean,51.861,45.521,58.201
Model accuracy,education,Master's degree / Professional degree,belief_post,33.417,28.2,38.633
Model accuracy,education,Master's degree / Professional degree,concern_mean,53.639,43.66,63.618
Model accuracy,education,Master's degree / Professional degree,distrust_post,50.667,34.507,66.826
Model accuracy,education,Master's degree / Professional degree,donation_ams,6.333,4.879,7.788
Model accuracy,education,Master's degree / Professional degree,funding_perceptions,39.917,25.688,54.146
Model accuracy,education,Master's degree / Professional degree,inst_trust_mean,50.583,43.079,58.088
Model accuracy,education,Master's degree / Professional degree,newsletter_signup,0.333,0.067,0.6
Model accuracy,education,Master's degree / Professional degree,policy_general,48.833,33.063,64.604
Model accuracy,education,Master's degree / Professional degree,policy_role_mean,48.229,41.722,54.736
Model accuracy,education,Master's degree / Professional degree,policy_specific_mean,48.595,40.906,56.285
Model accuracy,education,Master's degree / Professional degree,trust_multidimensional,50.972,46.741,55.204
Model accuracy,education,Master's degree / Professional degree,trust_post,50.417,33.474,67.359
Model accuracy,education,Doctorate degree / Ph.D.,behavior_mean,53.5,43.474,63.526
Model accuracy,education,Doctorate degree / Ph.D.,belief_post,61.286,45.187,77.384
Model accuracy,education,Doctorate degree / Ph.D.,concern_mean,51,40.706,61.294
Model accuracy,education,Doctorate degree / Ph.D.,distrust_post,64.286,53.029,75.543
Model accuracy,education,Doctorate degree / Ph.D.,donation_ams,4.714,2.306,7.123
Model accuracy,education,Doctorate degree / Ph.D.,funding_perceptions,50.571,38.627,62.516
Model accuracy,education,Doctorate degree / Ph.D.,inst_trust_mean,53.229,43.877,62.58
Model accuracy,education,Doctorate degree / Ph.D.,newsletter_signup,0.143,-0.116,0.402
Model accuracy,education,Doctorate degree / Ph.D.,policy_general,39,16.817,61.183
Model accuracy,education,Doctorate degree / Ph.D.,policy_role_mean,48.643,37.228,60.058
Model accuracy,education,Doctorate degree / Ph.D.,policy_specific_mean,52.571,45.857,59.286
Model accuracy,education,Doctorate degree / Ph.D.,trust_multidimensional,51.94,45.029,58.852
Model accuracy,education,Doctorate degree / Ph.D.,trust_post,44.571,32.147,56.996
Interview Prof. Sebille,education,Less than high school,behavior_mean,51.883,47.7,56.067
Interview Prof. Sebille,education,Less than high school,belief_post,48.9,33.898,63.902
Interview Prof. Sebille,education,Less than high school,concern_mean,49.633,37.998,61.268
Interview Prof. Sebille,education,Less than high school,distrust_post,53.5,29.381,77.619
Interview Prof. Sebille,education,Less than high school,donation_ams,5.5,3.646,7.354
Interview Prof. Sebille,education,Less than high school,funding_perceptions,44.2,30.587,57.813
Interview Prof. Sebille,education,Less than high school,inst_trust_mean,41.2,34.985,47.415
Interview Prof. Sebille,education,Less than high school,newsletter_signup,0.1,-0.086,0.286
Interview Prof. Sebille,education,Less than high school,policy_general,59.4,45.482,73.318
Interview Prof. Sebille,education,Less than high school,policy_role_mean,46.675,37.514,55.836
Interview Prof. Sebille,education,Less than high school,policy_specific_mean,46,41.585,50.415
Interview Prof. Sebille,education,Less than high school,trust_multidimensional,51.25,44.567,57.933
Interview Prof. Sebille,education,Less than high school,trust_post,58.3,45.084,71.516
Interview Prof. Sebille,education,High school diploma / GED,behavior_mean,46.958,41.553,52.364
Interview Prof. Sebille,education,High school diploma / GED,belief_post,43,15.2,70.8
Interview Prof. Sebille,education,High school diploma / GED,concern_mean,46.083,37.012,55.154
Interview Prof. Sebille,education,High school diploma / GED,distrust_post,50.75,29.159,72.341
Interview Prof. Sebille,education,High school diploma / GED,donation_ams,4.75,2.663,6.837
Interview Prof. Sebille,education,High school diploma / GED,funding_perceptions,43.625,30.799,56.451
Interview Prof. Sebille,education,High school diploma / GED,inst_trust_mean,52.875,45.302,60.448
Interview Prof. Sebille,education,High school diploma / GED,newsletter_signup,0.125,-0.104,0.354
Interview Prof. Sebille,education,High school diploma / GED,policy_general,35.25,22.729,47.771
Interview Prof. Sebille,education,High school diploma / GED,policy_role_mean,44.75,40.094,49.406
Interview Prof. Sebille,education,High school diploma / GED,policy_specific_mean,52.643,45.839,59.447
Interview Prof. Sebille,education,High school diploma / GED,trust_multidimensional,46.188,41.801,50.574
Interview Prof. Sebille,education,High school diploma / GED,trust_post,55.5,41.715,69.285
Interview Prof. Sebille,education,Some college or Associate's degree,behavior_mean,47.452,42.518,52.387
Interview Prof. Sebille,education,Some college or Associate's degree,belief_post,41.929,31.351,52.506
Interview Prof. Sebille,education,Some college or Associate's degree,concern_mean,49.81,41.733,57.886
Interview Prof. Sebille,education,Some college or Associate's degree,distrust_post,38.786,26.05,51.521
Interview Prof. Sebille,education,Some college or Associate's degree,donation_ams,2.714,1.117,4.311
Interview Prof. Sebille,education,Some college or Associate's degree,funding_perceptions,63.429,51.539,75.318
Interview Prof. Sebille,education,Some college or Associate's degree,inst_trust_mean,49.614,43.218,56.01
Interview Prof. Sebille,education,Some college or Associate's degree,newsletter_signup,0.214,-0.001,0.429
Interview Prof. Sebille,education,Some college or Associate's degree,policy_general,52.714,38.745,66.683
Interview Prof. Sebille,education,Some college or Associate's degree,policy_role_mean,44.036,37.187,50.885
Interview Prof. Sebille,education,Some college or Associate's degree,policy_specific_mean,55.153,50.14,60.166
Interview Prof. Sebille,education,Some college or Associate's degree,trust_multidimensional,48.387,42.222,54.552
Interview Prof. Sebille,education,Some college or Associate's degree,trust_post,57.929,44.655,71.202
Interview Prof. Sebille,education,Bachelor's degree,behavior_mean,52.738,48.571,56.905
Interview Prof. Sebille,education,Bachelor's degree,belief_post,37.143,23.235,51.051
Interview Prof. Sebille,education,Bachelor's degree,concern_mean,41.905,33.786,50.023
Interview Prof. Sebille,education,Bachelor's degree,distrust_post,23.857,11.924,35.79
Interview Prof. Sebille,education,Bachelor's degree,donation_ams,4.429,1.532,7.325
Interview Prof. Sebille,education,Bachelor's degree,funding_perceptions,54.571,39.211,69.932
Interview Prof. Sebille,education,Bachelor's degree,inst_trust_mean,50.571,45.942,55.201
Interview Prof. Sebille,education,Bachelor's degree,newsletter_signup,0.286,-0.049,0.62
Interview Prof. Sebille,education,Bachelor's degree,policy_general,52.857,24.292,81.422
Interview Prof. Sebille,education,Bachelor's degree,policy_role_mean,55.964,45.511,66.418
Interview Prof. Sebille,education,Bachelor's degree,policy_specific_mean,48.918,41.302,56.534
Interview Prof. Sebille,education,Bachelor's degree,trust_multidimensional,50.357,42.328,58.387
Interview Prof. Sebille,education,Bachelor's degree,trust_post,47.286,23.581,70.991
Interview Prof. Sebille,education,Master's degree / Professional degree,behavior_mean,50.056,44.572,55.539
Interview Prof. Sebille,education,Master's degree / Professional degree,belief_post,42.75,26.871,58.629
Interview Prof. Sebille,education,Master's degree / Professional degree,concern_mean,50.778,45.261,56.295
Interview Prof. Sebille,education,Master's degree / Professional degree,distrust_post,42.417,29.59,55.243
Interview Prof. Sebille,education,Master's degree / Professional degree,donation_ams,5.583,4.466,6.701
Interview Prof. Sebille,education,Master's degree / Professional degree,funding_perceptions,53.5,41.996,65.004
Interview Prof. Sebille,education,Master's degree / Professional degree,inst_trust_mean,49.533,41.848,57.219
Interview Prof. Sebille,education,Master's degree / Professional degree,newsletter_signup,0.167,-0.044,0.378
Interview Prof. Sebille,education,Master's degree / Professional degree,policy_general,41,26.79,55.21
Interview Prof. Sebille,education,Master's degree / Professional degree,policy_role_mean,50.896,44.039,57.752
Interview Prof. Sebille,education,Master's degree / Professional degree,policy_specific_mean,47.06,43.85,50.269
Interview Prof. Sebille,education,Master's degree / Professional degree,trust_multidimensional,51.674,45.891,57.456
Interview Prof. Sebille,education,Master's degree / Professional degree,trust_post,50.417,34.345,66.488
Interview Prof. Sebille,education,Doctorate degree / Ph.D.,behavior_mean,54.944,48.193,61.696
Interview Prof. Sebille,education,Doctorate degree / Ph.D.,belief_post,61.444,41.381,81.507
Interview Prof. Sebille,education,Doctorate degree / Ph.D.,concern_mean,52.63,44.252,61.007
Interview Prof. Sebille,education,Doctorate degree / Ph.D.,distrust_post,44.222,31.275,57.169
Interview Prof. Sebille,education,Doctorate degree / Ph.D.,donation_ams,5.222,2.783,7.662
Interview Prof. Sebille,education,Doctorate degree / Ph.D.,funding_perceptions,53.889,39.787,67.99
Interview Prof. Sebille,education,Doctorate degree / Ph.D.,inst_trust_mean,49.956,40.84,59.072
Interview Prof. Sebille,education,Doctorate degree / Ph.D.,newsletter_signup,0.111,-0.094,0.316
Interview Prof. Sebille,education,Doctorate degree / Ph.D.,policy_general,57.222,39.405,75.039
Interview Prof. Sebille,education,Doctorate degree / Ph.D.,policy_role_mean,49.25,40.395,58.105
Interview Prof. Sebille,education,Doctorate degree / Ph.D.,policy_specific_mean,51.651,46.187,57.115
Interview Prof. Sebille,education,Doctorate degree / Ph.D.,trust_multidimensional,52.704,48.902,56.506
Interview Prof. Sebille,education,Doctorate degree / Ph.D.,trust_post,51.556,36.139,66.972
Extreme weather predictions,education,Less than high school,behavior_mean,47.333,40.819,53.848
Extreme weather predictions,education,Less than high school,belief_post,47.333,31.504,63.162
Extreme weather predictions,education,Less than high school,concern_mean,43.926,34.812,53.04
Extreme weather predictions,education,Less than high school,distrust_post,52.778,34.702,70.853
Extreme weather predictions,education,Less than high school,donation_ams,5.222,3.733,6.711
Extreme weather predictions,education,Less than high school,funding_perceptions,49.111,31.939,66.283
Extreme weather predictions,education,Less than high school,inst_trust_mean,47.911,37.003,58.819
Extreme weather predictions,education,Less than high school,newsletter_signup,0.222,-0.049,0.494
Extreme weather predictions,education,Less than high school,policy_general,38.333,22.115,54.552
Extreme weather predictions,education,Less than high school,policy_role_mean,47.528,40.78,54.276
Extreme weather predictions,education,Less than high school,policy_specific_mean,48.19,39.758,56.623
Extreme weather predictions,education,Less than high school,trust_multidimensional,53.806,51.167,56.444
Extreme weather predictions,education,Less than high school,trust_post,49,33.522,64.478
Extreme weather predictions,education,High school diploma / GED,behavior_mean,51.923,45.769,58.077
Extreme weather predictions,education,High school diploma / GED,belief_post,50.615,35.25,65.981
Extreme weather predictions,education,High school diploma / GED,concern_mean,50.026,41.929,58.123
Extreme weather predictions,education,High school diploma / GED,distrust_post,55.462,39.446,71.477
Extreme weather predictions,education,High school diploma / GED,donation_ams,4.154,2.603,5.705
Extreme weather predictions,education,High school diploma / GED,funding_perceptions,47.462,34.465,60.458
Extreme weather predictions,education,High school diploma / GED,inst_trust_mean,50.338,41.845,58.832
Extreme weather predictions,education,High school diploma / GED,newsletter_signup,0.077,-0.068,0.222
Extreme weather predictions,education,High school diploma / GED,policy_general,51.769,39.449,64.09
Extreme weather predictions,education,High school diploma / GED,policy_role_mean,47.519,40.165,54.873
Extreme weather predictions,education,High school diploma / GED,policy_specific_mean,51.055,45.117,56.993
Extreme weather predictions,education,High school diploma / GED,trust_multidimensional,49.885,46.146,53.623
Extreme weather predictions,education,High school diploma / GED,trust_post,56.385,42.351,70.418
Extreme weather predictions,education,Some college or Associate's degree,behavior_mean,49.796,41.934,57.659
Extreme weather predictions,education,Some college or Associate's degree,belief_post,42.444,30.639,54.25
Extreme weather predictions,education,Some college or Associate's degree,concern_mean,49.926,41.416,58.436
Extreme weather predictions,education,Some college or Associate's degree,distrust_post,71.111,52.651,89.571
Extreme weather predictions,education,Some college or Associate's degree,donation_ams,4.778,2.718,6.838
Extreme weather predictions,education,Some college or Associate's degree,funding_perceptions,40.667,25.7,55.633
Extreme weather predictions,education,Some college or Associate's degree,inst_trust_mean,47.711,42.347,53.076
Extreme weather predictions,education,Some college or Associate's degree,newsletter_signup,0.111,-0.094,0.316
Extreme weather predictions,education,Some college or Associate's degree,policy_general,46.111,32.925,59.297
Extreme weather predictions,education,Some college or Associate's degree,policy_role_mean,49.083,39.155,59.012
Extreme weather predictions,education,Some college or Associate's degree,policy_specific_mean,51.254,44.314,58.194
Extreme weather predictions,education,Some college or Associate's degree,trust_multidimensional,47.231,43.574,50.889
Extreme weather predictions,education,Some college or Associate's degree,trust_post,42.111,19.627,64.595
Extreme weather predictions,education,Bachelor's degree,behavior_mean,45.5,36.974,54.026
Extreme weather predictions,education,Bachelor's degree,belief_post,62.444,49.843,75.046
Extreme weather predictions,education,Bachelor's degree,concern_mean,60.519,53.776,67.261
Extreme weather predictions,education,Bachelor's degree,distrust_post,54.444,38.437,70.451
Extreme weather predictions,education,Bachelor's degree,donation_ams,6.222,3.379,9.066
Extreme weather predictions,education,Bachelor's degree,funding_perceptions,38,16.47,59.53
Extreme weather predictions,education,Bachelor's degree,inst_trust_mean,45.711,40.154,51.268
Extreme weather predictions,education,Bachelor's degree,newsletter_signup,0.444,0.12,0.769
Extreme weather predictions,education,Bachelor's degree,policy_general,51.222,29.929,72.515
Extreme weather predictions,education,Bachelor's degree,policy_role_mean,56.25,50.575,61.925
Extreme weather predictions,education,Bachelor's degree,policy_specific_mean,51.254,43.985,58.523
Extreme weather predictions,education,Bachelor's degree,trust_multidimensional,52.25,46.788,57.712
Extreme weather predictions,education,Bachelor's degree,trust_post,45.111,32.474,57.748
Extreme weather predictions,education,Master's degree / Professional degree,behavior_mean,53.389,49.549,57.229
Extreme weather predictions,education,Master's degree / Professional degree,belief_post,54.333,33.868,74.799
Extreme weather predictions,education,Master's degree / Professional degree,concern_mean,53.111,47.333,58.889
Extreme weather predictions,education,Master's degree / Professional degree,distrust_post,53.778,45.014,62.542
Extreme weather predictions,education,Master's degree / Professional degree,donation_ams,3.222,1.241,5.203
Extreme weather predictions,education,Master's degree / Professional degree,funding_perceptions,56.778,45.331,68.224
Extreme weather predictions,education,Master's degree / Professional degree,inst_trust_mean,46.733,39.379,54.087
Extreme weather predictions,education,Master's degree / Professional degree,newsletter_signup,0.111,-0.094,0.316
Extreme weather predictions,education,Master's degree / Professional degree,policy_general,49.889,33.971,65.807
Extreme weather predictions,education,Master's degree / Professional degree,policy_role_mean,56.333,46.66,66.006
Extreme weather predictions,education,Master's degree / Professional degree,policy_specific_mean,56.143,50.393,61.893
Extreme weather predictions,education,Master's degree / Professional degree,trust_multidimensional,47.852,43.931,51.773
Extreme weather predictions,education,Master's degree / Professional degree,trust_post,54.556,40.858,68.253
Extreme weather predictions,education,Doctorate degree / Ph.D.,behavior_mean,49.5,40.876,58.124
Extreme weather predictions,education,Doctorate degree / Ph.D.,belief_post,56.091,39.106,73.076
Extreme weather predictions,education,Doctorate degree / Ph.D.,concern_mean,52.727,42.709,62.745
Extreme weather predictions,education,Doctorate degree / Ph.D.,distrust_post,55.182,42.616,67.748
Extreme weather predictions,education,Doctorate degree / Ph.D.,donation_ams,5.364,3.645,7.082
Extreme weather predictions,education,Doctorate degree / Ph.D.,funding_perceptions,64.818,52.994,76.643
Extreme weather predictions,education,Doctorate degree / Ph.D.,inst_trust_mean,50.8,43.286,58.314
Extreme weather predictions,education,Doctorate degree / Ph.D.,newsletter_signup,0.182,-0.046,0.41
Extreme weather predictions,education,Doctorate degree / Ph.D.,policy_general,40.818,31.919,49.717
Extreme weather predictions,education,Doctorate degree / Ph.D.,policy_role_mean,56.409,50.448,62.371
Extreme weather predictions,education,Doctorate degree / Ph.D.,policy_specific_mean,50.584,45.179,55.99
Extreme weather predictions,education,Doctorate degree / Ph.D.,trust_multidimensional,52.129,47.516,56.742
Extreme weather predictions,education,Doctorate degree / Ph.D.,trust_post,42.455,27.471,57.438
control,income,"Less than $30,000",behavior_mean,45.333,38.015,52.652
control,income,"Less than $30,000",belief_post,55.4,39.944,70.856
control,income,"Less than $30,000",concern_mean,57.767,50.791,64.742
control,income,"Less than $30,000",distrust_post,53.9,40.679,67.121
control,income,"Less than $30,000",donation_ams,5.7,3.493,7.907
control,income,"Less than $30,000",funding_perceptions,54.3,38.566,70.034
control,income,"Less than $30,000",inst_trust_mean,47.92,41.432,54.408
control,income,"Less than $30,000",newsletter_signup,0.1,-0.086,0.286
control,income,"Less than $30,000",policy_general,47.7,34.027,61.373
control,income,"Less than $30,000",policy_role_mean,48.9,40.603,57.197
control,income,"Less than $30,000",policy_specific_mean,50.943,47.218,54.668
control,income,"Less than $30,000",trust_multidimensional,51.742,48.226,55.257
control,income,"Less than $30,000",trust_post,52.8,35.535,70.065
control,income,"$30,000 to $55,999",behavior_mean,50.444,42.45,58.439
control,income,"$30,000 to $55,999",belief_post,68.833,56.258,81.409
control,income,"$30,000 to $55,999",concern_mean,46.417,38.689,54.144
control,income,"$30,000 to $55,999",distrust_post,45.167,30.096,60.237
control,income,"$30,000 to $55,999",donation_ams,6,3.661,8.339
control,income,"$30,000 to $55,999",funding_perceptions,54.833,41.63,68.036
control,income,"$30,000 to $55,999",inst_trust_mean,47.283,41.255,53.312
control,income,"$30,000 to $55,999",newsletter_signup,0.167,-0.044,0.378
control,income,"$30,000 to $55,999",policy_general,53.333,41.464,65.203
control,income,"$30,000 to $55,999",policy_role_mean,47.833,42.084,53.583
control,income,"$30,000 to $55,999",policy_specific_mean,50.095,45.327,54.863
control,income,"$30,000 to $55,999",trust_multidimensional,51.319,47.863,54.776
control,income,"$30,000 to $55,999",trust_post,53.5,38.963,68.037
control,income,"$56,000 to $99,999",behavior_mean,55.712,49.7,61.724
control,income,"$56,000 to $99,999",belief_post,42.364,26.082,58.645
control,income,"$56,000 to $99,999",concern_mean,56.091,49.314,62.867
control,income,"$56,000 to $99,999",distrust_post,47.545,27.593,67.498
control,income,"$56,000 to $99,999",donation_ams,3.455,1.883,5.026
control,income,"$56,000 to $99,999",funding_perceptions,45.091,35.546,54.636
control,income,"$56,000 to $99,999",inst_trust_mean,40.545,31.763,49.328
control,income,"$56,000 to $99,999",newsletter_signup,0.182,-0.046,0.41
control,income,"$56,000 to $99,999",policy_general,34.091,18.535,49.647
control,income,"$56,000 to $99,999",policy_role_mean,46.341,38.416,54.265
control,income,"$56,000 to $99,999",policy_specific_mean,51.662,47.139,56.186
control,income,"$56,000 to $99,999",trust_multidimensional,50.545,47.718,53.373
control,income,"$56,000 to $99,999",trust_post,56.636,42.482,70.791
control,income,"$100,000 to $167,999",behavior_mean,43.449,37.612,49.285
control,income,"$100,000 to $167,999",belief_post,49.538,33.617,65.459
control,income,"$100,000 to $167,999",concern_mean,54.974,47.079,62.87
control,income,"$100,000 to $167,999",distrust_post,37.077,19.415,54.738
control,income,"$100,000 to $167,999",donation_ams,4.308,2.355,6.26
control,income,"$100,000 to $167,999",funding_perceptions,55,42.865,67.135
control,income,"$100,000 to $167,999",inst_trust_mean,49.338,43.892,54.785
control,income,"$100,000 to $167,999",newsletter_signup,0.231,0.002,0.46
control,income,"$100,000 to $167,999",policy_general,51.923,38.98,64.866
control,income,"$100,000 to $167,999",policy_role_mean,47.615,43.098,52.132
control,income,"$100,000 to $167,999",policy_specific_mean,50.505,45.157,55.854
control,income,"$100,000 to $167,999",trust_multidimensional,49.237,47.169,51.305
control,income,"$100,000 to $167,999",trust_post,56.769,44.381,69.158
control,income,"$168,000 or more",behavior_mean,47.25,41.5,53
control,income,"$168,000 or more",belief_post,44.786,34.815,54.757
control,income,"$168,000 or more",concern_mean,51.69,43.477,59.903
control,income,"$168,000 or more",distrust_post,59,45.232,72.768
control,income,"$168,000 or more",donation_ams,3.929,2.574,5.283
control,income,"$168,000 or more",funding_perceptions,57.214,44.278,70.151
control,income,"$168,000 or more",inst_trust_mean,45.8,39.167,52.433
control,income,"$168,000 or more",newsletter_signup,0.143,-0.04,0.326
control,income,"$168,000 or more",policy_general,35.071,22.334,47.809
control,income,"$168,000 or more",policy_role_mean,56.25,49.361,63.139
control,income,"$168,000 or more",policy_specific_mean,50.959,45.235,56.683
control,income,"$168,000 or more",trust_multidimensional,50.435,45.548,55.321
control,income,"$168,000 or more",trust_post,41.429,25.721,57.136
Corporate reliance,income,"Less than $30,000",behavior_mean,52.238,45.436,59.04
Corporate reliance,income,"Less than $30,000",belief_post,45.429,28.161,62.696
Corporate reliance,income,"Less than $30,000",concern_mean,60.952,52.457,69.447
Corporate reliance,income,"Less than $30,000",distrust_post,54,32.166,75.834
Corporate reliance,income,"Less than $30,000",donation_ams,6.143,4.762,7.524
Corporate reliance,income,"Less than $30,000",funding_perceptions,56.571,42.706,70.436
Corporate reliance,income,"Less than $30,000",inst_trust_mean,54.514,46.473,62.555
Corporate reliance,income,"Less than $30,000",newsletter_signup,0.429,0.062,0.795
Corporate reliance,income,"Less than $30,000",policy_general,57.286,34.993,79.579
Corporate reliance,income,"Less than $30,000",policy_role_mean,42.929,32.45,53.407
Corporate reliance,income,"Less than $30,000",policy_specific_mean,50.776,42.617,58.934
Corporate reliance,income,"Less than $30,000",trust_multidimensional,47.31,42.776,51.843
Corporate reliance,income,"Less than $30,000",trust_post,41.714,26.171,57.258
Corporate reliance,income,"$30,000 to $55,999",behavior_mean,47.926,39.066,56.786
Corporate reliance,income,"$30,000 to $55,999",belief_post,43.444,23.336,63.553
Corporate reliance,income,"$30,000 to $55,999",concern_mean,53.815,48.632,58.997
Corporate reliance,income,"$30,000 to $55,999",distrust_post,56.556,36.165,76.946
Corporate reliance,income,"$30,000 to $55,999",donation_ams,5.444,3.682,7.207
Corporate reliance,income,"$30,000 to $55,999",funding_perceptions,54.889,38.623,71.155
Corporate reliance,income,"$30,000 to $55,999",inst_trust_mean,54.311,44.047,64.575
Corporate reliance,income,"$30,000 to $55,999",newsletter_signup,0.444,0.12,0.769
Corporate reliance,income,"$30,000 to $55,999",policy_general,45.444,29.381,61.508
Corporate reliance,income,"$30,000 to $55,999",policy_role_mean,53.972,42.301,65.644
Corporate reliance,income,"$30,000 to $55,999",policy_specific_mean,52.302,47.866,56.737
Corporate reliance,income,"$30,000 to $55,999",trust_multidimensional,47.722,42.997,52.448
Corporate reliance,income,"$30,000 to $55,999",trust_post,48.667,32.524,64.809
Corporate reliance,income,"$56,000 to $99,999",behavior_mean,50.069,43.949,56.19
Corporate reliance,income,"$56,000 to $99,999",belief_post,46.333,33.09,59.577
Corporate reliance,income,"$56,000 to $99,999",concern_mean,49.667,38.132,61.202
Corporate reliance,income,"$56,000 to $99,999",distrust_post,33.75,17.089,50.411
Corporate reliance,income,"$56,000 to $99,999",donation_ams,5.583,4.274,6.893
Corporate reliance,income,"$56,000 to $99,999",funding_perceptions,47.083,32.437,61.73
Corporate reliance,income,"$56,000 to $99,999",inst_trust_mean,52.383,47.953,56.813
Corporate reliance,income,"$56,000 to $99,999",newsletter_signup,0.333,0.067,0.6
Corporate reliance,income,"$56,000 to $99,999",policy_general,54.5,36.565,72.435
Corporate reliance,income,"$56,000 to $99,999",policy_role_mean,49.979,45.577,54.382
Corporate reliance,income,"$56,000 to $99,999",policy_specific_mean,51.238,44.628,57.848
Corporate reliance,income,"$56,000 to $99,999",trust_multidimensional,50.833,48.363,53.304
Corporate reliance,income,"$56,000 to $99,999",trust_post,49.75,33.988,65.512
Corporate reliance,income,"$100,000 to $167,999",behavior_mean,49.867,42.91,56.823
Corporate reliance,income,"$100,000 to $167,999",belief_post,41.7,21.291,62.109
Corporate reliance,income,"$100,000 to $167,999",concern_mean,43.933,37.876,49.99
Corporate reliance,income,"$100,000 to $167,999",distrust_post,43.3,22.675,63.925
Corporate reliance,income,"$100,000 to $167,999",donation_ams,3.5,1.016,5.984
Corporate reliance,income,"$100,000 to $167,999",funding_perceptions,47.6,35.67,59.53
Corporate reliance,income,"$100,000 to $167,999",inst_trust_mean,51.04,42.048,60.032
Corporate reliance,income,"$100,000 to $167,999",newsletter_signup,0.2,-0.048,0.448
Corporate reliance,income,"$100,000 to $167,999",policy_general,38,25.833,50.167
Corporate reliance,income,"$100,000 to $167,999",policy_role_mean,52.95,45.233,60.667
Corporate reliance,income,"$100,000 to $167,999",policy_specific_mean,48.457,40.866,56.048
Corporate reliance,income,"$100,000 to $167,999",trust_multidimensional,52.4,48.421,56.379
Corporate reliance,income,"$100,000 to $167,999",trust_post,48.5,35.18,61.82
Corporate reliance,income,"$168,000 or more",behavior_mean,44.098,39.384,48.813
Corporate reliance,income,"$168,000 or more",belief_post,50,34.616,65.384
Corporate reliance,income,"$168,000 or more",concern_mean,53.242,44.952,61.533
Corporate reliance,income,"$168,000 or more",distrust_post,46.182,36.592,55.771
Corporate reliance,income,"$168,000 or more",donation_ams,5,3.611,6.389
Corporate reliance,income,"$168,000 or more",funding_perceptions,45.455,34.036,56.874
Corporate reliance,income,"$168,000 or more",inst_trust_mean,51.255,45.367,57.142
Corporate reliance,income,"$168,000 or more",newsletter_signup,0.273,0.087,0.459
Corporate reliance,income,"$168,000 or more",policy_general,50.5,38.745,62.255
Corporate reliance,income,"$168,000 or more",policy_role_mean,48.352,43.463,53.241
Corporate reliance,income,"$168,000 or more",policy_specific_mean,47.162,43.224,51.101
Corporate reliance,income,"$168,000 or more",trust_multidimensional,51.337,47.995,54.68
Corporate reliance,income,"$168,000 or more",trust_post,45.182,32.575,57.789
Social justice,income,"Less than $30,000",behavior_mean,49.198,44.818,53.578
Social justice,income,"Less than $30,000",belief_post,51.312,37.418,65.207
Social justice,income,"Less than $30,000",concern_mean,54.188,47.37,61.005
Social justice,income,"Less than $30,000",distrust_post,57.812,46.784,68.841
Social justice,income,"Less than $30,000",donation_ams,5.375,3.979,6.771
Social justice,income,"Less than $30,000",funding_perceptions,40.938,29.931,51.944
Social justice,income,"Less than $30,000",inst_trust_mean,49.962,43.276,56.649
Social justice,income,"Less than $30,000",newsletter_signup,0.125,-0.037,0.287
Social justice,income,"Less than $30,000",policy_general,53.938,41.791,66.084
Social justice,income,"Less than $30,000",policy_role_mean,48.484,41.006,55.963
Social justice,income,"Less than $30,000",policy_specific_mean,48.714,44.84,52.588
Social justice,income,"Less than $30,000",trust_multidimensional,49.953,46.32,53.587
Social justice,income,"Less than $30,000",trust_post,41.312,29.107,53.518
Social justice,income,"$30,000 to $55,999",behavior_mean,47.893,43.31,52.476
Social justice,income,"$30,000 to $55,999",belief_post,53.643,36.082,71.203
Social justice,income,"$30,000 to $55,999",concern_mean,49.095,41.693,56.498
Social justice,income,"$30,000 to $55,999",distrust_post,50.643,41.157,60.129
Social justice,income,"$30,000 to $55,999",donation_ams,4.714,3.13,6.298
Social justice,income,"$30,000 to $55,999",funding_perceptions,57.857,50.131,65.583
Social justice,income,"$30,000 to $55,999",inst_trust_mean,51.243,45.557,56.929
Social justice,income,"$30,000 to $55,999",newsletter_signup,0.143,-0.04,0.326
Social justice,income,"$30,000 to $55,999",policy_general,49.571,35.106,64.037
Social justice,income,"$30,000 to $55,999",policy_role_mean,52.357,46.209,58.505
Social justice,income,"$30,000 to $55,999",policy_specific_mean,46.378,40.824,51.931
Social justice,income,"$30,000 to $55,999",trust_multidimensional,51.565,47.273,55.858
Social justice,income,"$30,000 to $55,999",trust_post,53.357,40.451,66.263
Social justice,income,"$56,000 to $99,999",behavior_mean,42.267,32.162,52.371
Social justice,income,"$56,000 to $99,999",belief_post,42,19.973,64.027
Social justice,income,"$56,000 to $99,999",concern_mean,44.733,40.153,49.313
Social justice,income,"$56,000 to $99,999",distrust_post,58.4,33.868,82.932
Social justice,income,"$56,000 to $99,999",donation_ams,4.6,3.008,6.192
Social justice,income,"$56,000 to $99,999",funding_perceptions,22.8,2.856,42.744
Social justice,income,"$56,000 to $99,999",inst_trust_mean,48.76,34.556,62.964
Social justice,income,"$56,000 to $99,999",newsletter_signup,0.2,-0.151,0.551
Social justice,income,"$56,000 to $99,999",policy_general,45,19.709,70.291
Social justice,income,"$56,000 to $99,999",policy_role_mean,48.5,31.843,65.157
Social justice,income,"$56,000 to $99,999",policy_specific_mean,47.829,39.098,56.559
Social justice,income,"$56,000 to $99,999",trust_multidimensional,52.167,48.533,55.8
Social justice,income,"$56,000 to $99,999",trust_post,41.6,17.123,66.077
Social justice,income,"$100,000 to $167,999",behavior_mean,51.176,45.33,57.023
Social justice,income,"$100,000 to $167,999",belief_post,51.471,37.786,65.156
Social justice,income,"$100,000 to $167,999",concern_mean,43.961,38.294,49.628
Social justice,income,"$100,000 to $167,999",distrust_post,44,29.683,58.317
Social justice,income,"$100,000 to $167,999",donation_ams,4.765,3.096,6.433
Social justice,income,"$100,000 to $167,999",funding_perceptions,46.588,33.511,59.665
Social justice,income,"$100,000 to $167,999",inst_trust_mean,47.976,43.455,52.498
Social justice,income,"$100,000 to $167,999",newsletter_signup,0.412,0.178,0.646
Social justice,income,"$100,000 to $167,999",policy_general,57.588,44.413,70.763
Social justice,income,"$100,000 to $167,999",policy_role_mean,48.015,43.422,52.607
Social justice,income,"$100,000 to $167,999",policy_specific_mean,51.008,47.785,54.232
Social justice,income,"$100,000 to $167,999",trust_multidimensional,52.417,49.014,55.82
Social justice,income,"$100,000 to $167,999",trust_post,51.059,35.924,66.194
Social justice,income,"$168,000 or more",behavior_mean,58.188,48.598,67.777
Social justice,income,"$168,000 or more",belief_post,40.125,19.782,60.468
Social justice,income,"$168,000 or more",concern_mean,52.708,42.662,62.754
Social justice,income,"$168,000 or more",distrust_post,48.75,33.655,63.845
Social justice,income,"$168,000 or more",donation_ams,3.375,0.976,5.774
Social justice,income,"$168,000 or more",funding_perceptions,60.5,40.844,80.156
Social justice,income,"$168,000 or more",inst_trust_mean,48.175,39.754,56.596
Social justice,income,"$168,000 or more",newsletter_signup,0,0,0
Social justice,income,"$168,000 or more",policy_general,52.125,31.982,72.268
Social justice,income,"$168,000 or more",policy_role_mean,45.594,37.359,53.829
Social justice,income,"$168,000 or more",policy_specific_mean,54.821,48.992,60.651
Social justice,income,"$168,000 or more",trust_multidimensional,56.083,51.586,60.581
Social justice,income,"$168,000 or more",trust_post,73.875,49.866,97.884
Interview Prof. Maraun,income,"Less than $30,000",behavior_mean,53.346,48.098,58.594
Interview Prof. Maraun,income,"Less than $30,000",belief_post,51.462,35.239,67.684
Interview Prof. Maraun,income,"Less than $30,000",concern_mean,49.436,42.459,56.413
Interview Prof. Maraun,income,"Less than $30,000",distrust_post,50.538,34.051,67.026
Interview Prof. Maraun,income,"Less than $30,000",donation_ams,3.538,1.96,5.117
Interview Prof. Maraun,income,"Less than $30,000",funding_perceptions,56.231,42.069,70.393
Interview Prof. Maraun,income,"Less than $30,000",inst_trust_mean,54.446,48.388,60.505
Interview Prof. Maraun,income,"Less than $30,000",newsletter_signup,0.308,0.057,0.559
Interview Prof. Maraun,income,"Less than $30,000",policy_general,58.231,43.531,72.93
Interview Prof. Maraun,income,"Less than $30,000",policy_role_mean,49.846,42.787,56.905
Interview Prof. Maraun,income,"Less than $30,000",policy_specific_mean,45.22,38.829,51.61
Interview Prof. Maraun,income,"Less than $30,000",trust_multidimensional,50.276,46.993,53.558
Interview Prof. Maraun,income,"Less than $30,000",trust_post,46.769,38.088,55.45
Interview Prof. Maraun,income,"$30,000 to $55,999",behavior_mean,52.222,44.901,59.544
Interview Prof. Maraun,income,"$30,000 to $55,999",belief_post,48.889,35.747,62.031
Interview Prof. Maraun,income,"$30,000 to $55,999",concern_mean,51.444,38.931,63.958
Interview Prof. Maraun,income,"$30,000 to $55,999",distrust_post,54.778,42.565,66.991
Interview Prof. Maraun,income,"$30,000 to $55,999",donation_ams,4.111,1.791,6.431
Interview Prof. Maraun,income,"$30,000 to $55,999",funding_perceptions,40.556,27.11,54.001
Interview Prof. Maraun,income,"$30,000 to $55,999",inst_trust_mean,56.844,47.489,66.2
Interview Prof. Maraun,income,"$30,000 to $55,999",newsletter_signup,0.333,0.025,0.641
Interview Prof. Maraun,income,"$30,000 to $55,999",policy_general,40.556,20.723,60.389
Interview Prof. Maraun,income,"$30,000 to $55,999",policy_role_mean,49.833,41.484,58.183
Interview Prof. Maraun,income,"$30,000 to $55,999",policy_specific_mean,53.476,49.055,57.897
Interview Prof. Maraun,income,"$30,000 to $55,999",trust_multidimensional,51.704,47.617,55.79
Interview Prof. Maraun,income,"$30,000 to $55,999",trust_post,46,21.294,70.706
Interview Prof. Maraun,income,"$56,000 to $99,999",behavior_mean,53.095,48.55,57.64
Interview Prof. Maraun,income,"$56,000 to $99,999",belief_post,59.429,47.997,70.86
Interview Prof. Maraun,income,"$56,000 to $99,999",concern_mean,48.262,41.271,55.253
Interview Prof. Maraun,income,"$56,000 to $99,999",distrust_post,42.214,29.718,54.711
Interview Prof. Maraun,income,"$56,000 to $99,999",donation_ams,6.214,4.581,7.847
Interview Prof. Maraun,income,"$56,000 to $99,999",funding_perceptions,43.071,27.282,58.861
Interview Prof. Maraun,income,"$56,000 to $99,999",inst_trust_mean,53.014,47.955,58.074
Interview Prof. Maraun,income,"$56,000 to $99,999",newsletter_signup,0.071,-0.063,0.206
Interview Prof. Maraun,income,"$56,000 to $99,999",policy_general,42.929,28.73,57.127
Interview Prof. Maraun,income,"$56,000 to $99,999",policy_role_mean,53.339,47.772,58.907
Interview Prof. Maraun,income,"$56,000 to $99,999",policy_specific_mean,48.092,44.06,52.124
Interview Prof. Maraun,income,"$56,000 to $99,999",trust_multidimensional,51.554,47.698,55.41
Interview Prof. Maraun,income,"$56,000 to $99,999",trust_post,49.429,35.384,63.474
Interview Prof. Maraun,income,"$100,000 to $167,999",behavior_mean,47.712,39.498,55.926
Interview Prof. Maraun,income,"$100,000 to $167,999",belief_post,61,45.329,76.671
Interview Prof. Maraun,income,"$100,000 to $167,999",concern_mean,50.091,40.213,59.969
Interview Prof. Maraun,income,"$100,000 to $167,999",distrust_post,57.182,36.721,77.643
Interview Prof. Maraun,income,"$100,000 to $167,999",donation_ams,6.636,4.8,8.473
Interview Prof. Maraun,income,"$100,000 to $167,999",funding_perceptions,68.091,56.156,80.026
Interview Prof. Maraun,income,"$100,000 to $167,999",inst_trust_mean,48.4,39.02,57.78
Interview Prof. Maraun,income,"$100,000 to $167,999",newsletter_signup,0.182,-0.046,0.41
Interview Prof. Maraun,income,"$100,000 to $167,999",policy_general,61.636,47.117,76.156
Interview Prof. Maraun,income,"$100,000 to $167,999",policy_role_mean,45.386,37.606,53.167
Interview Prof. Maraun,income,"$100,000 to $167,999",policy_specific_mean,51.701,46.167,57.236
Interview Prof. Maraun,income,"$100,000 to $167,999",trust_multidimensional,50.318,46.368,54.269
Interview Prof. Maraun,income,"$100,000 to $167,999",trust_post,51.364,33.689,69.038
Interview Prof. Maraun,income,"$168,000 or more",behavior_mean,49.41,42.899,55.922
Interview Prof. Maraun,income,"$168,000 or more",belief_post,38.077,24.471,51.682
Interview Prof. Maraun,income,"$168,000 or more",concern_mean,49.718,42.294,57.142
Interview Prof. Maraun,income,"$168,000 or more",distrust_post,54,38.392,69.608
Interview Prof. Maraun,income,"$168,000 or more",donation_ams,4.615,3.053,6.177
Interview Prof. Maraun,income,"$168,000 or more",funding_perceptions,44.692,26.417,62.968
Interview Prof. Maraun,income,"$168,000 or more",inst_trust_mean,50.954,45.53,56.378
Interview Prof. Maraun,income,"$168,000 or more",newsletter_signup,0,0,0
Interview Prof. Maraun,income,"$168,000 or more",policy_general,49.231,33.549,64.913
Interview Prof. Maraun,income,"$168,000 or more",policy_role_mean,53.308,48.556,58.059
Interview Prof. Maraun,income,"$168,000 or more",policy_specific_mean,52.527,47.243,57.812
Interview Prof. Maraun,income,"$168,000 or more",trust_multidimensional,49.179,44.13,54.229
Interview Prof. Maraun,income,"$168,000 or more",trust_post,43.538,29.449,57.628
Funding,income,"Less than $30,000",behavior_mean,48.19,39.264,57.117
Funding,income,"Less than $30,000",belief_post,45.571,21.389,69.754
Funding,income,"Less than $30,000",concern_mean,44.333,34.133,54.534
Funding,income,"Less than $30,000",distrust_post,42.429,17.548,67.309
Funding,income,"Less than $30,000",donation_ams,4.571,2.01,7.133
Funding,income,"Less than $30,000",funding_perceptions,50.571,42.571,58.571
Funding,income,"Less than $30,000",inst_trust_mean,38.114,26.324,49.904
Funding,income,"Less than $30,000",newsletter_signup,0.286,-0.049,0.62
Funding,income,"Less than $30,000",policy_general,47.429,26.651,68.206
Funding,income,"Less than $30,000",policy_role_mean,48.393,40.803,55.982
Funding,income,"Less than $30,000",policy_specific_mean,47.673,43.097,52.25
Funding,income,"Less than $30,000",trust_multidimensional,57.952,54.549,61.356
Funding,income,"Less than $30,000",trust_post,36.857,8.78,64.935
Funding,income,"$30,000 to $55,999",behavior_mean,50.683,45.549,55.818
Funding,income,"$30,000 to $55,999",belief_post,40.6,25.471,55.729
Funding,income,"$30,000 to $55,999",concern_mean,44.433,34.713,54.154
Funding,income,"$30,000 to $55,999",distrust_post,57.5,44.567,70.433
Funding,income,"$30,000 to $55,999",donation_ams,5.3,3.361,7.239
Funding,income,"$30,000 to $55,999",funding_perceptions,55.2,33.459,76.941
Funding,income,"$30,000 to $55,999",inst_trust_mean,45.44,39.245,51.635
Funding,income,"$30,000 to $55,999",newsletter_signup,0.1,-0.086,0.286
Funding,income,"$30,000 to $55,999",policy_general,45.5,25.769,65.231
Funding,income,"$30,000 to $55,999",policy_role_mean,52.225,41.846,62.604
Funding,income,"$30,000 to $55,999",policy_specific_mean,52.343,47.132,57.554
Funding,income,"$30,000 to $55,999",trust_multidimensional,49.642,44.709,54.574
Funding,income,"$30,000 to $55,999",trust_post,43.3,31.991,54.609
Funding,income,"$56,000 to $99,999",behavior_mean,49.803,46.225,53.381
Funding,income,"$56,000 to $99,999",belief_post,59.136,47.444,70.828
Funding,income,"$56,000 to $99,999",concern_mean,49.864,44.567,55.16
Funding,income,"$56,000 to $99,999",distrust_post,52.682,42.328,63.036
Funding,income,"$56,000 to $99,999",donation_ams,5.045,3.66,6.431
Funding,income,"$56,000 to $99,999",funding_perceptions,53.182,43.536,62.828
Funding,income,"$56,000 to $99,999",inst_trust_mean,51.355,47.735,54.974
Funding,income,"$56,000 to $99,999",newsletter_signup,0.273,0.087,0.459
Funding,income,"$56,000 to $99,999",policy_general,45.864,33.698,58.03
Funding,income,"$56,000 to $99,999",policy_role_mean,49.705,44.69,54.719
Funding,income,"$56,000 to $99,999",policy_specific_mean,51.026,46.753,55.299
Funding,income,"$56,000 to $99,999",trust_multidimensional,51.049,47.614,54.485
Funding,income,"$56,000 to $99,999",trust_post,50.545,39.434,61.657
Funding,income,"$100,000 to $167,999",behavior_mean,52.167,44.498,59.835
Funding,income,"$100,000 to $167,999",belief_post,61.143,38.57,83.716
Funding,income,"$100,000 to $167,999",concern_mean,51.19,37.683,64.698
Funding,income,"$100,000 to $167,999",distrust_post,48,26.393,69.607
Funding,income,"$100,000 to $167,999",donation_ams,4.571,1.521,7.622
Funding,income,"$100,000 to $167,999",funding_perceptions,50.286,25.333,75.239
Funding,income,"$100,000 to $167,999",inst_trust_mean,54,45.295,62.705
Funding,income,"$100,000 to $167,999",newsletter_signup,0.143,-0.116,0.402
Funding,income,"$100,000 to $167,999",policy_general,47,28.031,65.969
Funding,income,"$100,000 to $167,999",policy_role_mean,55.857,47.15,64.564
Funding,income,"$100,000 to $167,999",policy_specific_mean,44.612,36.737,52.488
Funding,income,"$100,000 to $167,999",trust_multidimensional,53.833,50.372,57.295
Funding,income,"$100,000 to $167,999",trust_post,44.857,16.979,72.735
Funding,income,"$168,000 or more",behavior_mean,50.381,45.676,55.086
Funding,income,"$168,000 or more",belief_post,56.5,45.249,67.751
Funding,income,"$168,000 or more",concern_mean,52.31,43.974,60.646
Funding,income,"$168,000 or more",distrust_post,61.714,53.438,69.99
Funding,income,"$168,000 or more",donation_ams,6.714,4.954,8.475
Funding,income,"$168,000 or more",funding_perceptions,53.143,37.404,68.882
Funding,income,"$168,000 or more",inst_trust_mean,48.6,40.928,56.272
Funding,income,"$168,000 or more",newsletter_signup,0.143,-0.04,0.326
Funding,income,"$168,000 or more",policy_general,54.643,38.087,71.198
Funding,income,"$168,000 or more",policy_role_mean,49.339,40.817,57.862
Funding,income,"$168,000 or more",policy_specific_mean,54.408,49.519,59.298
Funding,income,"$168,000 or more",trust_multidimensional,51.786,46.322,57.25
Funding,income,"$168,000 or more",trust_post,56.143,41.195,71.091
Oil industry misinformation,income,"Less than $30,000",behavior_mean,44.85,40.47,49.23
Oil industry misinformation,income,"Less than $30,000",belief_post,44.8,30.679,58.921
Oil industry misinformation,income,"Less than $30,000",concern_mean,53.933,43.678,64.189
Oil industry misinformation,income,"Less than $30,000",distrust_post,61.6,44.56,78.64
Oil industry misinformation,income,"Less than $30,000",donation_ams,4,2.322,5.678
Oil industry misinformation,income,"Less than $30,000",funding_perceptions,48.8,35.491,62.109
Oil industry misinformation,income,"Less than $30,000",inst_trust_mean,48.08,39.469,56.691
Oil industry misinformation,income,"Less than $30,000",newsletter_signup,0.1,-0.086,0.286
Oil industry misinformation,income,"Less than $30,000",policy_general,58.8,36.284,81.316
Oil industry misinformation,income,"Less than $30,000",policy_role_mean,47.675,39.171,56.179
Oil industry misinformation,income,"Less than $30,000",policy_specific_mean,47.586,42.409,52.762
Oil industry misinformation,income,"Less than $30,000",trust_multidimensional,49.642,44.825,54.458
Oil industry misinformation,income,"Less than $30,000",trust_post,50.9,34.944,66.856
Oil industry misinformation,income,"$30,000 to $55,999",behavior_mean,51.373,46.145,56.6
Oil industry misinformation,income,"$30,000 to $55,999",belief_post,54.059,37.513,70.604
Oil industry misinformation,income,"$30,000 to $55,999",concern_mean,52.078,42.705,61.452
Oil industry misinformation,income,"$30,000 to $55,999",distrust_post,56.706,47.282,66.129
Oil industry misinformation,income,"$30,000 to $55,999",donation_ams,6.059,4.658,7.46
Oil industry misinformation,income,"$30,000 to $55,999",funding_perceptions,57.941,45.231,70.652
Oil industry misinformation,income,"$30,000 to $55,999",inst_trust_mean,42.694,37.142,48.247
Oil industry misinformation,income,"$30,000 to $55,999",newsletter_signup,0.176,-0.005,0.358
Oil industry misinformation,income,"$30,000 to $55,999",policy_general,51.647,40.209,63.086
Oil industry misinformation,income,"$30,000 to $55,999",policy_role_mean,47.324,41.811,52.837
Oil industry misinformation,income,"$30,000 to $55,999",policy_specific_mean,50.084,45.122,55.046
Oil industry misinformation,income,"$30,000 to $55,999",trust_multidimensional,45.426,42.579,48.274
Oil industry misinformation,income,"$30,000 to $55,999",trust_post,42.412,32.231,52.592
Oil industry misinformation,income,"$56,000 to $99,999",behavior_mean,45.152,39.181,51.122
Oil industry misinformation,income,"$56,000 to $99,999",belief_post,38.727,24.89,52.564
Oil industry misinformation,income,"$56,000 to $99,999",concern_mean,47.788,38.741,56.835
Oil industry misinformation,income,"$56,000 to $99,999",distrust_post,51.545,32.169,70.922
Oil industry misinformation,income,"$56,000 to $99,999",donation_ams,3.818,1.897,5.739
Oil industry misinformation,income,"$56,000 to $99,999",funding_perceptions,42.545,26.311,58.78
Oil industry misinformation,income,"$56,000 to $99,999",inst_trust_mean,49.018,43.848,54.188
Oil industry misinformation,income,"$56,000 to $99,999",newsletter_signup,0.091,-0.079,0.261
Oil industry misinformation,income,"$56,000 to $99,999",policy_general,44.727,28.453,61.002
Oil industry misinformation,income,"$56,000 to $99,999",policy_role_mean,47.568,38.199,56.937
Oil industry misinformation,income,"$56,000 to $99,999",policy_specific_mean,48.416,44.066,52.765
Oil industry misinformation,income,"$56,000 to $99,999",trust_multidimensional,47.985,44.212,51.758
Oil industry misinformation,income,"$56,000 to $99,999",trust_post,57.182,42.546,71.818
Oil industry misinformation,income,"$100,000 to $167,999",behavior_mean,48.379,42.314,54.444
Oil industry misinformation,income,"$100,000 to $167,999",belief_post,52.455,31.104,73.805
Oil industry misinformation,income,"$100,000 to $167,999",concern_mean,52.818,44.967,60.669
Oil industry misinformation,income,"$100,000 to $167,999",distrust_post,56.273,36.448,76.098
Oil industry misinformation,income,"$100,000 to $167,999",donation_ams,4.727,3.075,6.38
Oil industry misinformation,income,"$100,000 to $167,999",funding_perceptions,48.455,36.622,60.287
Oil industry misinformation,income,"$100,000 to $167,999",inst_trust_mean,46.345,41.454,51.237
Oil industry misinformation,income,"$100,000 to $167,999",newsletter_signup,0.273,0.01,0.536
Oil industry misinformation,income,"$100,000 to $167,999",policy_general,46.364,29.918,62.81
Oil industry misinformation,income,"$100,000 to $167,999",policy_role_mean,51.364,42.703,60.024
Oil industry misinformation,income,"$100,000 to $167,999",policy_specific_mean,52.429,45.182,59.675
Oil industry misinformation,income,"$100,000 to $167,999",trust_multidimensional,51.258,48.132,54.383
Oil industry misinformation,income,"$100,000 to $167,999",trust_post,59.818,44.172,75.464
Oil industry misinformation,income,"$168,000 or more",behavior_mean,48.985,43.713,54.257
Oil industry misinformation,income,"$168,000 or more",belief_post,43.364,28.736,57.991
Oil industry misinformation,income,"$168,000 or more",concern_mean,44.636,37.892,51.381
Oil industry misinformation,income,"$168,000 or more",distrust_post,60.545,47.442,73.649
Oil industry misinformation,income,"$168,000 or more",donation_ams,3.364,1.686,5.041
Oil industry misinformation,income,"$168,000 or more",funding_perceptions,45.364,28.244,62.484
Oil industry misinformation,income,"$168,000 or more",inst_trust_mean,49.873,43.515,56.23
Oil industry misinformation,income,"$168,000 or more",newsletter_signup,0.091,-0.079,0.261
Oil industry misinformation,income,"$168,000 or more",policy_general,41.636,23.854,59.419
Oil industry misinformation,income,"$168,000 or more",policy_role_mean,44,39.031,48.969
Oil industry misinformation,income,"$168,000 or more",policy_specific_mean,52.039,46.51,57.567
Oil industry misinformation,income,"$168,000 or more",trust_multidimensional,47.432,41.944,52.92
Oil industry misinformation,income,"$168,000 or more",trust_post,39.091,26.286,51.896
Measurement & modeling (1),income,"Less than $30,000",behavior_mean,46.528,41.598,51.457
Measurement & modeling (1),income,"Less than $30,000",belief_post,43.333,34.095,52.572
Measurement & modeling (1),income,"Less than $30,000",concern_mean,50.806,42.524,59.087
Measurement & modeling (1),income,"Less than $30,000",distrust_post,43,25.085,60.915
Measurement & modeling (1),income,"Less than $30,000",donation_ams,5.833,4.047,7.62
Measurement & modeling (1),income,"Less than $30,000",funding_perceptions,41.25,34.093,48.407
Measurement & modeling (1),income,"Less than $30,000",inst_trust_mean,47.5,42.207,52.793
Measurement & modeling (1),income,"Less than $30,000",newsletter_signup,0.167,-0.044,0.378
Measurement & modeling (1),income,"Less than $30,000",policy_general,50.417,35.291,65.542
Measurement & modeling (1),income,"Less than $30,000",policy_role_mean,54.854,43.849,65.86
Measurement & modeling (1),income,"Less than $30,000",policy_specific_mean,52.976,46.317,59.635
Measurement & modeling (1),income,"Less than $30,000",trust_multidimensional,48.653,45.03,52.275
Measurement & modeling (1),income,"Less than $30,000",trust_post,59.667,46.651,72.682
Measurement & modeling (1),income,"$30,000 to $55,999",behavior_mean,44.397,40.03,48.765
Measurement & modeling (1),income,"$30,000 to $55,999",belief_post,61.154,49.529,72.779
Measurement & modeling (1),income,"$30,000 to $55,999",concern_mean,48.974,41.178,56.77
Measurement & modeling (1),income,"$30,000 to $55,999",distrust_post,56.615,42.642,70.589
Measurement & modeling (1),income,"$30,000 to $55,999",donation_ams,7.308,5.829,8.786
Measurement & modeling (1),income,"$30,000 to $55,999",funding_perceptions,51.462,34.596,68.327
Measurement & modeling (1),income,"$30,000 to $55,999",inst_trust_mean,50.554,43.955,57.153
Measurement & modeling (1),income,"$30,000 to $55,999",newsletter_signup,0.308,0.057,0.559
Measurement & modeling (1),income,"$30,000 to $55,999",policy_general,48.231,34.329,62.133
Measurement & modeling (1),income,"$30,000 to $55,999",policy_role_mean,51.385,42.799,59.97
Measurement & modeling (1),income,"$30,000 to $55,999",policy_specific_mean,50.352,45.163,55.54
Measurement & modeling (1),income,"$30,000 to $55,999",trust_multidimensional,48.013,43.754,52.272
Measurement & modeling (1),income,"$30,000 to $55,999",trust_post,33.692,16.544,50.84
Measurement & modeling (1),income,"$56,000 to $99,999",behavior_mean,47.405,43.515,51.294
Measurement & modeling (1),income,"$56,000 to $99,999",belief_post,45.429,33.678,57.179
Measurement & modeling (1),income,"$56,000 to $99,999",concern_mean,45.238,36.414,54.063
Measurement & modeling (1),income,"$56,000 to $99,999",distrust_post,44.071,32.515,55.628
Measurement & modeling (1),income,"$56,000 to $99,999",donation_ams,4.571,2.97,6.172
Measurement & modeling (1),income,"$56,000 to $99,999",funding_perceptions,64,50.881,77.119
Measurement & modeling (1),income,"$56,000 to $99,999",inst_trust_mean,48.943,42.685,55.2
Measurement & modeling (1),income,"$56,000 to $99,999",newsletter_signup,0.286,0.049,0.522
Measurement & modeling (1),income,"$56,000 to $99,999",policy_general,53.429,36.713,70.144
Measurement & modeling (1),income,"$56,000 to $99,999",policy_role_mean,45.857,37.521,54.193
Measurement & modeling (1),income,"$56,000 to $99,999",policy_specific_mean,48.143,42.905,53.38
Measurement & modeling (1),income,"$56,000 to $99,999",trust_multidimensional,50.327,46.333,54.322
Measurement & modeling (1),income,"$56,000 to $99,999",trust_post,38.429,25.429,51.428
Measurement & modeling (1),income,"$100,000 to $167,999",behavior_mean,52.619,42.365,62.874
Measurement & modeling (1),income,"$100,000 to $167,999",belief_post,44.143,28.595,59.691
Measurement & modeling (1),income,"$100,000 to $167,999",concern_mean,46.952,38.401,55.503
Measurement & modeling (1),income,"$100,000 to $167,999",distrust_post,62.714,52.041,73.387
Measurement & modeling (1),income,"$100,000 to $167,999",donation_ams,5.286,2.954,7.617
Measurement & modeling (1),income,"$100,000 to $167,999",funding_perceptions,18.286,11.433,25.139
Measurement & modeling (1),income,"$100,000 to $167,999",inst_trust_mean,48.771,36.717,60.826
Measurement & modeling (1),income,"$100,000 to $167,999",newsletter_signup,0.286,-0.049,0.62
Measurement & modeling (1),income,"$100,000 to $167,999",policy_general,70.143,53.575,86.71
Measurement & modeling (1),income,"$100,000 to $167,999",policy_role_mean,44.75,39.173,50.327
Measurement & modeling (1),income,"$100,000 to $167,999",policy_specific_mean,56.122,45.854,66.391
Measurement & modeling (1),income,"$100,000 to $167,999",trust_multidimensional,45.56,39.299,51.82
Measurement & modeling (1),income,"$100,000 to $167,999",trust_post,54.571,36.471,72.671
Measurement & modeling (1),income,"$168,000 or more",behavior_mean,49.869,44.752,54.986
Measurement & modeling (1),income,"$168,000 or more",belief_post,49.571,40.887,58.256
Measurement & modeling (1),income,"$168,000 or more",concern_mean,53.048,46.871,59.224
Measurement & modeling (1),income,"$168,000 or more",distrust_post,54.857,42.622,67.092
Measurement & modeling (1),income,"$168,000 or more",donation_ams,6.643,4.88,8.406
Measurement & modeling (1),income,"$168,000 or more",funding_perceptions,42.786,28.472,57.099
Measurement & modeling (1),income,"$168,000 or more",inst_trust_mean,51.171,44.219,58.124
Measurement & modeling (1),income,"$168,000 or more",newsletter_signup,0.357,0.106,0.608
Measurement & modeling (1),income,"$168,000 or more",policy_general,43.571,31.339,55.804
Measurement & modeling (1),income,"$168,000 or more",policy_role_mean,44.75,38.908,50.592
Measurement & modeling (1),income,"$168,000 or more",policy_specific_mean,52.745,48.486,57.004
Measurement & modeling (1),income,"$168,000 or more",trust_multidimensional,48.601,44.437,52.766
Measurement & modeling (1),income,"$168,000 or more",trust_post,53.786,38.849,68.723
Former skeptics,income,"Less than $30,000",behavior_mean,48.136,42.855,53.418
Former skeptics,income,"Less than $30,000",belief_post,50.909,36.037,65.781
Former skeptics,income,"Less than $30,000",concern_mean,48.424,41.686,55.162
Former skeptics,income,"Less than $30,000",distrust_post,45.364,30.577,60.15
Former skeptics,income,"Less than $30,000",donation_ams,4.818,2.724,6.913
Former skeptics,income,"Less than $30,000",funding_perceptions,45.091,34.322,55.86
Former skeptics,income,"Less than $30,000",inst_trust_mean,56.018,47.696,64.341
Former skeptics,income,"Less than $30,000",newsletter_signup,0.091,-0.079,0.261
Former skeptics,income,"Less than $30,000",policy_general,62.545,45.715,79.376
Former skeptics,income,"Less than $30,000",policy_role_mean,45.341,37.551,53.131
Former skeptics,income,"Less than $30,000",policy_specific_mean,49.961,44.025,55.897
Former skeptics,income,"Less than $30,000",trust_multidimensional,48.326,45.38,51.272
Former skeptics,income,"Less than $30,000",trust_post,41.455,30.234,52.675
Former skeptics,income,"$30,000 to $55,999",behavior_mean,50.611,38.361,62.861
Former skeptics,income,"$30,000 to $55,999",belief_post,81.833,69.371,94.296
Former skeptics,income,"$30,000 to $55,999",concern_mean,60.111,48.065,72.158
Former skeptics,income,"$30,000 to $55,999",distrust_post,29.167,10.798,47.535
Former skeptics,income,"$30,000 to $55,999",donation_ams,5.833,2.908,8.759
Former skeptics,income,"$30,000 to $55,999",funding_perceptions,46.5,22.587,70.413
Former skeptics,income,"$30,000 to $55,999",inst_trust_mean,53,47.417,58.583
Former skeptics,income,"$30,000 to $55,999",newsletter_signup,0.167,-0.132,0.465
Former skeptics,income,"$30,000 to $55,999",policy_general,39.333,19.411,59.255
Former skeptics,income,"$30,000 to $55,999",policy_role_mean,47.625,36.801,58.449
Former skeptics,income,"$30,000 to $55,999",policy_specific_mean,55.952,47.137,64.768
Former skeptics,income,"$30,000 to $55,999",trust_multidimensional,56.472,51.427,61.517
Former skeptics,income,"$30,000 to $55,999",trust_post,49.5,28.096,70.904
Former skeptics,income,"$56,000 to $99,999",behavior_mean,48.244,42.067,54.42
Former skeptics,income,"$56,000 to $99,999",belief_post,43.615,28.594,58.637
Former skeptics,income,"$56,000 to $99,999",concern_mean,41.641,31.334,51.948
Former skeptics,income,"$56,000 to $99,999",distrust_post,57.385,39.003,75.766
Former skeptics,income,"$56,000 to $99,999",donation_ams,5.154,3.451,6.856
Former skeptics,income,"$56,000 to $99,999",funding_perceptions,39.769,22.292,57.247
Former skeptics,income,"$56,000 to $99,999",inst_trust_mean,46.8,41.888,51.712
Former skeptics,income,"$56,000 to $99,999",newsletter_signup,0.154,-0.042,0.35
Former skeptics,income,"$56,000 to $99,999",policy_general,62.923,50.068,75.778
Former skeptics,income,"$56,000 to $99,999",policy_role_mean,49.577,42.776,56.378
Former skeptics,income,"$56,000 to $99,999",policy_specific_mean,49.44,45.351,53.528
Former skeptics,income,"$56,000 to $99,999",trust_multidimensional,46.705,42.511,50.899
Former skeptics,income,"$56,000 to $99,999",trust_post,63.231,50.178,76.283
Former skeptics,income,"$100,000 to $167,999",behavior_mean,52.073,47.181,56.965
Former skeptics,income,"$100,000 to $167,999",belief_post,49.75,36.431,63.069
Former skeptics,income,"$100,000 to $167,999",concern_mean,51.896,44.936,58.855
Former skeptics,income,"$100,000 to $167,999",distrust_post,49.062,39.706,58.419
Former skeptics,income,"$100,000 to $167,999",donation_ams,5.312,3.666,6.959
Former skeptics,income,"$100,000 to $167,999",funding_perceptions,44.438,28.131,60.744
Former skeptics,income,"$100,000 to $167,999",inst_trust_mean,49.812,43.147,56.478
Former skeptics,income,"$100,000 to $167,999",newsletter_signup,0.312,0.085,0.54
Former skeptics,income,"$100,000 to $167,999",policy_general,54.188,41.683,66.692
Former skeptics,income,"$100,000 to $167,999",policy_role_mean,54.188,49.673,58.702
Former skeptics,income,"$100,000 to $167,999",policy_specific_mean,47.884,43.798,51.97
Former skeptics,income,"$100,000 to $167,999",trust_multidimensional,48.583,45.468,51.699
Former skeptics,income,"$100,000 to $167,999",trust_post,56.812,42.152,71.473
Former skeptics,income,"$168,000 or more",behavior_mean,51,44.207,57.793
Former skeptics,income,"$168,000 or more",belief_post,39.571,30.685,48.458
Former skeptics,income,"$168,000 or more",concern_mean,45.286,38.551,52.021
Former skeptics,income,"$168,000 or more",distrust_post,47.929,33.616,62.241
Former skeptics,income,"$168,000 or more",donation_ams,5.286,3.332,7.24
Former skeptics,income,"$168,000 or more",funding_perceptions,47.429,34.728,60.129
Former skeptics,income,"$168,000 or more",inst_trust_mean,51.629,45.963,57.294
Former skeptics,income,"$168,000 or more",newsletter_signup,0.357,0.106,0.608
Former skeptics,income,"$168,000 or more",policy_general,38.643,21.924,55.362
Former skeptics,income,"$168,000 or more",policy_role_mean,45.946,38.353,53.54
Former skeptics,income,"$168,000 or more",policy_specific_mean,46.592,41.893,51.291
Former skeptics,income,"$168,000 or more",trust_multidimensional,50.524,46.648,54.399
Former skeptics,income,"$168,000 or more",trust_post,50.357,36.348,64.366
High public trust,income,"Less than $30,000",behavior_mean,46.218,40.227,52.209
High public trust,income,"Less than $30,000",belief_post,56.923,45.457,68.389
High public trust,income,"Less than $30,000",concern_mean,49.513,41.081,57.944
High public trust,income,"Less than $30,000",distrust_post,41.077,23.121,59.033
High public trust,income,"Less than $30,000",donation_ams,4.231,2.583,5.879
High public trust,income,"Less than $30,000",funding_perceptions,51.692,35.142,68.242
High public trust,income,"Less than $30,000",inst_trust_mean,46.631,40.78,52.482
High public trust,income,"Less than $30,000",newsletter_signup,0.462,0.191,0.733
High public trust,income,"Less than $30,000",policy_general,63.385,47.036,79.733
High public trust,income,"Less than $30,000",policy_role_mean,53.904,46.948,60.86
High public trust,income,"Less than $30,000",policy_specific_mean,47.275,41.963,52.587
High public trust,income,"Less than $30,000",trust_multidimensional,45.712,40.987,50.436
High public trust,income,"Less than $30,000",trust_post,60.462,45.788,75.135
High public trust,income,"$30,000 to $55,999",behavior_mean,46.104,40.508,51.7
High public trust,income,"$30,000 to $55,999",belief_post,59.062,50.021,68.104
High public trust,income,"$30,000 to $55,999",concern_mean,56.792,48.763,64.821
High public trust,income,"$30,000 to $55,999",distrust_post,51.062,39.295,62.83
High public trust,income,"$30,000 to $55,999",donation_ams,4.75,3.517,5.983
High public trust,income,"$30,000 to $55,999",funding_perceptions,44.375,35.314,53.436
High public trust,income,"$30,000 to $55,999",inst_trust_mean,48.65,42.275,55.025
High public trust,income,"$30,000 to $55,999",newsletter_signup,0.188,-0.004,0.379
High public trust,income,"$30,000 to $55,999",policy_general,50.25,38.646,61.854
High public trust,income,"$30,000 to $55,999",policy_role_mean,45.625,39.652,51.598
High public trust,income,"$30,000 to $55,999",policy_specific_mean,55.688,51.573,59.802
High public trust,income,"$30,000 to $55,999",trust_multidimensional,51.651,47.92,55.382
High public trust,income,"$30,000 to $55,999",trust_post,43.188,30.922,55.453
High public trust,income,"$56,000 to $99,999",behavior_mean,57.444,49.124,65.765
High public trust,income,"$56,000 to $99,999",belief_post,68.333,50.11,86.557
High public trust,income,"$56,000 to $99,999",concern_mean,55.556,50.538,60.573
High public trust,income,"$56,000 to $99,999",distrust_post,66.667,49.954,83.38
High public trust,income,"$56,000 to $99,999",donation_ams,4.333,2.844,5.823
High public trust,income,"$56,000 to $99,999",funding_perceptions,54.5,28.225,80.775
High public trust,income,"$56,000 to $99,999",inst_trust_mean,61.467,55.732,67.202
High public trust,income,"$56,000 to $99,999",newsletter_signup,0,0,0
High public trust,income,"$56,000 to $99,999",policy_general,62.167,39.984,84.35
High public trust,income,"$56,000 to $99,999",policy_role_mean,56.583,45.972,67.195
High public trust,income,"$56,000 to $99,999",policy_specific_mean,50.667,40.704,60.629
High public trust,income,"$56,000 to $99,999",trust_multidimensional,47.139,41.674,52.604
High public trust,income,"$56,000 to $99,999",trust_post,64,48.402,79.598
High public trust,income,"$100,000 to $167,999",behavior_mean,50.726,45.723,55.729
High public trust,income,"$100,000 to $167,999",belief_post,52.214,38.66,65.769
High public trust,income,"$100,000 to $167,999",concern_mean,51.19,41.136,61.245
High public trust,income,"$100,000 to $167,999",distrust_post,62.643,52.013,73.273
High public trust,income,"$100,000 to $167,999",donation_ams,6.071,4.541,7.602
High public trust,income,"$100,000 to $167,999",funding_perceptions,49.714,36.851,62.577
High public trust,income,"$100,000 to $167,999",inst_trust_mean,54.757,49.343,60.171
High public trust,income,"$100,000 to $167,999",newsletter_signup,0.357,0.106,0.608
High public trust,income,"$100,000 to $167,999",policy_general,51.214,35.755,66.674
High public trust,income,"$100,000 to $167,999",policy_role_mean,45.482,37.919,53.045
High public trust,income,"$100,000 to $167,999",policy_specific_mean,50.378,46.863,53.892
High public trust,income,"$100,000 to $167,999",trust_multidimensional,49.095,44.33,53.861
High public trust,income,"$100,000 to $167,999",trust_post,51.357,36.478,66.237
High public trust,income,"$168,000 or more",behavior_mean,49.53,42.425,56.635
High public trust,income,"$168,000 or more",belief_post,49.455,32.43,66.479
High public trust,income,"$168,000 or more",concern_mean,48.515,38.624,58.407
High public trust,income,"$168,000 or more",distrust_post,48.909,33.763,64.055
High public trust,income,"$168,000 or more",donation_ams,4.727,2.546,6.908
High public trust,income,"$168,000 or more",funding_perceptions,53.818,35.106,72.53
High public trust,income,"$168,000 or more",inst_trust_mean,48.582,40.289,56.875
High public trust,income,"$168,000 or more",newsletter_signup,0.273,0.01,0.536
High public trust,income,"$168,000 or more",policy_general,49.727,36.23,63.224
High public trust,income,"$168,000 or more",policy_role_mean,45.5,37.229,53.771
High public trust,income,"$168,000 or more",policy_specific_mean,51.87,45.538,58.202
High public trust,income,"$168,000 or more",trust_multidimensional,51.977,48.21,55.745
High public trust,income,"$168,000 or more",trust_post,52.818,38.577,67.06
Measurement & modeling (2),income,"Less than $30,000",behavior_mean,48.967,41.017,56.916
Measurement & modeling (2),income,"Less than $30,000",belief_post,51,33.968,68.032
Measurement & modeling (2),income,"Less than $30,000",concern_mean,39.1,31.17,47.03
Measurement & modeling (2),income,"Less than $30,000",distrust_post,56.2,44.915,67.485
Measurement & modeling (2),income,"Less than $30,000",donation_ams,4.8,2.823,6.777
Measurement & modeling (2),income,"Less than $30,000",funding_perceptions,45.8,27.709,63.891
Measurement & modeling (2),income,"Less than $30,000",inst_trust_mean,50.06,40.485,59.635
Measurement & modeling (2),income,"Less than $30,000",newsletter_signup,0.1,-0.086,0.286
Measurement & modeling (2),income,"Less than $30,000",policy_general,55.2,41.818,68.582
Measurement & modeling (2),income,"Less than $30,000",policy_role_mean,52.225,44.858,59.592
Measurement & modeling (2),income,"Less than $30,000",policy_specific_mean,46.571,41.802,51.34
Measurement & modeling (2),income,"Less than $30,000",trust_multidimensional,52.3,47.076,57.524
Measurement & modeling (2),income,"Less than $30,000",trust_post,50.4,31.469,69.331
Measurement & modeling (2),income,"$30,000 to $55,999",behavior_mean,50.577,44.858,56.296
Measurement & modeling (2),income,"$30,000 to $55,999",belief_post,52.231,38.487,65.974
Measurement & modeling (2),income,"$30,000 to $55,999",concern_mean,50.282,40.995,59.569
Measurement & modeling (2),income,"$30,000 to $55,999",distrust_post,56.308,41.283,71.332
Measurement & modeling (2),income,"$30,000 to $55,999",donation_ams,4.846,3.203,6.49
Measurement & modeling (2),income,"$30,000 to $55,999",funding_perceptions,56.154,38.898,73.41
Measurement & modeling (2),income,"$30,000 to $55,999",inst_trust_mean,55.292,48.075,62.509
Measurement & modeling (2),income,"$30,000 to $55,999",newsletter_signup,0.308,0.057,0.559
Measurement & modeling (2),income,"$30,000 to $55,999",policy_general,47.615,35.742,59.489
Measurement & modeling (2),income,"$30,000 to $55,999",policy_role_mean,48.154,37.743,58.565
Measurement & modeling (2),income,"$30,000 to $55,999",policy_specific_mean,44.714,40.073,49.355
Measurement & modeling (2),income,"$30,000 to $55,999",trust_multidimensional,49.244,44.936,53.551
Measurement & modeling (2),income,"$30,000 to $55,999",trust_post,40,22.427,57.573
Measurement & modeling (2),income,"$56,000 to $99,999",behavior_mean,52.361,46.8,57.922
Measurement & modeling (2),income,"$56,000 to $99,999",belief_post,46.833,32.318,61.349
Measurement & modeling (2),income,"$56,000 to $99,999",concern_mean,45.583,39.133,52.034
Measurement & modeling (2),income,"$56,000 to $99,999",distrust_post,51,34.593,67.407
Measurement & modeling (2),income,"$56,000 to $99,999",donation_ams,5.083,3.336,6.831
Measurement & modeling (2),income,"$56,000 to $99,999",funding_perceptions,36.25,26.025,46.475
Measurement & modeling (2),income,"$56,000 to $99,999",inst_trust_mean,54.783,48.622,60.945
Measurement & modeling (2),income,"$56,000 to $99,999",newsletter_signup,0.25,0.005,0.495
Measurement & modeling (2),income,"$56,000 to $99,999",policy_general,54.917,40.108,69.725
Measurement & modeling (2),income,"$56,000 to $99,999",policy_role_mean,49.25,42.278,56.222
Measurement & modeling (2),income,"$56,000 to $99,999",policy_specific_mean,55.012,48.668,61.355
Measurement & modeling (2),income,"$56,000 to $99,999",trust_multidimensional,50.278,45.576,54.98
Measurement & modeling (2),income,"$56,000 to $99,999",trust_post,68.75,52.927,84.573
Measurement & modeling (2),income,"$100,000 to $167,999",behavior_mean,55.91,48.675,63.146
Measurement & modeling (2),income,"$100,000 to $167,999",belief_post,46.154,32.396,59.911
Measurement & modeling (2),income,"$100,000 to $167,999",concern_mean,46.897,40.701,53.093
Measurement & modeling (2),income,"$100,000 to $167,999",distrust_post,57.615,49.984,65.247
Measurement & modeling (2),income,"$100,000 to $167,999",donation_ams,6.231,4.598,7.864
Measurement & modeling (2),income,"$100,000 to $167,999",funding_perceptions,56.923,40.835,73.012
Measurement & modeling (2),income,"$100,000 to $167,999",inst_trust_mean,51.677,46.028,57.326
Measurement & modeling (2),income,"$100,000 to $167,999",newsletter_signup,0.231,0.002,0.46
Measurement & modeling (2),income,"$100,000 to $167,999",policy_general,46,33.489,58.511
Measurement & modeling (2),income,"$100,000 to $167,999",policy_role_mean,48.635,39.932,57.338
Measurement & modeling (2),income,"$100,000 to $167,999",policy_specific_mean,57.011,50.341,63.681
Measurement & modeling (2),income,"$100,000 to $167,999",trust_multidimensional,47.519,44.266,50.773
Measurement & modeling (2),income,"$100,000 to $167,999",trust_post,60.769,42.856,78.682
Measurement & modeling (2),income,"$168,000 or more",behavior_mean,47.25,41.462,53.038
Measurement & modeling (2),income,"$168,000 or more",belief_post,48.167,31.2,65.134
Measurement & modeling (2),income,"$168,000 or more",concern_mean,55.333,47.467,63.2
Measurement & modeling (2),income,"$168,000 or more",distrust_post,35.167,20.788,49.545
Measurement & modeling (2),income,"$168,000 or more",donation_ams,3.75,1.701,5.799
Measurement & modeling (2),income,"$168,000 or more",funding_perceptions,52.333,37.482,67.185
Measurement & modeling (2),income,"$168,000 or more",inst_trust_mean,55,45.759,64.241
Measurement & modeling (2),income,"$168,000 or more",newsletter_signup,0.083,-0.073,0.24
Measurement & modeling (2),income,"$168,000 or more",policy_general,57.333,43.961,70.706
Measurement & modeling (2),income,"$168,000 or more",policy_role_mean,51.75,42.182,61.318
Measurement & modeling (2),income,"$168,000 or more",policy_specific_mean,47.905,41.15,54.66
Measurement & modeling (2),income,"$168,000 or more",trust_multidimensional,48.653,44.817,52.489
Measurement & modeling (2),income,"$168,000 or more",trust_post,60.25,46.135,74.365
Peer-review,income,"Less than $30,000",behavior_mean,47.577,42.569,52.585
Peer-review,income,"Less than $30,000",belief_post,36.769,30.429,43.109
Peer-review,income,"Less than $30,000",concern_mean,48.667,41.527,55.807
Peer-review,income,"Less than $30,000",distrust_post,52.308,40.164,64.452
Peer-review,income,"Less than $30,000",donation_ams,5.462,3.637,7.286
Peer-review,income,"Less than $30,000",funding_perceptions,51.615,38.31,64.921
Peer-review,income,"Less than $30,000",inst_trust_mean,48.723,43.432,54.014
Peer-review,income,"Less than $30,000",newsletter_signup,0.385,0.12,0.649
Peer-review,income,"Less than $30,000",policy_general,52.385,38.73,66.039
Peer-review,income,"Less than $30,000",policy_role_mean,46.885,41.24,52.529
Peer-review,income,"Less than $30,000",policy_specific_mean,43.571,38.067,49.076
Peer-review,income,"Less than $30,000",trust_multidimensional,51.718,48.087,55.349
Peer-review,income,"Less than $30,000",trust_post,45.385,30.686,60.083
Peer-review,income,"$30,000 to $55,999",behavior_mean,41.208,35.723,46.694
Peer-review,income,"$30,000 to $55,999",belief_post,61.625,42.684,80.566
Peer-review,income,"$30,000 to $55,999",concern_mean,51.042,39.597,62.486
Peer-review,income,"$30,000 to $55,999",distrust_post,46.375,24.701,68.049
Peer-review,income,"$30,000 to $55,999",donation_ams,6.5,3.583,9.417
Peer-review,income,"$30,000 to $55,999",funding_perceptions,36.25,17.375,55.125
Peer-review,income,"$30,000 to $55,999",inst_trust_mean,48.475,44.747,52.203
Peer-review,income,"$30,000 to $55,999",newsletter_signup,0.125,-0.104,0.354
Peer-review,income,"$30,000 to $55,999",policy_general,51.625,35.441,67.809
Peer-review,income,"$30,000 to $55,999",policy_role_mean,50.375,38.721,62.029
Peer-review,income,"$30,000 to $55,999",policy_specific_mean,46.821,41.433,52.21
Peer-review,income,"$30,000 to $55,999",trust_multidimensional,49.562,46.739,52.386
Peer-review,income,"$30,000 to $55,999",trust_post,36.125,19.414,52.836
Peer-review,income,"$56,000 to $99,999",behavior_mean,51.808,44.93,58.686
Peer-review,income,"$56,000 to $99,999",belief_post,47.769,28.844,66.694
Peer-review,income,"$56,000 to $99,999",concern_mean,41.128,30.843,51.413
Peer-review,income,"$56,000 to $99,999",distrust_post,42.077,29.031,55.122
Peer-review,income,"$56,000 to $99,999",donation_ams,3.462,1.506,5.417
Peer-review,income,"$56,000 to $99,999",funding_perceptions,51.923,39.866,63.98
Peer-review,income,"$56,000 to $99,999",inst_trust_mean,49.954,43.058,56.849
Peer-review,income,"$56,000 to $99,999",newsletter_signup,0.231,0.002,0.46
Peer-review,income,"$56,000 to $99,999",policy_general,39.538,20.789,58.288
Peer-review,income,"$56,000 to $99,999",policy_role_mean,48.346,41.086,55.607
Peer-review,income,"$56,000 to $99,999",policy_specific_mean,48.714,42.837,54.591
Peer-review,income,"$56,000 to $99,999",trust_multidimensional,48.942,45.563,52.322
Peer-review,income,"$56,000 to $99,999",trust_post,40.923,27.343,54.503
Peer-review,income,"$100,000 to $167,999",behavior_mean,52.426,44.058,60.794
Peer-review,income,"$100,000 to $167,999",belief_post,53.667,38.844,68.49
Peer-review,income,"$100,000 to $167,999",concern_mean,36.37,24.638,48.102
Peer-review,income,"$100,000 to $167,999",distrust_post,44.111,27.718,60.505
Peer-review,income,"$100,000 to $167,999",donation_ams,7.333,5.457,9.21
Peer-review,income,"$100,000 to $167,999",funding_perceptions,31.111,12.347,49.875
Peer-review,income,"$100,000 to $167,999",inst_trust_mean,56,51.4,60.6
Peer-review,income,"$100,000 to $167,999",newsletter_signup,0.111,-0.094,0.316
Peer-review,income,"$100,000 to $167,999",policy_general,50.111,44.9,55.322
Peer-review,income,"$100,000 to $167,999",policy_role_mean,48.417,41.974,54.859
Peer-review,income,"$100,000 to $167,999",policy_specific_mean,54.206,48.322,60.09
Peer-review,income,"$100,000 to $167,999",trust_multidimensional,53.315,49.694,56.936
Peer-review,income,"$100,000 to $167,999",trust_post,48.333,28.12,68.547
Peer-review,income,"$168,000 or more",behavior_mean,52.088,46.929,57.248
Peer-review,income,"$168,000 or more",belief_post,56.059,42.777,69.341
Peer-review,income,"$168,000 or more",concern_mean,50.941,41.567,60.315
Peer-review,income,"$168,000 or more",distrust_post,51,36.546,65.454
Peer-review,income,"$168,000 or more",donation_ams,3.118,1.616,4.62
Peer-review,income,"$168,000 or more",funding_perceptions,53.824,41.644,66.003
Peer-review,income,"$168,000 or more",inst_trust_mean,45.576,41.054,50.099
Peer-review,income,"$168,000 or more",newsletter_signup,0.235,0.034,0.437
Peer-review,income,"$168,000 or more",policy_general,40.471,30.954,49.987
Peer-review,income,"$168,000 or more",policy_role_mean,48.471,41.996,54.945
Peer-review,income,"$168,000 or more",policy_specific_mean,48.647,42.736,54.559
Peer-review,income,"$168,000 or more",trust_multidimensional,50.691,46.954,54.428
Peer-review,income,"$168,000 or more",trust_post,56.176,45.565,66.788
Scientist community helpers,income,"Less than $30,000",behavior_mean,51.345,45.796,56.894
Scientist community helpers,income,"Less than $30,000",belief_post,40.786,25.918,55.653
Scientist community helpers,income,"Less than $30,000",concern_mean,51.976,44.699,59.253
Scientist community helpers,income,"Less than $30,000",distrust_post,50.786,38.722,62.849
Scientist community helpers,income,"Less than $30,000",donation_ams,6.357,4.693,8.021
Scientist community helpers,income,"Less than $30,000",funding_perceptions,52.714,39.794,65.635
Scientist community helpers,income,"Less than $30,000",inst_trust_mean,52.857,47.168,58.547
Scientist community helpers,income,"Less than $30,000",newsletter_signup,0.143,-0.04,0.326
Scientist community helpers,income,"Less than $30,000",policy_general,44.857,32.147,57.567
Scientist community helpers,income,"Less than $30,000",policy_role_mean,49.464,41.595,57.334
Scientist community helpers,income,"Less than $30,000",policy_specific_mean,52.265,48.08,56.451
Scientist community helpers,income,"Less than $30,000",trust_multidimensional,51.119,44.807,57.432
Scientist community helpers,income,"Less than $30,000",trust_post,57.5,43.892,71.108
Scientist community helpers,income,"$30,000 to $55,999",behavior_mean,53.652,49.852,57.451
Scientist community helpers,income,"$30,000 to $55,999",belief_post,45.273,28.188,62.358
Scientist community helpers,income,"$30,000 to $55,999",concern_mean,48.788,36.459,61.117
Scientist community helpers,income,"$30,000 to $55,999",distrust_post,43.273,24.888,61.657
Scientist community helpers,income,"$30,000 to $55,999",donation_ams,3.727,1.515,5.94
Scientist community helpers,income,"$30,000 to $55,999",funding_perceptions,43.727,24.045,63.409
Scientist community helpers,income,"$30,000 to $55,999",inst_trust_mean,49.145,42.569,55.722
Scientist community helpers,income,"$30,000 to $55,999",newsletter_signup,0.182,-0.046,0.41
Scientist community helpers,income,"$30,000 to $55,999",policy_general,47.182,29.263,65.1
Scientist community helpers,income,"$30,000 to $55,999",policy_role_mean,51.614,42.037,61.191
Scientist community helpers,income,"$30,000 to $55,999",policy_specific_mean,45.351,38.735,51.967
Scientist community helpers,income,"$30,000 to $55,999",trust_multidimensional,48.455,44.479,52.43
Scientist community helpers,income,"$30,000 to $55,999",trust_post,39,26.692,51.308
Scientist community helpers,income,"$56,000 to $99,999",behavior_mean,51.455,47.615,55.295
Scientist community helpers,income,"$56,000 to $99,999",belief_post,46.636,31.13,62.142
Scientist community helpers,income,"$56,000 to $99,999",concern_mean,43.545,34.959,52.132
Scientist community helpers,income,"$56,000 to $99,999",distrust_post,51,32.61,69.39
Scientist community helpers,income,"$56,000 to $99,999",donation_ams,6.455,4.928,7.981
Scientist community helpers,income,"$56,000 to $99,999",funding_perceptions,45.182,30.513,59.851
Scientist community helpers,income,"$56,000 to $99,999",inst_trust_mean,54.109,48.832,59.386
Scientist community helpers,income,"$56,000 to $99,999",newsletter_signup,0.182,-0.046,0.41
Scientist community helpers,income,"$56,000 to $99,999",policy_general,47.091,29.357,64.825
Scientist community helpers,income,"$56,000 to $99,999",policy_role_mean,52.295,46.482,58.109
Scientist community helpers,income,"$56,000 to $99,999",policy_specific_mean,54.844,48.135,61.553
Scientist community helpers,income,"$56,000 to $99,999",trust_multidimensional,49.909,43.247,56.572
Scientist community helpers,income,"$56,000 to $99,999",trust_post,65.909,55.353,76.466
Scientist community helpers,income,"$100,000 to $167,999",behavior_mean,48.056,40.014,56.097
Scientist community helpers,income,"$100,000 to $167,999",belief_post,45.083,28.189,61.977
Scientist community helpers,income,"$100,000 to $167,999",concern_mean,42.417,34.724,50.109
Scientist community helpers,income,"$100,000 to $167,999",distrust_post,51.333,36.835,65.832
Scientist community helpers,income,"$100,000 to $167,999",donation_ams,4.917,2.622,7.211
Scientist community helpers,income,"$100,000 to $167,999",funding_perceptions,67.75,52.623,82.877
Scientist community helpers,income,"$100,000 to $167,999",inst_trust_mean,47.767,39.529,56.005
Scientist community helpers,income,"$100,000 to $167,999",newsletter_signup,0.333,0.067,0.6
Scientist community helpers,income,"$100,000 to $167,999",policy_general,46.583,35.085,58.082
Scientist community helpers,income,"$100,000 to $167,999",policy_role_mean,50.938,46.243,55.632
Scientist community helpers,income,"$100,000 to $167,999",policy_specific_mean,52.655,46.976,58.334
Scientist community helpers,income,"$100,000 to $167,999",trust_multidimensional,47.528,41.853,53.202
Scientist community helpers,income,"$100,000 to $167,999",trust_post,58.583,47.421,69.745
Scientist community helpers,income,"$168,000 or more",behavior_mean,53.875,50.172,57.578
Scientist community helpers,income,"$168,000 or more",belief_post,54.583,40.915,68.251
Scientist community helpers,income,"$168,000 or more",concern_mean,48.389,39.638,57.14
Scientist community helpers,income,"$168,000 or more",distrust_post,51.167,42.359,59.975
Scientist community helpers,income,"$168,000 or more",donation_ams,4.667,3.338,5.995
Scientist community helpers,income,"$168,000 or more",funding_perceptions,49.083,33.914,64.253
Scientist community helpers,income,"$168,000 or more",inst_trust_mean,44.233,38.608,49.859
Scientist community helpers,income,"$168,000 or more",newsletter_signup,0.167,-0.044,0.378
Scientist community helpers,income,"$168,000 or more",policy_general,65.083,53.469,76.698
Scientist community helpers,income,"$168,000 or more",policy_role_mean,50.438,39.173,61.702
Scientist community helpers,income,"$168,000 or more",policy_specific_mean,43.048,38.053,48.043
Scientist community helpers,income,"$168,000 or more",trust_multidimensional,52.576,49.76,55.393
Scientist community helpers,income,"$168,000 or more",trust_post,47.583,30.446,64.72
Consensus,income,"Less than $30,000",behavior_mean,50.97,44.957,56.983
Consensus,income,"Less than $30,000",belief_post,48.455,35.126,61.783
Consensus,income,"Less than $30,000",concern_mean,48.364,40.518,56.209
Consensus,income,"Less than $30,000",distrust_post,46.545,33.428,59.663
Consensus,income,"Less than $30,000",donation_ams,5.545,3.825,7.266
Consensus,income,"Less than $30,000",funding_perceptions,58.455,45.965,70.944
Consensus,income,"Less than $30,000",inst_trust_mean,47.8,41.046,54.554
Consensus,income,"Less than $30,000",newsletter_signup,0.091,-0.079,0.261
Consensus,income,"Less than $30,000",policy_general,40.818,22.888,58.748
Consensus,income,"Less than $30,000",policy_role_mean,47.818,41.403,54.233
Consensus,income,"Less than $30,000",policy_specific_mean,53.065,47.878,58.252
Consensus,income,"Less than $30,000",trust_multidimensional,50.917,46.124,55.709
Consensus,income,"Less than $30,000",trust_post,55.909,40.119,71.699
Consensus,income,"$30,000 to $55,999",behavior_mean,56.292,45.66,66.923
Consensus,income,"$30,000 to $55,999",belief_post,63.875,45.327,82.423
Consensus,income,"$30,000 to $55,999",concern_mean,42.958,32.477,53.44
Consensus,income,"$30,000 to $55,999",distrust_post,46.875,25.496,68.254
Consensus,income,"$30,000 to $55,999",donation_ams,6.125,3.859,8.391
Consensus,income,"$30,000 to $55,999",funding_perceptions,31.25,13.464,49.036
Consensus,income,"$30,000 to $55,999",inst_trust_mean,56.55,49.182,63.918
Consensus,income,"$30,000 to $55,999",newsletter_signup,0.125,-0.104,0.354
Consensus,income,"$30,000 to $55,999",policy_general,33.875,18.565,49.185
Consensus,income,"$30,000 to $55,999",policy_role_mean,48.094,37.299,58.888
Consensus,income,"$30,000 to $55,999",policy_specific_mean,51.482,46.228,56.736
Consensus,income,"$30,000 to $55,999",trust_multidimensional,50.833,43.835,57.832
Consensus,income,"$30,000 to $55,999",trust_post,45.375,28.592,62.158
Consensus,income,"$56,000 to $99,999",behavior_mean,48.255,43.572,52.938
Consensus,income,"$56,000 to $99,999",belief_post,56.412,44.96,67.864
Consensus,income,"$56,000 to $99,999",concern_mean,51.706,44.375,59.037
Consensus,income,"$56,000 to $99,999",distrust_post,39.529,28.516,50.543
Consensus,income,"$56,000 to $99,999",donation_ams,5.882,4.593,7.172
Consensus,income,"$56,000 to $99,999",funding_perceptions,47.471,35.69,59.251
Consensus,income,"$56,000 to $99,999",inst_trust_mean,50.306,44.477,56.134
Consensus,income,"$56,000 to $99,999",newsletter_signup,0.118,-0.036,0.271
Consensus,income,"$56,000 to $99,999",policy_general,49,36.882,61.118
Consensus,income,"$56,000 to $99,999",policy_role_mean,50.456,44.847,56.065
Consensus,income,"$56,000 to $99,999",policy_specific_mean,51.252,46.993,55.511
Consensus,income,"$56,000 to $99,999",trust_multidimensional,53.064,49.337,56.791
Consensus,income,"$56,000 to $99,999",trust_post,49.588,39.954,59.223
Consensus,income,"$100,000 to $167,999",behavior_mean,53.583,44.254,62.912
Consensus,income,"$100,000 to $167,999",belief_post,46.7,34.699,58.701
Consensus,income,"$100,000 to $167,999",concern_mean,50.9,41.22,60.58
Consensus,income,"$100,000 to $167,999",distrust_post,42.3,27.517,57.083
Consensus,income,"$100,000 to $167,999",donation_ams,4.9,3.342,6.458
Consensus,income,"$100,000 to $167,999",funding_perceptions,46.3,26.596,66.004
Consensus,income,"$100,000 to $167,999",inst_trust_mean,44.22,35.254,53.186
Consensus,income,"$100,000 to $167,999",newsletter_signup,0.2,-0.048,0.448
Consensus,income,"$100,000 to $167,999",policy_general,43.5,29.209,57.791
Consensus,income,"$100,000 to $167,999",policy_role_mean,46.2,38.088,54.312
Consensus,income,"$100,000 to $167,999",policy_specific_mean,48.129,44.684,51.573
Consensus,income,"$100,000 to $167,999",trust_multidimensional,51.117,46.521,55.712
Consensus,income,"$100,000 to $167,999",trust_post,59.6,46.341,72.859
Consensus,income,"$168,000 or more",behavior_mean,49.107,44.938,53.276
Consensus,income,"$168,000 or more",belief_post,58.214,47.548,68.881
Consensus,income,"$168,000 or more",concern_mean,44.048,36.201,51.894
Consensus,income,"$168,000 or more",distrust_post,48.929,32.803,65.054
Consensus,income,"$168,000 or more",donation_ams,3.5,2.022,4.978
Consensus,income,"$168,000 or more",funding_perceptions,35.643,24.631,46.655
Consensus,income,"$168,000 or more",inst_trust_mean,49.971,43.422,56.521
Consensus,income,"$168,000 or more",newsletter_signup,0.5,0.238,0.762
Consensus,income,"$168,000 or more",policy_general,57.214,41.848,72.58
Consensus,income,"$168,000 or more",policy_role_mean,45.696,36.655,54.738
Consensus,income,"$168,000 or more",policy_specific_mean,52.173,46.157,58.19
Consensus,income,"$168,000 or more",trust_multidimensional,52.381,47.966,56.796
Consensus,income,"$168,000 or more",trust_post,50.5,34.297,66.703
Portrait Prof. Cherry,income,"Less than $30,000",behavior_mean,48.067,43.723,52.411
Portrait Prof. Cherry,income,"Less than $30,000",belief_post,58.467,47.771,69.163
Portrait Prof. Cherry,income,"Less than $30,000",concern_mean,45.356,39.699,51.012
Portrait Prof. Cherry,income,"Less than $30,000",distrust_post,43.867,28.56,59.173
Portrait Prof. Cherry,income,"Less than $30,000",donation_ams,4.067,2.82,5.313
Portrait Prof. Cherry,income,"Less than $30,000",funding_perceptions,41.867,29.791,53.943
Portrait Prof. Cherry,income,"Less than $30,000",inst_trust_mean,43.52,37.594,49.446
Portrait Prof. Cherry,income,"Less than $30,000",newsletter_signup,0.333,0.095,0.572
Portrait Prof. Cherry,income,"Less than $30,000",policy_general,58.333,43.728,72.939
Portrait Prof. Cherry,income,"Less than $30,000",policy_role_mean,50.083,43.624,56.543
Portrait Prof. Cherry,income,"Less than $30,000",policy_specific_mean,48.59,43.201,53.98
Portrait Prof. Cherry,income,"Less than $30,000",trust_multidimensional,46.7,43.857,49.543
Portrait Prof. Cherry,income,"Less than $30,000",trust_post,37.467,22.773,52.16
Portrait Prof. Cherry,income,"$30,000 to $55,999",behavior_mean,43.111,31.01,55.212
Portrait Prof. Cherry,income,"$30,000 to $55,999",belief_post,40.333,30.242,50.425
Portrait Prof. Cherry,income,"$30,000 to $55,999",concern_mean,48.278,35.827,60.728
Portrait Prof. Cherry,income,"$30,000 to $55,999",distrust_post,40.167,29.249,51.084
Portrait Prof. Cherry,income,"$30,000 to $55,999",donation_ams,5.167,3.116,7.217
Portrait Prof. Cherry,income,"$30,000 to $55,999",funding_perceptions,44.167,25.276,63.057
Portrait Prof. Cherry,income,"$30,000 to $55,999",inst_trust_mean,49.5,39.564,59.436
Portrait Prof. Cherry,income,"$30,000 to $55,999",newsletter_signup,0.167,-0.132,0.465
Portrait Prof. Cherry,income,"$30,000 to $55,999",policy_general,48.833,22.153,75.513
Portrait Prof. Cherry,income,"$30,000 to $55,999",policy_role_mean,42.75,34.695,50.805
Portrait Prof. Cherry,income,"$30,000 to $55,999",policy_specific_mean,51.048,42.915,59.18
Portrait Prof. Cherry,income,"$30,000 to $55,999",trust_multidimensional,46.736,43.032,50.44
Portrait Prof. Cherry,income,"$30,000 to $55,999",trust_post,49.167,24.044,74.289
Portrait Prof. Cherry,income,"$56,000 to $99,999",behavior_mean,53.576,49.051,58.1
Portrait Prof. Cherry,income,"$56,000 to $99,999",belief_post,50.727,36.022,65.433
Portrait Prof. Cherry,income,"$56,000 to $99,999",concern_mean,50.364,41.902,58.826
Portrait Prof. Cherry,income,"$56,000 to $99,999",distrust_post,56.182,45.794,66.569
Portrait Prof. Cherry,income,"$56,000 to $99,999",donation_ams,5.455,3.384,7.525
Portrait Prof. Cherry,income,"$56,000 to $99,999",funding_perceptions,48.909,33.781,64.037
Portrait Prof. Cherry,income,"$56,000 to $99,999",inst_trust_mean,49.364,40.76,57.967
Portrait Prof. Cherry,income,"$56,000 to $99,999",newsletter_signup,0,0,0
Portrait Prof. Cherry,income,"$56,000 to $99,999",policy_general,55.909,44.364,67.455
Portrait Prof. Cherry,income,"$56,000 to $99,999",policy_role_mean,45.159,38.134,52.184
Portrait Prof. Cherry,income,"$56,000 to $99,999",policy_specific_mean,49.532,41.44,57.625
Portrait Prof. Cherry,income,"$56,000 to $99,999",trust_multidimensional,48.402,44.622,52.181
Portrait Prof. Cherry,income,"$56,000 to $99,999",trust_post,44.818,30.947,58.69
Portrait Prof. Cherry,income,"$100,000 to $167,999",behavior_mean,51.512,46.515,56.509
Portrait Prof. Cherry,income,"$100,000 to $167,999",belief_post,64,48.518,79.482
Portrait Prof. Cherry,income,"$100,000 to $167,999",concern_mean,51.595,43.977,59.213
Portrait Prof. Cherry,income,"$100,000 to $167,999",distrust_post,43.214,28.172,58.257
Portrait Prof. Cherry,income,"$100,000 to $167,999",donation_ams,5.929,3.789,8.068
Portrait Prof. Cherry,income,"$100,000 to $167,999",funding_perceptions,54.214,42.748,65.68
Portrait Prof. Cherry,income,"$100,000 to $167,999",inst_trust_mean,51.7,44.674,58.726
Portrait Prof. Cherry,income,"$100,000 to $167,999",newsletter_signup,0.286,0.049,0.522
Portrait Prof. Cherry,income,"$100,000 to $167,999",policy_general,59.929,42.861,76.996
Portrait Prof. Cherry,income,"$100,000 to $167,999",policy_role_mean,50.089,40.527,59.652
Portrait Prof. Cherry,income,"$100,000 to $167,999",policy_specific_mean,48.224,42.883,53.566
Portrait Prof. Cherry,income,"$100,000 to $167,999",trust_multidimensional,48.893,44.569,53.217
Portrait Prof. Cherry,income,"$100,000 to $167,999",trust_post,51.071,40.235,61.908
Portrait Prof. Cherry,income,"$168,000 or more",behavior_mean,49.083,44.079,54.088
Portrait Prof. Cherry,income,"$168,000 or more",belief_post,50.714,40.558,60.871
Portrait Prof. Cherry,income,"$168,000 or more",concern_mean,53.143,44.523,61.762
Portrait Prof. Cherry,income,"$168,000 or more",distrust_post,50.214,36.98,63.449
Portrait Prof. Cherry,income,"$168,000 or more",donation_ams,6.143,4.25,8.036
Portrait Prof. Cherry,income,"$168,000 or more",funding_perceptions,41.143,28.976,53.31
Portrait Prof. Cherry,income,"$168,000 or more",inst_trust_mean,49.143,44.48,53.806
Portrait Prof. Cherry,income,"$168,000 or more",newsletter_signup,0.214,-0.001,0.429
Portrait Prof. Cherry,income,"$168,000 or more",policy_general,39.5,26.785,52.215
Portrait Prof. Cherry,income,"$168,000 or more",policy_role_mean,46.446,37.341,55.552
Portrait Prof. Cherry,income,"$168,000 or more",policy_specific_mean,53.061,48.298,57.825
Portrait Prof. Cherry,income,"$168,000 or more",trust_multidimensional,53.036,48.592,57.479
Portrait Prof. Cherry,income,"$168,000 or more",trust_post,47.714,34.354,61.075
Model accuracy,income,"Less than $30,000",behavior_mean,52.403,45.179,59.626
Model accuracy,income,"Less than $30,000",belief_post,45.583,28.691,62.476
Model accuracy,income,"Less than $30,000",concern_mean,48.722,42.134,55.31
Model accuracy,income,"Less than $30,000",distrust_post,57.833,44.332,71.335
Model accuracy,income,"Less than $30,000",donation_ams,3.167,1.625,4.708
Model accuracy,income,"Less than $30,000",funding_perceptions,49.667,31.88,67.453
Model accuracy,income,"Less than $30,000",inst_trust_mean,46.383,41.064,51.703
Model accuracy,income,"Less than $30,000",newsletter_signup,0.5,0.217,0.783
Model accuracy,income,"Less than $30,000",policy_general,39.333,23.494,55.173
Model accuracy,income,"Less than $30,000",policy_role_mean,46.812,38.212,55.413
Model accuracy,income,"Less than $30,000",policy_specific_mean,48.143,41.778,54.507
Model accuracy,income,"Less than $30,000",trust_multidimensional,50.653,47.238,54.068
Model accuracy,income,"Less than $30,000",trust_post,41.5,25.534,57.466
Model accuracy,income,"$30,000 to $55,999",behavior_mean,52.683,48.176,57.191
Model accuracy,income,"$30,000 to $55,999",belief_post,45.6,29.559,61.641
Model accuracy,income,"$30,000 to $55,999",concern_mean,61.3,53.237,69.363
Model accuracy,income,"$30,000 to $55,999",distrust_post,42.7,23.905,61.495
Model accuracy,income,"$30,000 to $55,999",donation_ams,4.2,2.452,5.948
Model accuracy,income,"$30,000 to $55,999",funding_perceptions,52.8,37.618,67.982
Model accuracy,income,"$30,000 to $55,999",inst_trust_mean,55.76,46.823,64.697
Model accuracy,income,"$30,000 to $55,999",newsletter_signup,0,0,0
Model accuracy,income,"$30,000 to $55,999",policy_general,50.4,33.338,67.462
Model accuracy,income,"$30,000 to $55,999",policy_role_mean,42.95,35.973,49.927
Model accuracy,income,"$30,000 to $55,999",policy_specific_mean,50.729,45.019,56.439
Model accuracy,income,"$30,000 to $55,999",trust_multidimensional,54.417,49.043,59.791
Model accuracy,income,"$30,000 to $55,999",trust_post,52.1,36.189,68.011
Model accuracy,income,"$56,000 to $99,999",behavior_mean,52.683,46.151,59.216
Model accuracy,income,"$56,000 to $99,999",belief_post,34.7,24.428,44.972
Model accuracy,income,"$56,000 to $99,999",concern_mean,53.433,46.223,60.644
Model accuracy,income,"$56,000 to $99,999",distrust_post,46.2,27.745,64.655
Model accuracy,income,"$56,000 to $99,999",donation_ams,7.3,5.595,9.005
Model accuracy,income,"$56,000 to $99,999",funding_perceptions,45.3,30.214,60.386
Model accuracy,income,"$56,000 to $99,999",inst_trust_mean,47.3,39.794,54.806
Model accuracy,income,"$56,000 to $99,999",newsletter_signup,0.2,-0.048,0.448
Model accuracy,income,"$56,000 to $99,999",policy_general,47.4,29.653,65.147
Model accuracy,income,"$56,000 to $99,999",policy_role_mean,46.675,39.412,53.938
Model accuracy,income,"$56,000 to $99,999",policy_specific_mean,52.486,46.757,58.215
Model accuracy,income,"$56,000 to $99,999",trust_multidimensional,50.283,46.695,53.871
Model accuracy,income,"$56,000 to $99,999",trust_post,42.1,32.083,52.117
Model accuracy,income,"$100,000 to $167,999",behavior_mean,40.786,30.712,50.859
Model accuracy,income,"$100,000 to $167,999",belief_post,51.429,33.42,69.437
Model accuracy,income,"$100,000 to $167,999",concern_mean,40.476,26.795,54.158
Model accuracy,income,"$100,000 to $167,999",distrust_post,66.857,57.58,76.134
Model accuracy,income,"$100,000 to $167,999",donation_ams,4,2.04,5.96
Model accuracy,income,"$100,000 to $167,999",funding_perceptions,38.429,22.541,54.316
Model accuracy,income,"$100,000 to $167,999",inst_trust_mean,53.4,44.531,62.269
Model accuracy,income,"$100,000 to $167,999",newsletter_signup,0.143,-0.116,0.402
Model accuracy,income,"$100,000 to $167,999",policy_general,34.286,17.286,51.285
Model accuracy,income,"$100,000 to $167,999",policy_role_mean,57.679,48.35,67.007
Model accuracy,income,"$100,000 to $167,999",policy_specific_mean,51.571,43.358,59.785
Model accuracy,income,"$100,000 to $167,999",trust_multidimensional,46.726,42.077,51.375
Model accuracy,income,"$100,000 to $167,999",trust_post,27.571,12.475,42.668
Model accuracy,income,"$168,000 or more",behavior_mean,54.81,49.549,60.07
Model accuracy,income,"$168,000 or more",belief_post,46.429,37.604,55.253
Model accuracy,income,"$168,000 or more",concern_mean,52.889,46.295,59.483
Model accuracy,income,"$168,000 or more",distrust_post,55.143,43.073,67.213
Model accuracy,income,"$168,000 or more",donation_ams,4.667,3.252,6.081
Model accuracy,income,"$168,000 or more",funding_perceptions,42.857,30.57,55.144
Model accuracy,income,"$168,000 or more",inst_trust_mean,47.924,43.764,52.083
Model accuracy,income,"$168,000 or more",newsletter_signup,0.238,0.056,0.42
Model accuracy,income,"$168,000 or more",policy_general,56.238,44.444,68.032
Model accuracy,income,"$168,000 or more",policy_role_mean,44.667,37.883,51.451
Model accuracy,income,"$168,000 or more",policy_specific_mean,49.823,45.413,54.233
Model accuracy,income,"$168,000 or more",trust_multidimensional,48.433,45.217,51.648
Model accuracy,income,"$168,000 or more",trust_post,57.429,46.286,68.572
Interview Prof. Sebille,income,"Less than $30,000",behavior_mean,49.447,44.63,54.265
Interview Prof. Sebille,income,"Less than $30,000",belief_post,45.211,32.41,58.011
Interview Prof. Sebille,income,"Less than $30,000",concern_mean,41.789,37.228,46.351
Interview Prof. Sebille,income,"Less than $30,000",distrust_post,42.421,28.407,56.435
Interview Prof. Sebille,income,"Less than $30,000",donation_ams,4.579,3.278,5.88
Interview Prof. Sebille,income,"Less than $30,000",funding_perceptions,52.632,42.832,62.431
Interview Prof. Sebille,income,"Less than $30,000",inst_trust_mean,47.579,42.101,53.057
Interview Prof. Sebille,income,"Less than $30,000",newsletter_signup,0.158,-0.006,0.322
Interview Prof. Sebille,income,"Less than $30,000",policy_general,46.632,35.22,58.043
Interview Prof. Sebille,income,"Less than $30,000",policy_role_mean,47.974,42.136,53.811
Interview Prof. Sebille,income,"Less than $30,000",policy_specific_mean,47.789,44.034,51.545
Interview Prof. Sebille,income,"Less than $30,000",trust_multidimensional,49.754,46.681,52.828
Interview Prof. Sebille,income,"Less than $30,000",trust_post,50.684,41.818,59.55
Interview Prof. Sebille,income,"$30,000 to $55,999",behavior_mean,53.396,47.098,59.694
Interview Prof. Sebille,income,"$30,000 to $55,999",belief_post,34.375,13.822,54.928
Interview Prof. Sebille,income,"$30,000 to $55,999",concern_mean,57.25,50.1,64.4
Interview Prof. Sebille,income,"$30,000 to $55,999",distrust_post,30.75,6.355,55.145
Interview Prof. Sebille,income,"$30,000 to $55,999",donation_ams,5.875,4.569,7.181
Interview Prof. Sebille,income,"$30,000 to $55,999",funding_perceptions,47.875,36.601,59.149
Interview Prof. Sebille,income,"$30,000 to $55,999",inst_trust_mean,47.875,38.028,57.722
Interview Prof. Sebille,income,"$30,000 to $55,999",newsletter_signup,0.25,-0.05,0.55
Interview Prof. Sebille,income,"$30,000 to $55,999",policy_general,58.125,37.464,78.786
Interview Prof. Sebille,income,"$30,000 to $55,999",policy_role_mean,50.594,41.983,59.204
Interview Prof. Sebille,income,"$30,000 to $55,999",policy_specific_mean,52.018,44.661,59.375
Interview Prof. Sebille,income,"$30,000 to $55,999",trust_multidimensional,55.333,46.27,64.397
Interview Prof. Sebille,income,"$30,000 to $55,999",trust_post,47.5,32.413,62.587
Interview Prof. Sebille,income,"$56,000 to $99,999",behavior_mean,50.417,44.309,56.524
Interview Prof. Sebille,income,"$56,000 to $99,999",belief_post,48,30.459,65.541
Interview Prof. Sebille,income,"$56,000 to $99,999",concern_mean,49.8,40.142,59.458
Interview Prof. Sebille,income,"$56,000 to $99,999",distrust_post,36.5,20.512,52.488
Interview Prof. Sebille,income,"$56,000 to $99,999",donation_ams,4.1,1.665,6.535
Interview Prof. Sebille,income,"$56,000 to $99,999",funding_perceptions,61.7,46.042,77.358
Interview Prof. Sebille,income,"$56,000 to $99,999",inst_trust_mean,50.26,45.088,55.432
Interview Prof. Sebille,income,"$56,000 to $99,999",newsletter_signup,0.1,-0.086,0.286
Interview Prof. Sebille,income,"$56,000 to $99,999",policy_general,42.4,25.771,59.029
Interview Prof. Sebille,income,"$56,000 to $99,999",policy_role_mean,40.325,34.484,46.166
Interview Prof. Sebille,income,"$56,000 to $99,999",policy_specific_mean,53.357,48.009,58.705
Interview Prof. Sebille,income,"$56,000 to $99,999",trust_multidimensional,48.283,40.455,56.112
Interview Prof. Sebille,income,"$56,000 to $99,999",trust_post,72.9,57.309,88.491
Interview Prof. Sebille,income,"$100,000 to $167,999",behavior_mean,46.033,43.141,48.926
Interview Prof. Sebille,income,"$100,000 to $167,999",belief_post,50,34.572,65.428
Interview Prof. Sebille,income,"$100,000 to $167,999",concern_mean,50.1,42.044,58.156
Interview Prof. Sebille,income,"$100,000 to $167,999",distrust_post,47.7,37.032,58.368
Interview Prof. Sebille,income,"$100,000 to $167,999",donation_ams,4.3,1.686,6.914
Interview Prof. Sebille,income,"$100,000 to $167,999",funding_perceptions,48.1,35.682,60.518
Interview Prof. Sebille,income,"$100,000 to $167,999",inst_trust_mean,50.92,42.823,59.017
Interview Prof. Sebille,income,"$100,000 to $167,999",newsletter_signup,0.1,-0.086,0.286
Interview Prof. Sebille,income,"$100,000 to $167,999",policy_general,54.7,39.885,69.515
Interview Prof. Sebille,income,"$100,000 to $167,999",policy_role_mean,54.625,46.649,62.601
Interview Prof. Sebille,income,"$100,000 to $167,999",policy_specific_mean,53.6,46.892,60.308
Interview Prof. Sebille,income,"$100,000 to $167,999",trust_multidimensional,48.542,44.169,52.914
Interview Prof. Sebille,income,"$100,000 to $167,999",trust_post,43.4,30.748,56.052
Interview Prof. Sebille,income,"$168,000 or more",behavior_mean,53.231,49.966,56.496
Interview Prof. Sebille,income,"$168,000 or more",belief_post,48.615,34.179,63.052
Interview Prof. Sebille,income,"$168,000 or more",concern_mean,52.897,44.186,61.609
Interview Prof. Sebille,income,"$168,000 or more",distrust_post,51.077,39.587,62.567
Interview Prof. Sebille,income,"$168,000 or more",donation_ams,4.462,2.946,5.977
Interview Prof. Sebille,income,"$168,000 or more",funding_perceptions,54.385,41.904,66.865
Interview Prof. Sebille,income,"$168,000 or more",inst_trust_mean,48.369,41.513,55.225
Interview Prof. Sebille,income,"$168,000 or more",newsletter_signup,0.231,0.002,0.46
Interview Prof. Sebille,income,"$168,000 or more",policy_general,51.462,34.93,67.993
Interview Prof. Sebille,income,"$168,000 or more",policy_role_mean,47.788,40.465,55.112
Interview Prof. Sebille,income,"$168,000 or more",policy_specific_mean,48.582,45.325,51.84
Interview Prof. Sebille,income,"$168,000 or more",trust_multidimensional,50.006,44.307,55.706
Interview Prof. Sebille,income,"$168,000 or more",trust_post,56.308,40.189,72.427
Extreme weather predictions,income,"Less than $30,000",behavior_mean,47.51,40.365,54.654
Extreme weather predictions,income,"Less than $30,000",belief_post,48.588,36.653,60.524
Extreme weather predictions,income,"Less than $30,000",concern_mean,52.765,45.73,59.799
Extreme weather predictions,income,"Less than $30,000",distrust_post,51.294,35.813,66.775
Extreme weather predictions,income,"Less than $30,000",donation_ams,5.471,3.884,7.057
Extreme weather predictions,income,"Less than $30,000",funding_perceptions,56.765,43.478,70.051
Extreme weather predictions,income,"Less than $30,000",inst_trust_mean,49.024,43.232,54.815
Extreme weather predictions,income,"Less than $30,000",newsletter_signup,0.118,-0.036,0.271
Extreme weather predictions,income,"Less than $30,000",policy_general,51,38.342,63.658
Extreme weather predictions,income,"Less than $30,000",policy_role_mean,53.265,47.691,58.839
Extreme weather predictions,income,"Less than $30,000",policy_specific_mean,49.025,43.445,54.605
Extreme weather predictions,income,"Less than $30,000",trust_multidimensional,52.353,48.886,55.819
Extreme weather predictions,income,"Less than $30,000",trust_post,48.235,37.12,59.35
Extreme weather predictions,income,"$30,000 to $55,999",behavior_mean,49.955,45.208,54.701
Extreme weather predictions,income,"$30,000 to $55,999",belief_post,65.364,49.806,80.921
Extreme weather predictions,income,"$30,000 to $55,999",concern_mean,51.455,44.284,58.625
Extreme weather predictions,income,"$30,000 to $55,999",distrust_post,61.091,49.993,72.189
Extreme weather predictions,income,"$30,000 to $55,999",donation_ams,4.727,2.546,6.908
Extreme weather predictions,income,"$30,000 to $55,999",funding_perceptions,54.636,40.544,68.729
Extreme weather predictions,income,"$30,000 to $55,999",inst_trust_mean,48.436,41.679,55.194
Extreme weather predictions,income,"$30,000 to $55,999",newsletter_signup,0.545,0.251,0.84
Extreme weather predictions,income,"$30,000 to $55,999",policy_general,43.182,30.235,56.129
Extreme weather predictions,income,"$30,000 to $55,999",policy_role_mean,56.159,47.965,64.353
Extreme weather predictions,income,"$30,000 to $55,999",policy_specific_mean,55.61,49.355,61.865
Extreme weather predictions,income,"$30,000 to $55,999",trust_multidimensional,45.758,42.855,48.66
Extreme weather predictions,income,"$30,000 to $55,999",trust_post,46.909,32.169,61.649
Extreme weather predictions,income,"$56,000 to $99,999",behavior_mean,49.217,43.233,55.2
Extreme weather predictions,income,"$56,000 to $99,999",belief_post,40.6,21.534,59.666
Extreme weather predictions,income,"$56,000 to $99,999",concern_mean,46.9,36.718,57.082
Extreme weather predictions,income,"$56,000 to $99,999",distrust_post,63.4,48.852,77.948
Extreme weather predictions,income,"$56,000 to $99,999",donation_ams,3.9,2.261,5.539
Extreme weather predictions,income,"$56,000 to $99,999",funding_perceptions,55,39.846,70.154
Extreme weather predictions,income,"$56,000 to $99,999",inst_trust_mean,52.5,45.846,59.154
Extreme weather predictions,income,"$56,000 to $99,999",newsletter_signup,0.2,-0.048,0.448
Extreme weather predictions,income,"$56,000 to $99,999",policy_general,43,26.343,59.657
Extreme weather predictions,income,"$56,000 to $99,999",policy_role_mean,53.625,46.772,60.478
Extreme weather predictions,income,"$56,000 to $99,999",policy_specific_mean,49.257,43.298,55.216
Extreme weather predictions,income,"$56,000 to $99,999",trust_multidimensional,48.942,45.494,52.39
Extreme weather predictions,income,"$56,000 to $99,999",trust_post,45.4,28.211,62.589
Extreme weather predictions,income,"$100,000 to $167,999",behavior_mean,55.217,49.159,61.274
Extreme weather predictions,income,"$100,000 to $167,999",belief_post,52.8,36.955,68.645
Extreme weather predictions,income,"$100,000 to $167,999",concern_mean,47.033,40.826,53.241
Extreme weather predictions,income,"$100,000 to $167,999",distrust_post,51.4,36.186,66.614
Extreme weather predictions,income,"$100,000 to $167,999",donation_ams,4.1,2.488,5.712
Extreme weather predictions,income,"$100,000 to $167,999",funding_perceptions,37.6,27.179,48.021
Extreme weather predictions,income,"$100,000 to $167,999",inst_trust_mean,42.1,34.959,49.241
Extreme weather predictions,income,"$100,000 to $167,999",newsletter_signup,0,0,0
Extreme weather predictions,income,"$100,000 to $167,999",policy_general,43.2,35.582,50.818
Extreme weather predictions,income,"$100,000 to $167,999",policy_role_mean,40.05,32.716,47.384
Extreme weather predictions,income,"$100,000 to $167,999",policy_specific_mean,49.857,42.468,57.246
Extreme weather predictions,income,"$100,000 to $167,999",trust_multidimensional,54.742,51.624,57.859
Extreme weather predictions,income,"$100,000 to $167,999",trust_post,54.9,38.099,71.701
Extreme weather predictions,income,"$168,000 or more",behavior_mean,48.514,42.379,54.649
Extreme weather predictions,income,"$168,000 or more",belief_post,54.583,44.818,64.349
Extreme weather predictions,income,"$168,000 or more",concern_mean,57.944,50.273,65.616
Extreme weather predictions,income,"$168,000 or more",distrust_post,60.417,50.494,70.339
Extreme weather predictions,income,"$168,000 or more",donation_ams,5.25,3.395,7.105
Extreme weather predictions,income,"$168,000 or more",funding_perceptions,41.583,27.342,55.825
Extreme weather predictions,income,"$168,000 or more",inst_trust_mean,49.467,40.739,58.194
Extreme weather predictions,income,"$168,000 or more",newsletter_signup,0.083,-0.073,0.24
Extreme weather predictions,income,"$168,000 or more",policy_general,49,35.022,62.978
Extreme weather predictions,income,"$168,000 or more",policy_role_mean,55.083,49.513,60.654
Extreme weather predictions,income,"$168,000 or more",policy_specific_mean,53.786,49.771,57.801
Extreme weather predictions,income,"$168,000 or more",trust_multidimensional,50.167,45.936,54.397
Extreme weather predictions,income,"$168,000 or more",trust_post,48.167,33.029,63.304
control,party,Republican,behavior_mean,45.315,37.192,53.438
control,party,Republican,belief_post,51.667,38.596,64.737
control,party,Republican,concern_mean,55.963,48.427,63.499
control,party,Republican,distrust_post,50.667,34.784,66.55
control,party,Republican,donation_ams,5.444,2.709,8.18
control,party,Republican,funding_perceptions,46.333,30.752,61.914
control,party,Republican,inst_trust_mean,45.289,39.357,51.221
control,party,Republican,newsletter_signup,0.333,0.025,0.641
control,party,Republican,policy_general,64.222,48.967,79.477
control,party,Republican,policy_role_mean,48.167,40.55,55.784
control,party,Republican,policy_specific_mean,50.714,44.633,56.795
control,party,Republican,trust_multidimensional,48.778,45.964,51.591
control,party,Republican,trust_post,52.111,38.672,65.55
control,party,Democrat,behavior_mean,47.351,41.989,52.713
control,party,Democrat,belief_post,52.947,40.549,65.346
control,party,Democrat,concern_mean,57.351,50.561,64.141
control,party,Democrat,distrust_post,62.737,51.157,74.317
control,party,Democrat,donation_ams,4.158,2.687,5.628
control,party,Democrat,funding_perceptions,52.421,42.335,62.507
control,party,Democrat,inst_trust_mean,44.432,38.23,50.634
control,party,Democrat,newsletter_signup,0.158,-0.006,0.322
control,party,Democrat,policy_general,37.316,24.524,50.108
control,party,Democrat,policy_role_mean,47.921,42.271,53.571
control,party,Democrat,policy_specific_mean,47.714,44.331,51.097
control,party,Democrat,trust_multidimensional,51.031,48.002,54.059
control,party,Democrat,trust_post,46.053,33.818,58.287
control,party,Independent,behavior_mean,52.595,46.118,59.072
control,party,Independent,belief_post,53.214,39.414,67.014
control,party,Independent,concern_mean,47.857,41.174,54.54
control,party,Independent,distrust_post,39.357,26.427,52.288
control,party,Independent,donation_ams,3.643,2.334,4.952
control,party,Independent,funding_perceptions,59.357,48.566,70.149
control,party,Independent,inst_trust_mean,46.971,41.222,52.721
control,party,Independent,newsletter_signup,0.071,-0.063,0.206
control,party,Independent,policy_general,45.357,33.51,57.204
control,party,Independent,policy_role_mean,52.071,45.898,58.245
control,party,Independent,policy_specific_mean,53.01,49.349,56.672
control,party,Independent,trust_multidimensional,50.167,45.867,54.466
control,party,Independent,trust_post,49.571,34.507,64.636
control,party,Other,behavior_mean,47.444,42.011,52.878
control,party,Other,belief_post,50.056,37.304,62.808
control,party,Other,concern_mean,51.481,45.318,57.645
control,party,Other,distrust_post,39.611,24.769,54.453
control,party,Other,donation_ams,5.5,3.836,7.164
control,party,Other,funding_perceptions,53.833,43.06,64.606
control,party,Other,inst_trust_mean,48.1,42.534,53.666
control,party,Other,newsletter_signup,0.167,-0.006,0.339
control,party,Other,policy_general,40.889,33.351,48.427
control,party,Other,policy_role_mean,50.347,44.689,56.006
control,party,Other,policy_specific_mean,52.429,47.704,57.153
control,party,Other,trust_multidimensional,51.361,49.146,53.577
control,party,Other,trust_post,59.611,47.981,71.241
Corporate reliance,party,Republican,behavior_mean,48.411,42.996,53.826
Corporate reliance,party,Republican,belief_post,50.333,34.13,66.536
Corporate reliance,party,Republican,concern_mean,49.622,39.093,60.152
Corporate reliance,party,Republican,distrust_post,51,36.654,65.346
Corporate reliance,party,Republican,donation_ams,5.333,3.819,6.848
Corporate reliance,party,Republican,funding_perceptions,57.733,45.991,69.475
Corporate reliance,party,Republican,inst_trust_mean,53.187,46.422,59.952
Corporate reliance,party,Republican,newsletter_signup,0.4,0.152,0.648
Corporate reliance,party,Republican,policy_general,43.267,30.436,56.097
Corporate reliance,party,Republican,policy_role_mean,51.2,43.773,58.627
Corporate reliance,party,Republican,policy_specific_mean,50.629,47.617,53.64
Corporate reliance,party,Republican,trust_multidimensional,50.972,47.882,54.063
Corporate reliance,party,Republican,trust_post,49.6,38.674,60.526
Corporate reliance,party,Democrat,behavior_mean,44.25,37.434,51.066
Corporate reliance,party,Democrat,belief_post,50.938,35.641,66.234
Corporate reliance,party,Democrat,concern_mean,51.646,43.616,59.676
Corporate reliance,party,Democrat,distrust_post,39.125,27.208,51.042
Corporate reliance,party,Democrat,donation_ams,4.938,3.512,6.363
Corporate reliance,party,Democrat,funding_perceptions,41,30.143,51.857
Corporate reliance,party,Democrat,inst_trust_mean,51.825,44.581,59.069
Corporate reliance,party,Democrat,newsletter_signup,0.312,0.085,0.54
Corporate reliance,party,Democrat,policy_general,51.938,37.46,66.415
Corporate reliance,party,Democrat,policy_role_mean,45.656,40.304,51.008
Corporate reliance,party,Democrat,policy_specific_mean,49.545,43.922,55.167
Corporate reliance,party,Democrat,trust_multidimensional,50.682,47.312,54.052
Corporate reliance,party,Democrat,trust_post,43.562,27.054,60.071
Corporate reliance,party,Independent,behavior_mean,46.583,41.08,52.086
Corporate reliance,party,Independent,belief_post,41.857,25.699,58.016
Corporate reliance,party,Independent,concern_mean,51.952,41.979,61.926
Corporate reliance,party,Independent,distrust_post,55.786,40.176,71.396
Corporate reliance,party,Independent,donation_ams,5.643,3.821,7.465
Corporate reliance,party,Independent,funding_perceptions,48.357,36.13,60.585
Corporate reliance,party,Independent,inst_trust_mean,53.371,47.443,59.3
Corporate reliance,party,Independent,newsletter_signup,0.357,0.106,0.608
Corporate reliance,party,Independent,policy_general,46.571,29.212,63.931
Corporate reliance,party,Independent,policy_role_mean,49.696,41.104,58.288
Corporate reliance,party,Independent,policy_specific_mean,47.622,40.233,55.012
Corporate reliance,party,Independent,trust_multidimensional,51.06,46.002,56.117
Corporate reliance,party,Independent,trust_post,48.786,35.095,62.477
Corporate reliance,party,Other,behavior_mean,52.022,47.375,56.669
Corporate reliance,party,Other,belief_post,41.733,26.217,57.25
Corporate reliance,party,Other,concern_mean,54.644,49.699,59.59
Corporate reliance,party,Other,distrust_post,37.933,23.254,52.612
Corporate reliance,party,Other,donation_ams,4.4,2.86,5.94
Corporate reliance,party,Other,funding_perceptions,48.8,35.045,62.555
Corporate reliance,party,Other,inst_trust_mean,50.853,44.772,56.934
Corporate reliance,party,Other,newsletter_signup,0.2,-0.002,0.402
Corporate reliance,party,Other,policy_general,54.867,44.369,65.364
Corporate reliance,party,Other,policy_role_mean,52.333,48.968,55.698
Corporate reliance,party,Other,policy_specific_mean,49.619,45.481,53.757
Corporate reliance,party,Other,trust_multidimensional,48.917,46.686,51.147
Corporate reliance,party,Other,trust_post,45.467,34.203,56.731
Social justice,party,Republican,behavior_mean,52.773,47.618,57.928
Social justice,party,Republican,belief_post,43,21.375,64.625
Social justice,party,Republican,concern_mean,51.152,45.213,57.09
Social justice,party,Republican,distrust_post,49.909,32.019,67.8
Social justice,party,Republican,donation_ams,4,2.058,5.942
Social justice,party,Republican,funding_perceptions,41.455,31.238,51.671
Social justice,party,Republican,inst_trust_mean,48.8,43.498,54.102
Social justice,party,Republican,newsletter_signup,0.273,0.01,0.536
Social justice,party,Republican,policy_general,53.364,32.774,73.953
Social justice,party,Republican,policy_role_mean,53.432,44.047,62.816
Social justice,party,Republican,policy_specific_mean,47.26,43.543,50.976
Social justice,party,Republican,trust_multidimensional,50.788,46.353,55.223
Social justice,party,Republican,trust_post,62.182,54.615,69.749
Social justice,party,Democrat,behavior_mean,52.033,46.505,57.561
Social justice,party,Democrat,belief_post,64.333,49.862,78.804
Social justice,party,Democrat,concern_mean,50.978,44.541,57.414
Social justice,party,Democrat,distrust_post,51.467,38.08,64.853
Social justice,party,Democrat,donation_ams,4.267,2.991,5.542
Social justice,party,Democrat,funding_perceptions,42.067,25.734,58.4
Social justice,party,Democrat,inst_trust_mean,53.68,49.548,57.812
Social justice,party,Democrat,newsletter_signup,0.2,-0.002,0.402
Social justice,party,Democrat,policy_general,48.667,34.562,62.771
Social justice,party,Democrat,policy_role_mean,48.7,42.534,54.866
Social justice,party,Democrat,policy_specific_mean,50.105,46.795,53.414
Social justice,party,Democrat,trust_multidimensional,53.467,50.01,56.924
Social justice,party,Democrat,trust_post,55.867,43.53,68.203
Social justice,party,Independent,behavior_mean,49.522,44.187,54.856
Social justice,party,Independent,belief_post,44.957,34.494,55.419
Social justice,party,Independent,concern_mean,47.739,41.396,54.082
Social justice,party,Independent,distrust_post,51,41.453,60.547
Social justice,party,Independent,donation_ams,4.826,3.536,6.116
Social justice,party,Independent,funding_perceptions,50.739,41.263,60.216
Social justice,party,Independent,inst_trust_mean,47.852,42.869,52.835
Social justice,party,Independent,newsletter_signup,0.174,0.019,0.329
Social justice,party,Independent,policy_general,55.478,44.973,65.983
Social justice,party,Independent,policy_role_mean,46.196,41.007,51.384
Social justice,party,Independent,policy_specific_mean,50.286,46.007,54.565
Social justice,party,Independent,trust_multidimensional,51.072,48.081,54.064
Social justice,party,Independent,trust_post,46,31.401,60.599
Social justice,party,Other,behavior_mean,45.864,40.267,51.461
Social justice,party,Other,belief_post,46,31.283,60.717
Social justice,party,Other,concern_mean,47.424,39.787,55.062
Social justice,party,Other,distrust_post,51.818,40.402,63.234
Social justice,party,Other,donation_ams,5.818,3.791,7.845
Social justice,party,Other,funding_perceptions,54.636,40.443,68.83
Social justice,party,Other,inst_trust_mean,47.182,37.726,56.638
Social justice,party,Other,newsletter_signup,0.182,-0.046,0.41
Social justice,party,Other,policy_general,53.182,42.042,64.322
Social justice,party,Other,policy_role_mean,50.136,44.452,55.821
Social justice,party,Other,policy_specific_mean,49.597,43.773,55.422
Social justice,party,Other,trust_multidimensional,53.311,48.714,57.907
Social justice,party,Other,trust_post,45,25.929,64.071
Interview Prof. Maraun,party,Republican,behavior_mean,46.961,41.969,51.952
Interview Prof. Maraun,party,Republican,belief_post,52.059,38.988,65.13
Interview Prof. Maraun,party,Republican,concern_mean,45.51,37.812,53.207
Interview Prof. Maraun,party,Republican,distrust_post,55.353,42.925,67.781
Interview Prof. Maraun,party,Republican,donation_ams,4.647,3.036,6.259
Interview Prof. Maraun,party,Republican,funding_perceptions,43.765,29.33,58.2
Interview Prof. Maraun,party,Republican,inst_trust_mean,55.082,49.645,60.52
Interview Prof. Maraun,party,Republican,newsletter_signup,0.176,-0.005,0.358
Interview Prof. Maraun,party,Republican,policy_general,38.294,23.682,52.906
Interview Prof. Maraun,party,Republican,policy_role_mean,50.103,46.135,54.071
Interview Prof. Maraun,party,Republican,policy_specific_mean,52.79,48.285,57.295
Interview Prof. Maraun,party,Republican,trust_multidimensional,50.534,47.092,53.976
Interview Prof. Maraun,party,Republican,trust_post,51.588,38.775,64.401
Interview Prof. Maraun,party,Democrat,behavior_mean,49.333,42.51,56.157
Interview Prof. Maraun,party,Democrat,belief_post,63.333,51.823,74.844
Interview Prof. Maraun,party,Democrat,concern_mean,49.778,41.233,58.322
Interview Prof. Maraun,party,Democrat,distrust_post,55.917,45.333,66.5
Interview Prof. Maraun,party,Democrat,donation_ams,5.583,3.921,7.245
Interview Prof. Maraun,party,Democrat,funding_perceptions,55.833,42.549,69.118
Interview Prof. Maraun,party,Democrat,inst_trust_mean,50.183,42.771,57.595
Interview Prof. Maraun,party,Democrat,newsletter_signup,0.333,0.067,0.6
Interview Prof. Maraun,party,Democrat,policy_general,52,38.225,65.775
Interview Prof. Maraun,party,Democrat,policy_role_mean,56.625,50.564,62.686
Interview Prof. Maraun,party,Democrat,policy_specific_mean,51.429,46.921,55.936
Interview Prof. Maraun,party,Democrat,trust_multidimensional,49.035,44.487,53.583
Interview Prof. Maraun,party,Democrat,trust_post,56.083,38.293,73.874
Interview Prof. Maraun,party,Independent,behavior_mean,55.146,50.243,60.048
Interview Prof. Maraun,party,Independent,belief_post,45,32.55,57.45
Interview Prof. Maraun,party,Independent,concern_mean,52.917,46.757,59.076
Interview Prof. Maraun,party,Independent,distrust_post,42.062,27.165,56.96
Interview Prof. Maraun,party,Independent,donation_ams,5.562,3.973,7.152
Interview Prof. Maraun,party,Independent,funding_perceptions,48.625,31.661,65.589
Interview Prof. Maraun,party,Independent,inst_trust_mean,54.075,48.353,59.797
Interview Prof. Maraun,party,Independent,newsletter_signup,0.062,-0.056,0.181
Interview Prof. Maraun,party,Independent,policy_general,57.812,45.715,69.91
Interview Prof. Maraun,party,Independent,policy_role_mean,49.766,42.963,56.568
Interview Prof. Maraun,party,Independent,policy_specific_mean,47.893,44.136,51.649
Interview Prof. Maraun,party,Independent,trust_multidimensional,53.448,49.659,57.237
Interview Prof. Maraun,party,Independent,trust_post,42.688,30.789,54.586
Interview Prof. Maraun,party,Other,behavior_mean,53.422,48.158,58.686
Interview Prof. Maraun,party,Other,belief_post,49.467,35.818,63.116
Interview Prof. Maraun,party,Other,concern_mean,50.733,43.624,57.843
Interview Prof. Maraun,party,Other,distrust_post,52.467,36.299,68.635
Interview Prof. Maraun,party,Other,donation_ams,4.533,2.824,6.243
Interview Prof. Maraun,party,Other,funding_perceptions,55.8,44.868,66.732
Interview Prof. Maraun,party,Other,inst_trust_mean,50.173,43.871,56.476
Interview Prof. Maraun,party,Other,newsletter_signup,0.133,-0.039,0.305
Interview Prof. Maraun,party,Other,policy_general,56.067,41.936,70.197
Interview Prof. Maraun,party,Other,policy_role_mean,47.2,41.049,53.351
Interview Prof. Maraun,party,Other,policy_specific_mean,47.543,41.43,53.656
Interview Prof. Maraun,party,Other,trust_multidimensional,48.722,46.262,51.182
Interview Prof. Maraun,party,Other,trust_post,40.8,28.899,52.701
Funding,party,Republican,behavior_mean,48.452,43.898,53.007
Funding,party,Republican,belief_post,51.429,38.634,64.223
Funding,party,Republican,concern_mean,49.738,42.335,57.141
Funding,party,Republican,distrust_post,55.857,43.356,68.358
Funding,party,Republican,donation_ams,5.5,3.809,7.191
Funding,party,Republican,funding_perceptions,62.857,52.832,72.883
Funding,party,Republican,inst_trust_mean,46.929,38.923,54.935
Funding,party,Republican,newsletter_signup,0.214,-0.001,0.429
Funding,party,Republican,policy_general,63.5,50.298,76.702
Funding,party,Republican,policy_role_mean,47.143,39.123,55.162
Funding,party,Republican,policy_specific_mean,48.041,43.092,52.99
Funding,party,Republican,trust_multidimensional,54.018,49.692,58.344
Funding,party,Republican,trust_post,48.857,33.387,64.327
Funding,party,Democrat,behavior_mean,48.458,44.259,52.658
Funding,party,Democrat,belief_post,56.625,44.398,68.852
Funding,party,Democrat,concern_mean,48.306,41.918,54.693
Funding,party,Democrat,distrust_post,57.5,48.895,66.105
Funding,party,Democrat,donation_ams,5.083,3.813,6.354
Funding,party,Democrat,funding_perceptions,49.292,38.209,60.374
Funding,party,Democrat,inst_trust_mean,50.667,46.015,55.318
Funding,party,Democrat,newsletter_signup,0.208,0.046,0.371
Funding,party,Democrat,policy_general,43.708,32.153,55.264
Funding,party,Democrat,policy_role_mean,50.042,45.117,54.966
Funding,party,Democrat,policy_specific_mean,51.744,47.705,55.783
Funding,party,Democrat,trust_multidimensional,51.542,48.066,55.017
Funding,party,Democrat,trust_post,42.708,30.54,54.876
Funding,party,Independent,behavior_mean,52.931,49.425,56.436
Funding,party,Independent,belief_post,45.25,29.457,61.043
Funding,party,Independent,concern_mean,49.111,41.349,56.873
Funding,party,Independent,distrust_post,43.333,28.072,58.594
Funding,party,Independent,donation_ams,5.917,3.739,8.094
Funding,party,Independent,funding_perceptions,45.25,28.913,61.587
Funding,party,Independent,inst_trust_mean,45.2,39.108,51.292
Funding,party,Independent,newsletter_signup,0.083,-0.073,0.24
Funding,party,Independent,policy_general,44.667,25.266,64.067
Funding,party,Independent,policy_role_mean,57.938,50.795,65.08
Funding,party,Independent,policy_specific_mean,48.833,43.86,53.807
Funding,party,Independent,trust_multidimensional,50.007,46.822,53.192
Funding,party,Independent,trust_post,52,36.837,67.163
Funding,party,Other,behavior_mean,53.383,48.597,58.17
Funding,party,Other,belief_post,62.3,50.235,74.365
Funding,party,Other,concern_mean,49.733,40.443,59.023
Funding,party,Other,distrust_post,54.9,38.438,71.362
Funding,party,Other,donation_ams,5.2,2.759,7.641
Funding,party,Other,funding_perceptions,56.6,38.676,74.524
Funding,party,Other,inst_trust_mean,49.4,42.412,56.388
Funding,party,Other,newsletter_signup,0.3,0.016,0.584
Funding,party,Other,policy_general,41.6,27.55,55.65
Funding,party,Other,policy_role_mean,48,39.816,56.184
Funding,party,Other,policy_specific_mean,55.329,49.936,60.722
Funding,party,Other,trust_multidimensional,53.367,47.135,59.599
Funding,party,Other,trust_post,57,41.567,72.433
Oil industry misinformation,party,Republican,behavior_mean,53,44.691,61.309
Oil industry misinformation,party,Republican,belief_post,47,32.665,61.335
Oil industry misinformation,party,Republican,concern_mean,50.9,43.629,58.171
Oil industry misinformation,party,Republican,distrust_post,52.9,35.397,70.403
Oil industry misinformation,party,Republican,donation_ams,3.9,2.088,5.712
Oil industry misinformation,party,Republican,funding_perceptions,45.5,30.739,60.261
Oil industry misinformation,party,Republican,inst_trust_mean,49.08,43.329,54.831
Oil industry misinformation,party,Republican,newsletter_signup,0.1,-0.086,0.286
Oil industry misinformation,party,Republican,policy_general,49,28.789,69.211
Oil industry misinformation,party,Republican,policy_role_mean,51.575,44.078,59.072
Oil industry misinformation,party,Republican,policy_specific_mean,48.843,44.974,52.712
Oil industry misinformation,party,Republican,trust_multidimensional,50.05,45.086,55.014
Oil industry misinformation,party,Republican,trust_post,53.2,40.627,65.773
Oil industry misinformation,party,Democrat,behavior_mean,48.7,44.767,52.633
Oil industry misinformation,party,Democrat,belief_post,48.5,36.597,60.403
Oil industry misinformation,party,Democrat,concern_mean,56.167,49.784,62.549
Oil industry misinformation,party,Democrat,distrust_post,63.7,51.935,75.465
Oil industry misinformation,party,Democrat,donation_ams,4.4,3.215,5.585
Oil industry misinformation,party,Democrat,funding_perceptions,47.25,35.981,58.519
Oil industry misinformation,party,Democrat,inst_trust_mean,47.76,43.187,52.333
Oil industry misinformation,party,Democrat,newsletter_signup,0.25,0.06,0.44
Oil industry misinformation,party,Democrat,policy_general,45.45,32.31,58.59
Oil industry misinformation,party,Democrat,policy_role_mean,50.688,44.049,57.326
Oil industry misinformation,party,Democrat,policy_specific_mean,53.064,48.737,57.391
Oil industry misinformation,party,Democrat,trust_multidimensional,48.279,45.281,51.277
Oil industry misinformation,party,Democrat,trust_post,48,34.227,61.773
Oil industry misinformation,party,Independent,behavior_mean,48.1,43.314,52.886
Oil industry misinformation,party,Independent,belief_post,42.2,23.28,61.12
Oil industry misinformation,party,Independent,concern_mean,45.111,35.041,55.181
Oil industry misinformation,party,Independent,distrust_post,56.333,46.426,66.24
Oil industry misinformation,party,Independent,donation_ams,5.2,3.466,6.934
Oil industry misinformation,party,Independent,funding_perceptions,48.2,34.867,61.533
Oil industry misinformation,party,Independent,inst_trust_mean,45.413,39.951,50.876
Oil industry misinformation,party,Independent,newsletter_signup,0,0,0
Oil industry misinformation,party,Independent,policy_general,47.533,34.159,60.907
Oil industry misinformation,party,Independent,policy_role_mean,40.233,35.883,44.584
Oil industry misinformation,party,Independent,policy_specific_mean,47.057,42.948,51.166
Oil industry misinformation,party,Independent,trust_multidimensional,44.95,41.827,48.073
Oil industry misinformation,party,Independent,trust_post,49.667,42.819,56.514
Oil industry misinformation,party,Other,behavior_mean,44.267,40.491,48.042
Oil industry misinformation,party,Other,belief_post,51.6,36.95,66.25
Oil industry misinformation,party,Other,concern_mean,47.556,40.458,54.653
Oil industry misinformation,party,Other,distrust_post,52.267,36.814,67.719
Oil industry misinformation,party,Other,donation_ams,4.6,2.991,6.209
Oil industry misinformation,party,Other,funding_perceptions,56.667,43.805,69.529
Oil industry misinformation,party,Other,inst_trust_mean,45.133,38.541,51.725
Oil industry misinformation,party,Other,newsletter_signup,0.2,-0.002,0.402
Oil industry misinformation,party,Other,policy_general,54.267,40.506,68.027
Oil industry misinformation,party,Other,policy_role_mean,48.033,42.559,53.508
Oil industry misinformation,party,Other,policy_specific_mean,50.229,44.134,56.323
Oil industry misinformation,party,Other,trust_multidimensional,49.45,45.838,53.062
Oil industry misinformation,party,Other,trust_post,47.333,33.983,60.684
Measurement & modeling (1),party,Republican,behavior_mean,46.405,42.593,50.216
Measurement & modeling (1),party,Republican,belief_post,45.5,34.221,56.779
Measurement & modeling (1),party,Republican,concern_mean,50.381,44.195,56.566
Measurement & modeling (1),party,Republican,distrust_post,51.357,37.503,65.211
Measurement & modeling (1),party,Republican,donation_ams,5.357,3.771,6.943
Measurement & modeling (1),party,Republican,funding_perceptions,56.071,41.117,71.026
Measurement & modeling (1),party,Republican,inst_trust_mean,49.943,43.563,56.323
Measurement & modeling (1),party,Republican,newsletter_signup,0.5,0.238,0.762
Measurement & modeling (1),party,Republican,policy_general,58.857,51.424,66.29
Measurement & modeling (1),party,Republican,policy_role_mean,52.75,43.774,61.726
Measurement & modeling (1),party,Republican,policy_specific_mean,57.592,52.423,62.76
Measurement & modeling (1),party,Republican,trust_multidimensional,45.476,41.647,49.305
Measurement & modeling (1),party,Republican,trust_post,44.857,29.892,59.822
Measurement & modeling (1),party,Democrat,behavior_mean,47.456,43.05,51.862
Measurement & modeling (1),party,Democrat,belief_post,53.632,44.149,63.114
Measurement & modeling (1),party,Democrat,concern_mean,42.842,37.136,48.548
Measurement & modeling (1),party,Democrat,distrust_post,51.579,40.994,62.164
Measurement & modeling (1),party,Democrat,donation_ams,5.474,4.018,6.93
Measurement & modeling (1),party,Democrat,funding_perceptions,49.474,36.067,62.88
Measurement & modeling (1),party,Democrat,inst_trust_mean,48.063,42.316,53.811
Measurement & modeling (1),party,Democrat,newsletter_signup,0.158,-0.006,0.322
Measurement & modeling (1),party,Democrat,policy_general,46.579,33.376,59.782
Measurement & modeling (1),party,Democrat,policy_role_mean,47.776,40.463,55.09
Measurement & modeling (1),party,Democrat,policy_specific_mean,53.323,48.62,58.026
Measurement & modeling (1),party,Democrat,trust_multidimensional,52.259,48.977,55.541
Measurement & modeling (1),party,Democrat,trust_post,52.474,37.818,67.129
Measurement & modeling (1),party,Independent,behavior_mean,49.324,44.38,54.268
Measurement & modeling (1),party,Independent,belief_post,45.778,37.194,54.362
Measurement & modeling (1),party,Independent,concern_mean,52.963,45.789,60.137
Measurement & modeling (1),party,Independent,distrust_post,49.056,36.929,61.182
Measurement & modeling (1),party,Independent,donation_ams,6.333,4.872,7.794
Measurement & modeling (1),party,Independent,funding_perceptions,40.667,30.087,51.247
Measurement & modeling (1),party,Independent,inst_trust_mean,50.611,45.548,55.675
Measurement & modeling (1),party,Independent,newsletter_signup,0.222,0.03,0.414
Measurement & modeling (1),party,Independent,policy_general,45.944,33.664,58.225
Measurement & modeling (1),party,Independent,policy_role_mean,46.278,39.489,53.066
Measurement & modeling (1),party,Independent,policy_specific_mean,46.159,41.583,50.735
Measurement & modeling (1),party,Independent,trust_multidimensional,48.088,45.079,51.096
Measurement & modeling (1),party,Independent,trust_post,44.5,32.011,56.989
Measurement & modeling (1),party,Other,behavior_mean,47.389,41.387,53.39
Measurement & modeling (1),party,Other,belief_post,52.667,39.922,65.411
Measurement & modeling (1),party,Other,concern_mean,53.148,43.847,62.449
Measurement & modeling (1),party,Other,distrust_post,54.889,37.531,72.247
Measurement & modeling (1),party,Other,donation_ams,7.333,5.267,9.399
Measurement & modeling (1),party,Other,funding_perceptions,36.667,22.16,51.173
Measurement & modeling (1),party,Other,inst_trust_mean,49.644,40.41,58.879
Measurement & modeling (1),party,Other,newsletter_signup,0.333,0.025,0.641
Measurement & modeling (1),party,Other,policy_general,60.556,37.579,83.532
Measurement & modeling (1),party,Other,policy_role_mean,47.639,41.178,54.099
Measurement & modeling (1),party,Other,policy_specific_mean,49.476,45.715,53.237
Measurement & modeling (1),party,Other,trust_multidimensional,46.306,41.207,51.404
Measurement & modeling (1),party,Other,trust_post,44.556,31.354,57.757
Former skeptics,party,Republican,behavior_mean,46.361,39.943,52.779
Former skeptics,party,Republican,belief_post,49.417,34.276,64.557
Former skeptics,party,Republican,concern_mean,46.389,37.432,55.345
Former skeptics,party,Republican,distrust_post,50.5,36.425,64.575
Former skeptics,party,Republican,donation_ams,5,3.294,6.706
Former skeptics,party,Republican,funding_perceptions,31.083,21.876,40.291
Former skeptics,party,Republican,inst_trust_mean,56.117,48.171,64.063
Former skeptics,party,Republican,newsletter_signup,0.417,0.138,0.696
Former skeptics,party,Republican,policy_general,46.75,31.733,61.767
Former skeptics,party,Republican,policy_role_mean,51.729,45.868,57.591
Former skeptics,party,Republican,policy_specific_mean,47.905,42.649,53.16
Former skeptics,party,Republican,trust_multidimensional,51.132,46.048,56.216
Former skeptics,party,Republican,trust_post,52.333,40.714,63.952
Former skeptics,party,Democrat,behavior_mean,48.343,43.495,53.192
Former skeptics,party,Democrat,belief_post,51.647,40.595,62.699
Former skeptics,party,Democrat,concern_mean,47.549,41.876,53.222
Former skeptics,party,Democrat,distrust_post,47.647,34.346,60.948
Former skeptics,party,Democrat,donation_ams,5.353,3.551,7.155
Former skeptics,party,Democrat,funding_perceptions,51.588,37.363,65.814
Former skeptics,party,Democrat,inst_trust_mean,47.647,43.612,51.682
Former skeptics,party,Democrat,newsletter_signup,0.176,-0.005,0.358
Former skeptics,party,Democrat,policy_general,46.118,31.758,60.477
Former skeptics,party,Democrat,policy_role_mean,44.779,39.143,50.416
Former skeptics,party,Democrat,policy_specific_mean,48.538,44.528,52.548
Former skeptics,party,Democrat,trust_multidimensional,49.73,46.524,52.937
Former skeptics,party,Democrat,trust_post,59.353,44.642,74.063
Former skeptics,party,Independent,behavior_mean,49.867,43.476,56.257
Former skeptics,party,Independent,belief_post,46.8,29.942,63.658
Former skeptics,party,Independent,concern_mean,47.533,35.678,59.389
Former skeptics,party,Independent,distrust_post,44.2,25.786,62.614
Former skeptics,party,Independent,donation_ams,5.2,2.998,7.402
Former skeptics,party,Independent,funding_perceptions,45.1,26.631,63.569
Former skeptics,party,Independent,inst_trust_mean,49.9,43.883,55.917
Former skeptics,party,Independent,newsletter_signup,0.2,-0.048,0.448
Former skeptics,party,Independent,policy_general,54.8,35.802,73.798
Former skeptics,party,Independent,policy_role_mean,47.4,39.178,55.622
Former skeptics,party,Independent,policy_specific_mean,43.543,39.054,48.031
Former skeptics,party,Independent,trust_multidimensional,47.4,42.861,51.939
Former skeptics,party,Independent,trust_post,52,37.07,66.93
Former skeptics,party,Other,behavior_mean,53.841,48.769,58.913
Former skeptics,party,Other,belief_post,49,36.782,61.218
Former skeptics,party,Other,concern_mean,50.413,43.524,57.302
Former skeptics,party,Other,distrust_post,48.476,37.3,59.652
Former skeptics,party,Other,donation_ams,5.286,3.866,6.705
Former skeptics,party,Other,funding_perceptions,46,33.683,58.317
Former skeptics,party,Other,inst_trust_mean,51.429,45.877,56.98
Former skeptics,party,Other,newsletter_signup,0.19,0.023,0.358
Former skeptics,party,Other,policy_general,59.857,48.482,71.232
Former skeptics,party,Other,policy_role_mean,51.583,45.775,57.391
Former skeptics,party,Other,policy_specific_mean,52.905,49.088,56.721
Former skeptics,party,Other,trust_multidimensional,49.012,46.419,51.605
Former skeptics,party,Other,trust_post,49.143,37.883,60.402
High public trust,party,Republican,behavior_mean,47.686,41.765,53.608
High public trust,party,Republican,belief_post,57.176,45.332,69.021
High public trust,party,Republican,concern_mean,51.412,44.384,58.44
High public trust,party,Republican,distrust_post,50,36.083,63.917
High public trust,party,Republican,donation_ams,6.353,5.142,7.564
High public trust,party,Republican,funding_perceptions,49.353,38.047,60.659
High public trust,party,Republican,inst_trust_mean,48.776,43.6,53.953
High public trust,party,Republican,newsletter_signup,0.294,0.078,0.511
High public trust,party,Republican,policy_general,56.882,42.844,70.921
High public trust,party,Republican,policy_role_mean,48.368,41.376,55.359
High public trust,party,Republican,policy_specific_mean,50.504,46.221,54.787
High public trust,party,Republican,trust_multidimensional,47.99,43.196,52.784
High public trust,party,Republican,trust_post,53.882,39.453,68.312
High public trust,party,Democrat,behavior_mean,46.583,40.421,52.746
High public trust,party,Democrat,belief_post,54.375,43.025,65.725
High public trust,party,Democrat,concern_mean,56,46.156,65.844
High public trust,party,Democrat,distrust_post,44.75,31.315,58.185
High public trust,party,Democrat,donation_ams,3.75,2.145,5.355
High public trust,party,Democrat,funding_perceptions,46.438,31.855,61.02
High public trust,party,Democrat,inst_trust_mean,51.05,45.449,56.651
High public trust,party,Democrat,newsletter_signup,0.25,0.038,0.462
High public trust,party,Democrat,policy_general,46.438,35.391,57.484
High public trust,party,Democrat,policy_role_mean,47.344,39.398,55.29
High public trust,party,Democrat,policy_specific_mean,52.464,47.454,57.475
High public trust,party,Democrat,trust_multidimensional,49.849,45.781,53.917
High public trust,party,Democrat,trust_post,52.125,38.032,66.218
High public trust,party,Independent,behavior_mean,51.083,46.762,55.405
High public trust,party,Independent,belief_post,57.125,45.01,69.24
High public trust,party,Independent,concern_mean,50.688,43.909,57.466
High public trust,party,Independent,distrust_post,57.938,46.203,69.672
High public trust,party,Independent,donation_ams,4.188,2.984,5.391
High public trust,party,Independent,funding_perceptions,54.375,41.501,67.249
High public trust,party,Independent,inst_trust_mean,53.175,46.728,59.622
High public trust,party,Independent,newsletter_signup,0.188,-0.004,0.379
High public trust,party,Independent,policy_general,58.312,43.36,73.265
High public trust,party,Independent,policy_role_mean,51.062,45.604,56.521
High public trust,party,Independent,policy_specific_mean,53.25,48.171,58.329
High public trust,party,Independent,trust_multidimensional,50.245,47.091,53.398
High public trust,party,Independent,trust_post,55.375,43.867,66.883
High public trust,party,Other,behavior_mean,51.348,45.384,57.313
High public trust,party,Other,belief_post,55.818,43.21,68.426
High public trust,party,Other,concern_mean,50.455,40.869,60.04
High public trust,party,Other,distrust_post,61.182,48.786,73.577
High public trust,party,Other,donation_ams,5.364,3.75,6.977
High public trust,party,Other,funding_perceptions,49.545,33.769,65.322
High public trust,party,Other,inst_trust_mean,50.691,41.957,59.425
High public trust,party,Other,newsletter_signup,0.455,0.16,0.749
High public trust,party,Other,policy_general,56.545,43.657,69.434
High public trust,party,Other,policy_role_mean,46.432,39.361,53.503
High public trust,party,Other,policy_specific_mean,48.675,44.096,53.254
High public trust,party,Other,trust_multidimensional,49.568,45.294,53.842
High public trust,party,Other,trust_post,47.727,36.636,58.818
Measurement & modeling (2),party,Republican,behavior_mean,51.406,46.136,56.677
Measurement & modeling (2),party,Republican,belief_post,47.062,34.788,59.337
Measurement & modeling (2),party,Republican,concern_mean,50.667,42.398,58.935
Measurement & modeling (2),party,Republican,distrust_post,51.625,40.257,62.993
Measurement & modeling (2),party,Republican,donation_ams,4.062,2.626,5.499
Measurement & modeling (2),party,Republican,funding_perceptions,50.438,38.921,61.954
Measurement & modeling (2),party,Republican,inst_trust_mean,51.65,44.492,58.808
Measurement & modeling (2),party,Republican,newsletter_signup,0.188,-0.004,0.379
Measurement & modeling (2),party,Republican,policy_general,54.562,43.974,65.151
Measurement & modeling (2),party,Republican,policy_role_mean,47.344,38.403,56.284
Measurement & modeling (2),party,Republican,policy_specific_mean,51.25,44.475,58.025
Measurement & modeling (2),party,Republican,trust_multidimensional,50.969,46.283,55.655
Measurement & modeling (2),party,Republican,trust_post,39.125,28.022,50.228
Measurement & modeling (2),party,Democrat,behavior_mean,50.478,45.52,55.436
Measurement & modeling (2),party,Democrat,belief_post,54,38.61,69.39
Measurement & modeling (2),party,Democrat,concern_mean,43.4,38.646,48.154
Measurement & modeling (2),party,Democrat,distrust_post,50.6,36.366,64.834
Measurement & modeling (2),party,Democrat,donation_ams,5.133,3.351,6.916
Measurement & modeling (2),party,Democrat,funding_perceptions,56.133,41.399,70.868
Measurement & modeling (2),party,Democrat,inst_trust_mean,54.52,47.505,61.535
Measurement & modeling (2),party,Democrat,newsletter_signup,0.267,0.043,0.49
Measurement & modeling (2),party,Democrat,policy_general,50.667,39.164,62.17
Measurement & modeling (2),party,Democrat,policy_role_mean,53.717,46.447,60.986
Measurement & modeling (2),party,Democrat,policy_specific_mean,48.867,43.163,54.571
Measurement & modeling (2),party,Democrat,trust_multidimensional,47.711,43.913,51.51
Measurement & modeling (2),party,Democrat,trust_post,58.333,40.374,76.293
Measurement & modeling (2),party,Independent,behavior_mean,55.486,45.536,65.436
Measurement & modeling (2),party,Independent,belief_post,48,34.172,61.828
Measurement & modeling (2),party,Independent,concern_mean,49.25,40.973,57.527
Measurement & modeling (2),party,Independent,distrust_post,60.167,48.484,71.849
Measurement & modeling (2),party,Independent,donation_ams,5,2.911,7.089
Measurement & modeling (2),party,Independent,funding_perceptions,53,33.151,72.849
Measurement & modeling (2),party,Independent,inst_trust_mean,55.533,48.378,62.689
Measurement & modeling (2),party,Independent,newsletter_signup,0.167,-0.044,0.378
Measurement & modeling (2),party,Independent,policy_general,51.833,38.197,65.47
Measurement & modeling (2),party,Independent,policy_role_mean,48.021,40.185,55.857
Measurement & modeling (2),party,Independent,policy_specific_mean,51.298,46.368,56.227
Measurement & modeling (2),party,Independent,trust_multidimensional,49.792,46.264,53.319
Measurement & modeling (2),party,Independent,trust_post,59.5,38.436,80.564
Measurement & modeling (2),party,Other,behavior_mean,48.461,44.981,51.941
Measurement & modeling (2),party,Other,belief_post,46.471,34.502,58.439
Measurement & modeling (2),party,Other,concern_mean,47.804,40.905,54.703
Measurement & modeling (2),party,Other,distrust_post,45.294,33.605,56.983
Measurement & modeling (2),party,Other,donation_ams,5.647,4.324,6.97
Measurement & modeling (2),party,Other,funding_perceptions,41.529,29.958,53.101
Measurement & modeling (2),party,Other,inst_trust_mean,52.824,47.162,58.485
Measurement & modeling (2),party,Other,newsletter_signup,0.176,-0.005,0.358
Measurement & modeling (2),party,Other,policy_general,50.647,38.51,62.784
Measurement & modeling (2),party,Other,policy_role_mean,50.176,43.282,57.071
Measurement & modeling (2),party,Other,policy_specific_mean,50.269,44.834,55.704
Measurement & modeling (2),party,Other,trust_multidimensional,49.377,46.559,52.196
Measurement & modeling (2),party,Other,trust_post,67.471,56.894,78.047
Peer-review,party,Republican,behavior_mean,51.077,46.381,55.772
Peer-review,party,Republican,belief_post,52.538,39.563,65.514
Peer-review,party,Republican,concern_mean,48.026,38.582,57.47
Peer-review,party,Republican,distrust_post,53,40.676,65.324
Peer-review,party,Republican,donation_ams,4.923,2.732,7.114
Peer-review,party,Republican,funding_perceptions,45.385,32.567,58.202
Peer-review,party,Republican,inst_trust_mean,46.892,42.418,51.367
Peer-review,party,Republican,newsletter_signup,0.077,-0.068,0.222
Peer-review,party,Republican,policy_general,40.538,24.574,56.503
Peer-review,party,Republican,policy_role_mean,45.231,39.47,50.991
Peer-review,party,Republican,policy_specific_mean,45.846,38.405,53.287
Peer-review,party,Republican,trust_multidimensional,50.545,47.102,53.988
Peer-review,party,Republican,trust_post,51.769,37.218,66.32
Peer-review,party,Democrat,behavior_mean,49.631,41.455,57.807
Peer-review,party,Democrat,belief_post,53.714,36.507,70.921
Peer-review,party,Democrat,concern_mean,44.095,35.281,52.909
Peer-review,party,Democrat,distrust_post,38.786,26.87,50.701
Peer-review,party,Democrat,donation_ams,4.357,2.631,6.084
Peer-review,party,Democrat,funding_perceptions,43.143,27.642,58.644
Peer-review,party,Democrat,inst_trust_mean,54.843,48.86,60.826
Peer-review,party,Democrat,newsletter_signup,0.357,0.106,0.608
Peer-review,party,Democrat,policy_general,46.214,34.971,57.457
Peer-review,party,Democrat,policy_role_mean,50.232,44.117,56.347
Peer-review,party,Democrat,policy_specific_mean,48.204,42.118,54.29
Peer-review,party,Democrat,trust_multidimensional,51.72,48.261,55.179
Peer-review,party,Democrat,trust_post,37.714,24.123,51.305
Peer-review,party,Independent,behavior_mean,52.153,45.981,58.324
Peer-review,party,Independent,belief_post,52,37.151,66.849
Peer-review,party,Independent,concern_mean,43.528,33.482,53.574
Peer-review,party,Independent,distrust_post,61.917,48.453,75.381
Peer-review,party,Independent,donation_ams,5,2.897,7.103
Peer-review,party,Independent,funding_perceptions,45.5,29.699,61.301
Peer-review,party,Independent,inst_trust_mean,46.617,40.254,52.979
Peer-review,party,Independent,newsletter_signup,0.333,0.067,0.6
Peer-review,party,Independent,policy_general,52.25,40.055,64.445
Peer-review,party,Independent,policy_role_mean,56.667,52.412,60.921
Peer-review,party,Independent,policy_specific_mean,50.655,47.028,54.281
Peer-review,party,Independent,trust_multidimensional,50.708,46.346,55.07
Peer-review,party,Independent,trust_post,61.667,50.753,72.58
Peer-review,party,Other,behavior_mean,47.349,43.237,51.461
Peer-review,party,Other,belief_post,46.143,35.195,57.091
Peer-review,party,Other,concern_mean,47.857,39.351,56.363
Peer-review,party,Other,distrust_post,42.238,29.796,54.681
Peer-review,party,Other,donation_ams,4.857,3.183,6.532
Peer-review,party,Other,funding_perceptions,51.952,41.239,62.666
Peer-review,party,Other,inst_trust_mean,48.219,44.832,51.606
Peer-review,party,Other,newsletter_signup,0.19,0.023,0.358
Peer-review,party,Other,policy_general,45.048,34.459,55.637
Peer-review,party,Other,policy_role_mean,44.262,38.121,50.403
Peer-review,party,Other,policy_specific_mean,48.116,43.624,52.607
Peer-review,party,Other,trust_multidimensional,50.333,47.704,52.962
Peer-review,party,Other,trust_post,40.952,30.227,51.678
Scientist community helpers,party,Republican,behavior_mean,52.033,47.067,56.999
Scientist community helpers,party,Republican,belief_post,49.467,34.734,64.2
Scientist community helpers,party,Republican,concern_mean,47.333,40.686,53.981
Scientist community helpers,party,Republican,distrust_post,47.933,35.73,60.137
Scientist community helpers,party,Republican,donation_ams,7.133,5.678,8.588
Scientist community helpers,party,Republican,funding_perceptions,51.467,37.523,65.41
Scientist community helpers,party,Republican,inst_trust_mean,50.28,44.683,55.877
Scientist community helpers,party,Republican,newsletter_signup,0.2,-0.002,0.402
Scientist community helpers,party,Republican,policy_general,43.067,28.975,57.158
Scientist community helpers,party,Republican,policy_role_mean,48.45,40.46,56.44
Scientist community helpers,party,Republican,policy_specific_mean,51.362,45.385,57.338
Scientist community helpers,party,Republican,trust_multidimensional,53.244,47.97,58.519
Scientist community helpers,party,Republican,trust_post,61,51.019,70.981
Scientist community helpers,party,Democrat,behavior_mean,53.657,50.372,56.942
Scientist community helpers,party,Democrat,belief_post,34,22.436,45.564
Scientist community helpers,party,Democrat,concern_mean,50.241,41.572,58.909
Scientist community helpers,party,Democrat,distrust_post,52.111,39.284,64.938
Scientist community helpers,party,Democrat,donation_ams,5.444,3.874,7.015
Scientist community helpers,party,Democrat,funding_perceptions,55.444,43.181,67.707
Scientist community helpers,party,Democrat,inst_trust_mean,50.789,44.707,56.871
Scientist community helpers,party,Democrat,newsletter_signup,0.111,-0.034,0.256
Scientist community helpers,party,Democrat,policy_general,46.778,32.765,60.791
Scientist community helpers,party,Democrat,policy_role_mean,54.111,48.202,60.02
Scientist community helpers,party,Democrat,policy_specific_mean,47.468,43.133,51.803
Scientist community helpers,party,Democrat,trust_multidimensional,49.694,45.896,53.493
Scientist community helpers,party,Democrat,trust_post,48.056,35.709,60.402
Scientist community helpers,party,Independent,behavior_mean,52.024,47.751,56.297
Scientist community helpers,party,Independent,belief_post,45.429,32.777,58.08
Scientist community helpers,party,Independent,concern_mean,45.857,39.892,51.822
Scientist community helpers,party,Independent,distrust_post,54.143,41.118,67.168
Scientist community helpers,party,Independent,donation_ams,3.786,1.935,5.637
Scientist community helpers,party,Independent,funding_perceptions,48.857,33.526,64.188
Scientist community helpers,party,Independent,inst_trust_mean,48.214,41.831,54.598
Scientist community helpers,party,Independent,newsletter_signup,0.214,-0.001,0.429
Scientist community helpers,party,Independent,policy_general,52.857,46.062,59.653
Scientist community helpers,party,Independent,policy_role_mean,46.286,38.73,53.841
Scientist community helpers,party,Independent,policy_specific_mean,49.612,42.673,56.552
Scientist community helpers,party,Independent,trust_multidimensional,50.756,45.456,56.056
Scientist community helpers,party,Independent,trust_post,54.929,40.359,69.498
Scientist community helpers,party,Other,behavior_mean,47.962,41.083,54.84
Scientist community helpers,party,Other,belief_post,60.615,46.961,74.27
Scientist community helpers,party,Other,concern_mean,44.359,34.386,54.332
Scientist community helpers,party,Other,distrust_post,43.308,30.706,55.909
Scientist community helpers,party,Other,donation_ams,4.462,3.082,5.841
Scientist community helpers,party,Other,funding_perceptions,51.077,34.49,67.664
Scientist community helpers,party,Other,inst_trust_mean,48.954,43.761,54.147
Scientist community helpers,party,Other,newsletter_signup,0.308,0.057,0.559
Scientist community helpers,party,Other,policy_general,59.769,46.175,73.363
Scientist community helpers,party,Other,policy_role_mean,54.096,47.04,61.152
Scientist community helpers,party,Other,policy_specific_mean,50.989,46.894,55.084
Scientist community helpers,party,Other,trust_multidimensional,45.782,41.379,50.185
Scientist community helpers,party,Other,trust_post,52.615,39.893,65.338
Consensus,party,Republican,behavior_mean,51.135,46.622,55.648
Consensus,party,Republican,belief_post,51.75,40.836,62.664
Consensus,party,Republican,concern_mean,51.167,45.561,56.772
Consensus,party,Republican,distrust_post,38.062,23.901,52.224
Consensus,party,Republican,donation_ams,4.938,3.404,6.471
Consensus,party,Republican,funding_perceptions,45.75,33.055,58.445
Consensus,party,Republican,inst_trust_mean,52.737,46.048,59.427
Consensus,party,Republican,newsletter_signup,0.438,0.194,0.681
Consensus,party,Republican,policy_general,43.5,32.44,54.56
Consensus,party,Republican,policy_role_mean,45.734,40.125,51.343
Consensus,party,Republican,policy_specific_mean,51.938,47.148,56.727
Consensus,party,Republican,trust_multidimensional,51.854,48.196,55.513
Consensus,party,Republican,trust_post,58.188,47.713,68.662
Consensus,party,Democrat,behavior_mean,48.298,42.724,53.871
Consensus,party,Democrat,belief_post,56.643,48.14,65.146
Consensus,party,Democrat,concern_mean,46.429,36.272,56.585
Consensus,party,Democrat,distrust_post,32.429,21.236,43.622
Consensus,party,Democrat,donation_ams,5.071,3.612,6.531
Consensus,party,Democrat,funding_perceptions,45.929,33.837,58.02
Consensus,party,Democrat,inst_trust_mean,53.157,46.676,59.638
Consensus,party,Democrat,newsletter_signup,0.143,-0.04,0.326
Consensus,party,Democrat,policy_general,40.071,26.582,53.561
Consensus,party,Democrat,policy_role_mean,49.196,43.049,55.344
Consensus,party,Democrat,policy_specific_mean,55.571,51.14,60.003
Consensus,party,Democrat,trust_multidimensional,50.089,44.944,55.234
Consensus,party,Democrat,trust_post,58.5,45.201,71.799
Consensus,party,Independent,behavior_mean,52.216,45.205,59.226
Consensus,party,Independent,belief_post,54.529,41.38,67.679
Consensus,party,Independent,concern_mean,45.137,38.265,52.009
Consensus,party,Independent,distrust_post,50.176,38.17,62.183
Consensus,party,Independent,donation_ams,4.471,3.342,5.599
Consensus,party,Independent,funding_perceptions,48.941,36.667,61.215
Consensus,party,Independent,inst_trust_mean,44.188,38.348,50.028
Consensus,party,Independent,newsletter_signup,0.118,-0.036,0.271
Consensus,party,Independent,policy_general,55.059,39.634,70.483
Consensus,party,Independent,policy_role_mean,47.971,42.238,53.703
Consensus,party,Independent,policy_specific_mean,47.193,44.325,50.062
Consensus,party,Independent,trust_multidimensional,56.093,52.944,59.242
Consensus,party,Independent,trust_post,46.059,35.105,57.012
Consensus,party,Other,behavior_mean,51.744,46.289,57.198
Consensus,party,Other,belief_post,56.692,43.785,69.599
Consensus,party,Other,concern_mean,49.564,41.777,57.351
Consensus,party,Other,distrust_post,57.769,47.551,67.988
Consensus,party,Other,donation_ams,6.308,4.513,8.102
Consensus,party,Other,funding_perceptions,35,19.828,50.172
Consensus,party,Other,inst_trust_mean,48.923,43.714,54.133
Consensus,party,Other,newsletter_signup,0.154,-0.042,0.35
Consensus,party,Other,policy_general,45.846,32.398,59.294
Consensus,party,Other,policy_role_mean,48.788,38.22,59.357
Consensus,party,Other,policy_specific_mean,51.33,46.124,56.535
Consensus,party,Other,trust_multidimensional,48.372,44.771,51.973
Consensus,party,Other,trust_post,45.462,30.157,60.766
Portrait Prof. Cherry,party,Republican,behavior_mean,48.192,42.964,53.421
Portrait Prof. Cherry,party,Republican,belief_post,46.308,34.399,58.216
Portrait Prof. Cherry,party,Republican,concern_mean,45.359,36.242,54.476
Portrait Prof. Cherry,party,Republican,distrust_post,59.154,45.085,73.223
Portrait Prof. Cherry,party,Republican,donation_ams,5,3.065,6.935
Portrait Prof. Cherry,party,Republican,funding_perceptions,47.846,38.939,56.753
Portrait Prof. Cherry,party,Republican,inst_trust_mean,42.4,36.044,48.756
Portrait Prof. Cherry,party,Republican,newsletter_signup,0.154,-0.042,0.35
Portrait Prof. Cherry,party,Republican,policy_general,48.462,34.735,62.188
Portrait Prof. Cherry,party,Republican,policy_role_mean,45.635,37.153,54.116
Portrait Prof. Cherry,party,Republican,policy_specific_mean,47.923,42.221,53.625
Portrait Prof. Cherry,party,Republican,trust_multidimensional,49.429,45.545,53.314
Portrait Prof. Cherry,party,Republican,trust_post,41.538,27.991,55.086
Portrait Prof. Cherry,party,Democrat,behavior_mean,51.155,45.579,56.73
Portrait Prof. Cherry,party,Democrat,belief_post,59.429,47.406,71.451
Portrait Prof. Cherry,party,Democrat,concern_mean,45.286,38.191,52.381
Portrait Prof. Cherry,party,Democrat,distrust_post,44.857,33.619,56.096
Portrait Prof. Cherry,party,Democrat,donation_ams,4.929,2.869,6.988
Portrait Prof. Cherry,party,Democrat,funding_perceptions,55.429,42.97,67.887
Portrait Prof. Cherry,party,Democrat,inst_trust_mean,56.071,51.603,60.54
Portrait Prof. Cherry,party,Democrat,newsletter_signup,0.214,-0.001,0.429
Portrait Prof. Cherry,party,Democrat,policy_general,55.071,39.353,70.79
Portrait Prof. Cherry,party,Democrat,policy_role_mean,49.589,41.244,57.934
Portrait Prof. Cherry,party,Democrat,policy_specific_mean,51.276,46.075,56.476
Portrait Prof. Cherry,party,Democrat,trust_multidimensional,48.143,45.027,51.259
Portrait Prof. Cherry,party,Democrat,trust_post,45.786,31.676,59.896
Portrait Prof. Cherry,party,Independent,behavior_mean,51.867,46.198,57.535
Portrait Prof. Cherry,party,Independent,belief_post,56.2,46.064,66.336
Portrait Prof. Cherry,party,Independent,concern_mean,55.267,49.13,61.403
Portrait Prof. Cherry,party,Independent,distrust_post,41.733,29.097,54.37
Portrait Prof. Cherry,party,Independent,donation_ams,6.933,5.561,8.306
Portrait Prof. Cherry,party,Independent,funding_perceptions,49.8,35.409,64.191
Portrait Prof. Cherry,party,Independent,inst_trust_mean,47.28,41.166,53.394
Portrait Prof. Cherry,party,Independent,newsletter_signup,0.067,-0.06,0.193
Portrait Prof. Cherry,party,Independent,policy_general,39.933,25.322,54.545
Portrait Prof. Cherry,party,Independent,policy_role_mean,48.65,40.542,56.758
Portrait Prof. Cherry,party,Independent,policy_specific_mean,50.095,44.747,55.444
Portrait Prof. Cherry,party,Independent,trust_multidimensional,49.167,44.782,53.551
Portrait Prof. Cherry,party,Independent,trust_post,41.867,27.811,55.922
Portrait Prof. Cherry,party,Other,behavior_mean,47.593,43.877,51.308
Portrait Prof. Cherry,party,Other,belief_post,55.889,43.098,68.68
Portrait Prof. Cherry,party,Other,concern_mean,52.093,46.068,58.117
Portrait Prof. Cherry,party,Other,distrust_post,44.556,32.135,56.976
Portrait Prof. Cherry,party,Other,donation_ams,4.611,3.201,6.021
Portrait Prof. Cherry,party,Other,funding_perceptions,34.5,25.525,43.475
Portrait Prof. Cherry,party,Other,inst_trust_mean,47.733,41.842,53.625
Portrait Prof. Cherry,party,Other,newsletter_signup,0.389,0.164,0.614
Portrait Prof. Cherry,party,Other,policy_general,65.278,54.234,76.322
Portrait Prof. Cherry,party,Other,policy_role_mean,46.597,40.551,52.643
Portrait Prof. Cherry,party,Other,policy_specific_mean,50.317,44.858,55.777
Portrait Prof. Cherry,party,Other,trust_multidimensional,49.236,45.722,52.75
Portrait Prof. Cherry,party,Other,trust_post,51.333,40.635,62.031
Model accuracy,party,Republican,behavior_mean,54.074,48.965,59.183
Model accuracy,party,Republican,belief_post,41,30.404,51.596
Model accuracy,party,Republican,concern_mean,49.481,42.719,56.244
Model accuracy,party,Republican,distrust_post,55.111,40.79,69.432
Model accuracy,party,Republican,donation_ams,4.278,2.889,5.666
Model accuracy,party,Republican,funding_perceptions,45.111,31.831,58.391
Model accuracy,party,Republican,inst_trust_mean,49.711,43.503,55.919
Model accuracy,party,Republican,newsletter_signup,0.444,0.215,0.674
Model accuracy,party,Republican,policy_general,52.167,40.891,63.442
Model accuracy,party,Republican,policy_role_mean,48.347,42.139,54.556
Model accuracy,party,Republican,policy_specific_mean,48.921,44.781,53.06
Model accuracy,party,Republican,trust_multidimensional,51.69,48.107,55.273
Model accuracy,party,Republican,trust_post,44,31.012,56.988
Model accuracy,party,Democrat,behavior_mean,53.964,49.248,58.681
Model accuracy,party,Democrat,belief_post,44.5,29.509,59.491
Model accuracy,party,Democrat,concern_mean,47.881,40.989,54.773
Model accuracy,party,Democrat,distrust_post,57.214,44.881,69.548
Model accuracy,party,Democrat,donation_ams,5.286,3.599,6.973
Model accuracy,party,Democrat,funding_perceptions,40,27.413,52.587
Model accuracy,party,Democrat,inst_trust_mean,46.843,42.527,51.158
Model accuracy,party,Democrat,newsletter_signup,0.071,-0.063,0.206
Model accuracy,party,Democrat,policy_general,57.571,43.752,71.391
Model accuracy,party,Democrat,policy_role_mean,46.482,40.079,52.886
Model accuracy,party,Democrat,policy_specific_mean,52.582,46.596,58.567
Model accuracy,party,Democrat,trust_multidimensional,48.875,45.987,51.763
Model accuracy,party,Democrat,trust_post,51.286,39.35,63.221
Model accuracy,party,Independent,behavior_mean,45.405,35.216,55.593
Model accuracy,party,Independent,belief_post,43.571,37.663,49.48
Model accuracy,party,Independent,concern_mean,55.429,43.315,67.542
Model accuracy,party,Independent,distrust_post,56.429,33.128,79.729
Model accuracy,party,Independent,donation_ams,5.143,2.986,7.3
Model accuracy,party,Independent,funding_perceptions,41.714,16.293,67.136
Model accuracy,party,Independent,inst_trust_mean,48.657,39.321,57.993
Model accuracy,party,Independent,newsletter_signup,0.143,-0.116,0.402
Model accuracy,party,Independent,policy_general,51.571,24.606,78.537
Model accuracy,party,Independent,policy_role_mean,52,40.003,63.997
Model accuracy,party,Independent,policy_specific_mean,47.49,39.696,55.284
Model accuracy,party,Independent,trust_multidimensional,48.095,41.792,54.399
Model accuracy,party,Independent,trust_post,47.571,32.116,63.027
Model accuracy,party,Other,behavior_mean,51.063,45.216,56.911
Model accuracy,party,Other,belief_post,48.524,38.391,58.657
Model accuracy,party,Other,concern_mean,56.048,49.479,62.617
Model accuracy,party,Other,distrust_post,48.619,37.995,59.243
Model accuracy,party,Other,donation_ams,4.381,2.921,5.841
Model accuracy,party,Other,funding_perceptions,51.524,40.961,62.086
Model accuracy,party,Other,inst_trust_mean,51.248,46.412,56.083
Model accuracy,party,Other,newsletter_signup,0.19,0.023,0.358
Model accuracy,party,Other,policy_general,36.429,25.411,47.446
Model accuracy,party,Other,policy_role_mean,43.56,36.843,50.277
Model accuracy,party,Other,policy_specific_mean,50.857,46.564,55.15
Model accuracy,party,Other,trust_multidimensional,49.889,46.68,53.098
Model accuracy,party,Other,trust_post,47.429,35.455,59.403
Interview Prof. Sebille,party,Republican,behavior_mean,51.333,46.023,56.644
Interview Prof. Sebille,party,Republican,belief_post,51.143,35.474,66.812
Interview Prof. Sebille,party,Republican,concern_mean,45.833,40.529,51.138
Interview Prof. Sebille,party,Republican,distrust_post,43.071,26.59,59.553
Interview Prof. Sebille,party,Republican,donation_ams,5.5,3.532,7.468
Interview Prof. Sebille,party,Republican,funding_perceptions,52.071,40.902,63.241
Interview Prof. Sebille,party,Republican,inst_trust_mean,48.171,39.482,56.861
Interview Prof. Sebille,party,Republican,newsletter_signup,0.071,-0.063,0.206
Interview Prof. Sebille,party,Republican,policy_general,47.571,36.89,58.253
Interview Prof. Sebille,party,Republican,policy_role_mean,45.393,38.912,51.874
Interview Prof. Sebille,party,Republican,policy_specific_mean,49.694,46.003,53.385
Interview Prof. Sebille,party,Republican,trust_multidimensional,47.042,42.472,51.611
Interview Prof. Sebille,party,Republican,trust_post,56.143,42.778,69.507
Interview Prof. Sebille,party,Democrat,behavior_mean,52.758,48.172,57.343
Interview Prof. Sebille,party,Democrat,belief_post,42.818,23.902,61.734
Interview Prof. Sebille,party,Democrat,concern_mean,48.303,41.151,55.455
Interview Prof. Sebille,party,Democrat,distrust_post,37.182,19.455,54.908
Interview Prof. Sebille,party,Democrat,donation_ams,3.909,2.187,5.631
Interview Prof. Sebille,party,Democrat,funding_perceptions,46.091,37.501,54.681
Interview Prof. Sebille,party,Democrat,inst_trust_mean,48.382,43.452,53.311
Interview Prof. Sebille,party,Democrat,newsletter_signup,0.091,-0.079,0.261
Interview Prof. Sebille,party,Democrat,policy_general,39.182,22.071,56.293
Interview Prof. Sebille,party,Democrat,policy_role_mean,50.955,44.164,57.745
Interview Prof. Sebille,party,Democrat,policy_specific_mean,48.117,43.912,52.321
Interview Prof. Sebille,party,Democrat,trust_multidimensional,48.939,42.755,55.124
Interview Prof. Sebille,party,Democrat,trust_post,50.091,40.19,59.992
Interview Prof. Sebille,party,Independent,behavior_mean,49.389,45.357,53.42
Interview Prof. Sebille,party,Independent,belief_post,37.222,29.206,45.239
Interview Prof. Sebille,party,Independent,concern_mean,46.556,40.942,52.17
Interview Prof. Sebille,party,Independent,distrust_post,48.722,36.998,60.447
Interview Prof. Sebille,party,Independent,donation_ams,4.778,3.356,6.2
Interview Prof. Sebille,party,Independent,funding_perceptions,51.833,40.19,63.477
Interview Prof. Sebille,party,Independent,inst_trust_mean,49,44.092,53.908
Interview Prof. Sebille,party,Independent,newsletter_signup,0.111,-0.034,0.256
Interview Prof. Sebille,party,Independent,policy_general,58.222,46.109,70.335
Interview Prof. Sebille,party,Independent,policy_role_mean,45.597,40.031,51.163
Interview Prof. Sebille,party,Independent,policy_specific_mean,51.587,46.404,56.771
Interview Prof. Sebille,party,Independent,trust_multidimensional,53.12,48.388,57.853
Interview Prof. Sebille,party,Independent,trust_post,48.222,36.608,59.837
Interview Prof. Sebille,party,Other,behavior_mean,49.127,45.047,53.208
Interview Prof. Sebille,party,Other,belief_post,52.294,38.315,66.273
Interview Prof. Sebille,party,Other,concern_mean,54.569,46.128,63.009
Interview Prof. Sebille,party,Other,distrust_post,39.353,28.16,50.546
Interview Prof. Sebille,party,Other,donation_ams,4.118,2.743,5.492
Interview Prof. Sebille,party,Other,funding_perceptions,59.941,49.917,69.966
Interview Prof. Sebille,party,Other,inst_trust_mean,49.353,43.965,54.741
Interview Prof. Sebille,party,Other,newsletter_signup,0.353,0.126,0.58
Interview Prof. Sebille,party,Other,policy_general,49.765,35.683,63.846
Interview Prof. Sebille,party,Other,policy_role_mean,51.191,44.243,58.139
Interview Prof. Sebille,party,Other,policy_specific_mean,51.277,47.18,55.374
Interview Prof. Sebille,party,Other,trust_multidimensional,50.191,45.838,54.544
Interview Prof. Sebille,party,Other,trust_post,60.765,47.747,73.783
Extreme weather predictions,party,Republican,behavior_mean,50.333,43.638,57.029
Extreme weather predictions,party,Republican,belief_post,48.789,39.003,58.576
Extreme weather predictions,party,Republican,concern_mean,52.982,46.537,59.428
Extreme weather predictions,party,Republican,distrust_post,58.211,47.404,69.017
Extreme weather predictions,party,Republican,donation_ams,5.684,4.2,7.168
Extreme weather predictions,party,Republican,funding_perceptions,47.737,38.318,57.156
Extreme weather predictions,party,Republican,inst_trust_mean,46.579,40.279,52.879
Extreme weather predictions,party,Republican,newsletter_signup,0.105,-0.033,0.243
Extreme weather predictions,party,Republican,policy_general,48.421,38.01,58.832
Extreme weather predictions,party,Republican,policy_role_mean,49.039,43.73,54.349
Extreme weather predictions,party,Republican,policy_specific_mean,52.113,47.151,57.075
Extreme weather predictions,party,Republican,trust_multidimensional,50.061,47.117,53.006
Extreme weather predictions,party,Republican,trust_post,51,38.847,63.153
Extreme weather predictions,party,Democrat,behavior_mean,50.441,45.963,54.919
Extreme weather predictions,party,Democrat,belief_post,47.941,34.536,61.346
Extreme weather predictions,party,Democrat,concern_mean,50.882,43.919,57.846
Extreme weather predictions,party,Democrat,distrust_post,46.529,34.817,58.241
Extreme weather predictions,party,Democrat,donation_ams,4.118,2.634,5.601
Extreme weather predictions,party,Democrat,funding_perceptions,53.824,40.968,66.679
Extreme weather predictions,party,Democrat,inst_trust_mean,50.106,44.01,56.202
Extreme weather predictions,party,Democrat,newsletter_signup,0.294,0.078,0.511
Extreme weather predictions,party,Democrat,policy_general,37.765,28.543,46.986
Extreme weather predictions,party,Democrat,policy_role_mean,52.088,46.617,57.559
Extreme weather predictions,party,Democrat,policy_specific_mean,51.202,47.074,55.33
Extreme weather predictions,party,Democrat,trust_multidimensional,52.069,49.153,54.984
Extreme weather predictions,party,Democrat,trust_post,44.471,33.397,55.544
Extreme weather predictions,party,Independent,behavior_mean,46.846,41.327,52.366
Extreme weather predictions,party,Independent,belief_post,63.077,51.045,75.109
Extreme weather predictions,party,Independent,concern_mean,49.564,41.172,57.956
Extreme weather predictions,party,Independent,distrust_post,64.462,51.859,77.064
Extreme weather predictions,party,Independent,donation_ams,5.615,4.007,7.224
Extreme weather predictions,party,Independent,funding_perceptions,53.077,37.946,68.208
Extreme weather predictions,party,Independent,inst_trust_mean,46.985,40.096,53.873
Extreme weather predictions,party,Independent,newsletter_signup,0,0,0
Extreme weather predictions,party,Independent,policy_general,44.308,29.872,58.744
Extreme weather predictions,party,Independent,policy_role_mean,49.596,42.587,56.605
Extreme weather predictions,party,Independent,policy_specific_mean,51.956,45.696,58.216
Extreme weather predictions,party,Independent,trust_multidimensional,51.782,47.763,55.801
Extreme weather predictions,party,Independent,trust_post,49,37.732,60.268
Extreme weather predictions,party,Other,behavior_mean,50.985,45.478,56.491
Extreme weather predictions,party,Other,belief_post,52,34.232,69.768
Extreme weather predictions,party,Other,concern_mean,52.879,46.521,59.236
Extreme weather predictions,party,Other,distrust_post,62,47.036,76.964
Extreme weather predictions,party,Other,donation_ams,3.364,1.816,4.911
Extreme weather predictions,party,Other,funding_perceptions,43.545,28.012,59.079
Extreme weather predictions,party,Other,inst_trust_mean,50.745,45.376,56.115
Extreme weather predictions,party,Other,newsletter_signup,0.364,0.079,0.648
Extreme weather predictions,party,Other,policy_general,59.455,47.517,71.392
Extreme weather predictions,party,Other,policy_role_mean,59.909,52.022,67.796
Extreme weather predictions,party,Other,policy_specific_mean,49.61,42.67,56.551
Extreme weather predictions,party,Other,trust_multidimensional,47.515,43.212,51.818
Extreme weather predictions,party,Other,trust_post,50.455,32.253,68.656
